result,table,_start,_stop,_time,_measurement,sensor,session_id,anomaly_score,if_score,is_anomaly,lstm_error,kill_chain_stage,mitre_tactic,mitre_technique_id,mitre_technique_name,protocol,purdue_level
_result,0,2026-07-23 17:02:48+00:00,2026-07-23 22:48:25.083254+00:00,2026-07-23 17:04:56.762320+00:00,security_metrics,ml_engine,e07fec3b,0.37116655730811243,0.37116655730811243,0,0.02327911928296089,,,,,,
_result,0,2026-07-23 17:02:48+00:00,2026-07-23 22:48:25.083254+00:00,2026-07-23 17:05:11.883095+00:00,security_metrics,ml_engine,e07fec3b,0.38559462795754856,0.38559462795754856,0,0.02298755943775177,,,,,,
_result,0,2026-07-23 17:02:48+00:00,2026-07-23 22:48:25.083254+00:00,2026-07-23 17:05:27.023319+00:00,security_metrics,ml_engine,e07fec3b,0.37384793150397067,0.37384793150397067,0,0.023051314055919647,,,,,,
_result,0,2026-07-23 17:02:48+00:00,2026-07-23 22:48:25.083254+00:00,2026-07-23 17:05:42.185071+00:00,security_metrics,ml_engine,e07fec3b,0.36871387417232654,0.36871387417232654,0,0.023036964237689972,,,,,,
_result,0,2026-07-23 17:02:48+00:00,2026-07-23 22:48:25.083254+00:00,2026-07-23 17:05:57.352358+00:00,security_metrics,ml_engine,e07fec3b,0.30367942384828017,0.30367942384828017,0,0.023063061758875847,,,,,,
_result,0,2026-07-23 17:02:48+00:00,2026-07-23 22:48:25.083254+00:00,2026-07-23 17:06:12.519429+00:00,security_metrics,ml_engine,e07fec3b,0.3845722363636059,0.3845722363636059,0,0.02304270677268505,,,,,,
_result,0,2026-07-23 17:02:48+00:00,2026-07-23 22:48:25.083254+00:00,2026-07-23 17:06:27.692800+00:00,security_metrics,ml_engine,e07fec3b,0.39228370879000146,0.39228370879000146,0,0.02335456572473049,,,,,,
_result,0,2026-07-23 17:02:48+00:00,2026-07-23 22:48:25.083254+00:00,2026-07-23 17:06:42.867596+00:00,security_metrics,ml_engine,e07fec3b,0.32233008002682423,0.32233008002682423,0,0.023338863626122475,,,,,,
_result,0,2026-07-23 17:02:48+00:00,2026-07-23 22:48:25.083254+00:00,2026-07-23 17:06:58.047004+00:00,security_metrics,ml_engine,e07fec3b,0.2852012125900347,0.2852012125900347,0,0.023386718705296516,,,,,,
_result,0,2026-07-23 17:02:48+00:00,2026-07-23 22:48:25.083254+00:00,2026-07-23 17:07:13.225327+00:00,security_metrics,ml_engine,e07fec3b,0.32468186264935167,0.32468186264935167,0,0.023159075528383255,,,,,,
_result,0,2026-07-23 17:02:48+00:00,2026-07-23 22:48:25.083254+00:00,2026-07-23 17:07:28.411969+00:00,security_metrics,ml_engine,e07fec3b,0.38398861745954127,0.38398861745954127,0,0.022974664345383644,,,,,,
_result,0,2026-07-23 17:02:48+00:00,2026-07-23 22:48:25.083254+00:00,2026-07-23 17:07:43.600047+00:00,security_metrics,ml_engine,e07fec3b,0.34674593354639044,0.34674593354639044,0,0.022779235616326332,,,,,,
_result,0,2026-07-23 17:02:48+00:00,2026-07-23 22:48:25.083254+00:00,2026-07-23 17:07:58.789320+00:00,security_metrics,ml_engine,e07fec3b,0.3602901108734457,0.3602901108734457,0,0.02286645397543907,,,,,,
_result,0,2026-07-23 17:02:48+00:00,2026-07-23 22:48:25.083254+00:00,2026-07-23 17:08:13.983872+00:00,security_metrics,ml_engine,e07fec3b,0.30614095533342894,0.30614095533342894,0,0.023187793791294098,,,,,,
_result,0,2026-07-23 17:02:48+00:00,2026-07-23 22:48:25.083254+00:00,2026-07-23 17:08:29.180284+00:00,security_metrics,ml_engine,e07fec3b,0.3502706283988595,0.3502706283988595,0,0.02286073938012123,,,,,,
_result,0,2026-07-23 17:02:48+00:00,2026-07-23 22:48:25.083254+00:00,2026-07-23 17:08:44.383047+00:00,security_metrics,ml_engine,e07fec3b,0.30879387899006333,0.30879387899006333,0,0.02343338541686535,,,,,,
_result,0,2026-07-23 17:02:48+00:00,2026-07-23 22:48:25.083254+00:00,2026-07-23 17:08:59.592276+00:00,security_metrics,ml_engine,e07fec3b,0.3576520511252946,0.3576520511252946,0,0.0229964442551136,,,,,,
_result,0,2026-07-23 17:02:48+00:00,2026-07-23 22:48:25.083254+00:00,2026-07-23 17:09:14.798435+00:00,security_metrics,ml_engine,e07fec3b,0.38964556121301286,0.38964556121301286,0,0.022554276511073112,,,,,,
_result,0,2026-07-23 17:02:48+00:00,2026-07-23 22:48:25.083254+00:00,2026-07-23 17:09:30.007768+00:00,security_metrics,ml_engine,e07fec3b,0.2682389648449551,0.2682389648449551,0,0.02297140099108219,,,,,,
_result,0,2026-07-23 17:02:48+00:00,2026-07-23 22:48:25.083254+00:00,2026-07-23 17:09:45.231790+00:00,security_metrics,ml_engine,e07fec3b,0.35292533513965296,0.35292533513965296,0,0.023588592186570168,,,,,,
_result,0,2026-07-23 17:02:48+00:00,2026-07-23 22:48:25.083254+00:00,2026-07-23 17:10:00.450160+00:00,security_metrics,ml_engine,e07fec3b,0.39228787323461173,0.39228787323461173,0,0.02313373051583767,,,,,,
_result,0,2026-07-23 17:02:48+00:00,2026-07-23 22:48:25.083254+00:00,2026-07-23 17:10:15.669504+00:00,security_metrics,ml_engine,e07fec3b,0.34833070560793356,0.34833070560793356,0,0.023569390177726746,,,,,,
_result,0,2026-07-23 17:02:48+00:00,2026-07-23 22:48:25.083254+00:00,2026-07-23 17:10:30.895603+00:00,security_metrics,ml_engine,e07fec3b,0.37569417774652597,0.37569417774652597,0,0.022372664883732796,,,,,,
_result,0,2026-07-23 17:02:48+00:00,2026-07-23 22:48:25.083254+00:00,2026-07-23 17:10:46.142506+00:00,security_metrics,ml_engine,e07fec3b,0.38841011965126426,0.38841011965126426,0,0.02307131700217724,,,,,,
_result,0,2026-07-23 17:02:48+00:00,2026-07-23 22:48:25.083254+00:00,2026-07-23 17:11:01.371636+00:00,security_metrics,ml_engine,e07fec3b,0.33815882511037504,0.33815882511037504,0,0.022992009297013283,,,,,,
_result,0,2026-07-23 17:02:48+00:00,2026-07-23 22:48:25.083254+00:00,2026-07-23 17:11:16.609516+00:00,security_metrics,ml_engine,e07fec3b,0.27398751920512804,0.27398751920512804,0,0.022794539108872414,,,,,,
_result,0,2026-07-23 17:02:48+00:00,2026-07-23 22:48:25.083254+00:00,2026-07-23 17:11:31.843776+00:00,security_metrics,ml_engine,e07fec3b,0.37286228616203143,0.37286228616203143,0,0.022712748497724533,,,,,,
_result,0,2026-07-23 17:02:48+00:00,2026-07-23 22:48:25.083254+00:00,2026-07-23 17:11:47.083163+00:00,security_metrics,ml_engine,e07fec3b,0.33813956530257605,0.33813956530257605,0,0.02307155542075634,,,,,,
_result,0,2026-07-23 17:02:48+00:00,2026-07-23 22:48:25.083254+00:00,2026-07-23 17:12:02.326007+00:00,security_metrics,ml_engine,e07fec3b,0.36168698411718275,0.36168698411718275,0,0.023350052535533905,,,,,,
_result,0,2026-07-23 17:02:48+00:00,2026-07-23 22:48:25.083254+00:00,2026-07-23 17:12:17.572310+00:00,security_metrics,ml_engine,e07fec3b,0.3755008905551241,0.3755008905551241,0,0.0228678360581398,,,,,,
_result,0,2026-07-23 17:02:48+00:00,2026-07-23 22:48:25.083254+00:00,2026-07-23 17:12:32.819532+00:00,security_metrics,ml_engine,e07fec3b,0.3876905901174153,0.3876905901174153,0,0.0229622945189476,,,,,,
_result,0,2026-07-23 17:02:48+00:00,2026-07-23 22:48:25.083254+00:00,2026-07-23 17:12:48.066599+00:00,security_metrics,ml_engine,e07fec3b,0.33014740836472906,0.33014740836472906,0,0.023184770718216896,,,,,,
_result,0,2026-07-23 17:02:48+00:00,2026-07-23 22:48:25.083254+00:00,2026-07-23 17:13:03.329609+00:00,security_metrics,ml_engine,e07fec3b,0.33144372543359135,0.33144372543359135,0,0.022497903555631638,,,,,,
_result,0,2026-07-23 17:02:48+00:00,2026-07-23 22:48:25.083254+00:00,2026-07-23 17:13:18.584323+00:00,security_metrics,ml_engine,e07fec3b,0.3445796689775928,0.3445796689775928,0,0.022625377401709557,,,,,,
_result,0,2026-07-23 17:02:48+00:00,2026-07-23 22:48:25.083254+00:00,2026-07-23 17:13:33.843107+00:00,security_metrics,ml_engine,e07fec3b,0.39665413637740027,0.39665413637740027,0,0.023072361946105957,,,,,,
_result,0,2026-07-23 17:02:48+00:00,2026-07-23 22:48:25.083254+00:00,2026-07-23 17:13:49.105821+00:00,security_metrics,ml_engine,e07fec3b,0.3850860732741911,0.3850860732741911,0,0.022237300872802734,,,,,,
_result,0,2026-07-23 17:02:48+00:00,2026-07-23 22:48:25.083254+00:00,2026-07-23 17:14:04.470554+00:00,security_metrics,ml_engine,e07fec3b,0.34456244530690183,0.34456244530690183,0,0.022992009297013283,,,,,,
_result,0,2026-07-23 17:02:48+00:00,2026-07-23 22:48:25.083254+00:00,2026-07-23 17:14:19.733472+00:00,security_metrics,ml_engine,e07fec3b,0.37770365107373,0.37770365107373,0,0.022823480889201164,,,,,,
_result,0,2026-07-23 17:02:48+00:00,2026-07-23 22:48:25.083254+00:00,2026-07-23 17:14:35.006195+00:00,security_metrics,ml_engine,e07fec3b,0.3819812047666782,0.3819812047666782,0,0.022952502593398094,,,,,,
_result,0,2026-07-23 17:02:48+00:00,2026-07-23 22:48:25.083254+00:00,2026-07-23 17:14:50.283258+00:00,security_metrics,ml_engine,e07fec3b,0.351621583018443,0.351621583018443,0,0.022718362510204315,,,,,,
_result,0,2026-07-23 17:02:48+00:00,2026-07-23 22:48:25.083254+00:00,2026-07-23 17:15:05.562179+00:00,security_metrics,ml_engine,e07fec3b,0.3589482213267676,0.3589482213267676,0,0.023107431828975677,,,,,,
_result,0,2026-07-23 17:02:48+00:00,2026-07-23 22:48:25.083254+00:00,2026-07-23 17:15:20.843030+00:00,security_metrics,ml_engine,e07fec3b,0.2842058778735502,0.2842058778735502,0,0.02281728759407997,,,,,,
_result,0,2026-07-23 17:02:48+00:00,2026-07-23 22:48:25.083254+00:00,2026-07-23 17:15:36.129987+00:00,security_metrics,ml_engine,e07fec3b,0.3676870157840368,0.3676870157840368,0,0.022910593077540398,,,,,,
_result,0,2026-07-23 17:02:48+00:00,2026-07-23 22:48:25.083254+00:00,2026-07-23 17:15:51.418411+00:00,security_metrics,ml_engine,e07fec3b,0.3897549555436032,0.3897549555436032,0,0.022567253559827805,,,,,,
_result,0,2026-07-23 17:02:48+00:00,2026-07-23 22:48:25.083254+00:00,2026-07-23 17:16:06.715394+00:00,security_metrics,ml_engine,e07fec3b,0.3551574050526164,0.3551574050526164,0,0.022983191534876823,,,,,,
_result,0,2026-07-23 17:02:48+00:00,2026-07-23 22:48:25.083254+00:00,2026-07-23 17:16:22.010757+00:00,security_metrics,ml_engine,e07fec3b,0.377808111481028,0.377808111481028,0,0.022938335314393044,,,,,,
_result,0,2026-07-23 17:02:48+00:00,2026-07-23 22:48:25.083254+00:00,2026-07-23 17:16:37.320156+00:00,security_metrics,ml_engine,e07fec3b,0.3541495818230696,0.3541495818230696,0,0.02349010854959488,,,,,,
_result,0,2026-07-23 17:02:48+00:00,2026-07-23 22:48:25.083254+00:00,2026-07-23 17:16:52.620027+00:00,security_metrics,ml_engine,e07fec3b,0.30298156671117976,0.30298156671117976,0,0.023297928273677826,,,,,,
_result,0,2026-07-23 17:02:48+00:00,2026-07-23 22:48:25.083254+00:00,2026-07-23 17:17:07.923802+00:00,security_metrics,ml_engine,e07fec3b,0.3589112338505215,0.3589112338505215,0,0.022820286452770233,,,,,,
_result,0,2026-07-23 17:02:48+00:00,2026-07-23 22:48:25.083254+00:00,2026-07-23 17:17:23.237582+00:00,security_metrics,ml_engine,e07fec3b,0.3832219040048142,0.3832219040048142,0,0.02276436612010002,,,,,,
_result,0,2026-07-23 17:02:48+00:00,2026-07-23 22:48:25.083254+00:00,2026-07-23 17:17:38.546966+00:00,security_metrics,ml_engine,e07fec3b,0.3354348513545069,0.3354348513545069,0,0.023237966001033783,,,,,,
_result,0,2026-07-23 17:02:48+00:00,2026-07-23 22:48:25.083254+00:00,2026-07-23 17:17:53.860193+00:00,security_metrics,ml_engine,e07fec3b,0.38931714668490536,0.38931714668490536,0,0.022846577689051628,,,,,,
_result,0,2026-07-23 17:02:48+00:00,2026-07-23 22:48:25.083254+00:00,2026-07-23 17:18:09.182449+00:00,security_metrics,ml_engine,e07fec3b,0.3543901482177154,0.3543901482177154,0,0.023146159946918488,,,,,,
_result,0,2026-07-23 17:02:48+00:00,2026-07-23 22:48:25.083254+00:00,2026-07-23 17:18:24.501431+00:00,security_metrics,ml_engine,e07fec3b,0.3284490305180292,0.3284490305180292,0,0.022934027016162872,,,,,,
_result,0,2026-07-23 17:02:48+00:00,2026-07-23 22:48:25.083254+00:00,2026-07-23 17:18:39.824722+00:00,security_metrics,ml_engine,e07fec3b,0.3712756958325478,0.3712756958325478,0,0.022371606901288033,,,,,,
_result,0,2026-07-23 17:02:48+00:00,2026-07-23 22:48:25.083254+00:00,2026-07-23 17:18:55.151808+00:00,security_metrics,ml_engine,e07fec3b,0.3759216270565413,0.3759216270565413,0,0.02231227606534958,,,,,,
_result,0,2026-07-23 17:02:48+00:00,2026-07-23 22:48:25.083254+00:00,2026-07-23 17:19:10.479922+00:00,security_metrics,ml_engine,e07fec3b,0.3063169104357698,0.3063169104357698,0,0.0228516086935997,,,,,,
_result,0,2026-07-23 17:02:48+00:00,2026-07-23 22:48:25.083254+00:00,2026-07-23 17:19:25.804828+00:00,security_metrics,ml_engine,e07fec3b,0.3005368239350328,0.3005368239350328,0,0.02328762784600258,,,,,,
_result,0,2026-07-23 17:02:48+00:00,2026-07-23 22:48:25.083254+00:00,2026-07-23 17:19:41.146487+00:00,security_metrics,ml_engine,e07fec3b,0.38122107542163985,0.38122107542163985,0,0.022672396153211594,,,,,,
_result,0,2026-07-23 17:02:48+00:00,2026-07-23 22:48:25.083254+00:00,2026-07-23 17:19:56.492545+00:00,security_metrics,ml_engine,e07fec3b,0.3344021682177818,0.3344021682177818,0,0.022825131192803383,,,,,,
_result,0,2026-07-23 17:02:48+00:00,2026-07-23 22:48:25.083254+00:00,2026-07-23 17:20:11.833948+00:00,security_metrics,ml_engine,e07fec3b,0.38363734976204833,0.38363734976204833,0,0.02312367595732212,,,,,,
_result,0,2026-07-23 17:02:48+00:00,2026-07-23 22:48:25.083254+00:00,2026-07-23 17:20:27.183139+00:00,security_metrics,ml_engine,e07fec3b,0.3760233116178393,0.3760233116178393,0,0.02292618900537491,,,,,,
_result,0,2026-07-23 17:02:48+00:00,2026-07-23 22:48:25.083254+00:00,2026-07-23 17:20:42.528374+00:00,security_metrics,ml_engine,e07fec3b,0.34256431821138533,0.34256431821138533,0,0.022963710129261017,,,,,,
_result,0,2026-07-23 17:02:48+00:00,2026-07-23 22:48:25.083254+00:00,2026-07-23 17:20:57.887257+00:00,security_metrics,ml_engine,e07fec3b,0.35377957112168545,0.35377957112168545,0,0.022766118869185448,,,,,,
_result,0,2026-07-23 17:02:48+00:00,2026-07-23 22:48:25.083254+00:00,2026-07-23 17:21:13.251104+00:00,security_metrics,ml_engine,e07fec3b,0.3399619720218462,0.3399619720218462,0,0.02238512597978115,,,,,,
_result,0,2026-07-23 17:02:48+00:00,2026-07-23 22:48:25.083254+00:00,2026-07-23 17:21:28.606813+00:00,security_metrics,ml_engine,e07fec3b,0.3788460412961216,0.3788460412961216,0,0.023274214938282967,,,,,,
_result,0,2026-07-23 17:02:48+00:00,2026-07-23 22:48:25.083254+00:00,2026-07-23 17:21:43.975945+00:00,security_metrics,ml_engine,e07fec3b,0.3905703030938463,0.3905703030938463,0,0.023243365809321404,,,,,,
_result,0,2026-07-23 17:02:48+00:00,2026-07-23 22:48:25.083254+00:00,2026-07-23 17:21:59.441061+00:00,security_metrics,ml_engine,e07fec3b,0.33985236902747973,0.33985236902747973,0,0.02297413907945156,,,,,,
_result,0,2026-07-23 17:02:48+00:00,2026-07-23 22:48:25.083254+00:00,2026-07-23 17:22:14.812763+00:00,security_metrics,ml_engine,e07fec3b,0.3878809421060311,0.3878809421060311,0,0.02282131277024746,,,,,,
_result,0,2026-07-23 17:02:48+00:00,2026-07-23 22:48:25.083254+00:00,2026-07-23 17:22:30.188140+00:00,security_metrics,ml_engine,e07fec3b,0.3958039993062506,0.3958039993062506,0,0.022263608872890472,,,,,,
_result,0,2026-07-23 17:02:48+00:00,2026-07-23 22:48:25.083254+00:00,2026-07-23 17:22:45.566482+00:00,security_metrics,ml_engine,e07fec3b,0.383874434315779,0.383874434315779,0,0.022713234648108482,,,,,,
_result,0,2026-07-23 17:02:48+00:00,2026-07-23 22:48:25.083254+00:00,2026-07-23 17:23:00.935821+00:00,security_metrics,ml_engine,e07fec3b,0.38431024248978074,0.38431024248978074,0,0.02294212579727173,,,,,,
_result,0,2026-07-23 17:02:48+00:00,2026-07-23 22:48:25.083254+00:00,2026-07-23 17:23:16.319682+00:00,security_metrics,ml_engine,e07fec3b,0.35324087600297427,0.35324087600297427,0,0.023278193548321724,,,,,,
_result,0,2026-07-23 17:02:48+00:00,2026-07-23 22:48:25.083254+00:00,2026-07-23 17:23:31.718048+00:00,security_metrics,ml_engine,e07fec3b,0.32685285820413973,0.32685285820413973,0,0.023471437394618988,,,,,,
_result,0,2026-07-23 17:02:48+00:00,2026-07-23 22:48:25.083254+00:00,2026-07-23 17:23:47.116204+00:00,security_metrics,ml_engine,e07fec3b,0.37586076055064654,0.37586076055064654,0,0.0230963546782732,,,,,,
_result,0,2026-07-23 17:02:48+00:00,2026-07-23 22:48:25.083254+00:00,2026-07-23 17:24:02.506031+00:00,security_metrics,ml_engine,e07fec3b,0.3919864950973657,0.3919864950973657,0,0.022489942610263824,,,,,,
_result,0,2026-07-23 17:02:48+00:00,2026-07-23 22:48:25.083254+00:00,2026-07-23 17:24:17.902291+00:00,security_metrics,ml_engine,e07fec3b,0.2620578811148853,0.2620578811148853,0,0.0226722601801157,,,,,,
_result,0,2026-07-23 17:02:48+00:00,2026-07-23 22:48:25.083254+00:00,2026-07-23 17:24:33.306760+00:00,security_metrics,ml_engine,e07fec3b,0.3173496060156528,0.3173496060156528,0,0.02263041026890278,,,,,,
_result,0,2026-07-23 17:02:48+00:00,2026-07-23 22:48:25.083254+00:00,2026-07-23 17:24:48.712750+00:00,security_metrics,ml_engine,e07fec3b,0.3351458492312741,0.3351458492312741,0,0.023221872746944427,,,,,,
_result,0,2026-07-23 17:02:48+00:00,2026-07-23 22:48:25.083254+00:00,2026-07-23 17:25:04.111892+00:00,security_metrics,ml_engine,e07fec3b,0.3006444164386682,0.3006444164386682,0,0.02265852503478527,,,,,,
_result,0,2026-07-23 17:02:48+00:00,2026-07-23 22:48:25.083254+00:00,2026-07-23 17:25:19.523280+00:00,security_metrics,ml_engine,e07fec3b,0.3913593141225227,0.3913593141225227,0,0.022428086027503014,,,,,,
_result,0,2026-07-23 17:02:48+00:00,2026-07-23 22:48:25.083254+00:00,2026-07-23 17:25:34.934529+00:00,security_metrics,ml_engine,e07fec3b,0.3921986557237993,0.3921986557237993,0,0.02230473794043064,,,,,,
_result,0,2026-07-23 17:02:48+00:00,2026-07-23 22:48:25.083254+00:00,2026-07-23 17:25:50.347465+00:00,security_metrics,ml_engine,e07fec3b,0.3613870771213089,0.3613870771213089,0,0.02338203229010105,,,,,,
_result,0,2026-07-23 17:02:48+00:00,2026-07-23 22:48:25.083254+00:00,2026-07-23 17:26:05.775767+00:00,security_metrics,ml_engine,e07fec3b,0.3895952589625087,0.3895952589625087,0,0.023213684558868408,,,,,,
_result,0,2026-07-23 17:02:48+00:00,2026-07-23 22:48:25.083254+00:00,2026-07-23 17:26:21.203330+00:00,security_metrics,ml_engine,e07fec3b,0.34734454982249574,0.34734454982249574,0,0.022907722741365433,,,,,,
_result,0,2026-07-23 17:02:48+00:00,2026-07-23 22:48:25.083254+00:00,2026-07-23 17:26:36.623469+00:00,security_metrics,ml_engine,e07fec3b,0.3790405168631179,0.3790405168631179,0,0.022473670542240143,,,,,,
_result,0,2026-07-23 17:02:48+00:00,2026-07-23 22:48:25.083254+00:00,2026-07-23 17:26:52.047938+00:00,security_metrics,ml_engine,e07fec3b,0.35215278988198656,0.35215278988198656,0,0.02331162430346012,,,,,,
_result,0,2026-07-23 17:02:48+00:00,2026-07-23 22:48:25.083254+00:00,2026-07-23 17:27:07.552679+00:00,security_metrics,ml_engine,e07fec3b,0.38387406050276635,0.38387406050276635,0,0.023040050640702248,,,,,,
_result,0,2026-07-23 17:02:48+00:00,2026-07-23 22:48:25.083254+00:00,2026-07-23 17:27:22.991921+00:00,security_metrics,ml_engine,e07fec3b,0.31627586423343307,0.31627586423343307,0,0.022952139377593994,,,,,,
_result,0,2026-07-23 17:02:48+00:00,2026-07-23 22:48:25.083254+00:00,2026-07-23 17:27:38.418150+00:00,security_metrics,ml_engine,e07fec3b,0.330462304029289,0.330462304029289,0,0.02301235869526863,,,,,,
_result,0,2026-07-23 17:02:48+00:00,2026-07-23 22:48:25.083254+00:00,2026-07-23 17:27:53.859350+00:00,security_metrics,ml_engine,e07fec3b,0.38971930874697164,0.38971930874697164,0,0.022982340306043625,,,,,,
_result,0,2026-07-23 17:02:48+00:00,2026-07-23 22:48:25.083254+00:00,2026-07-23 17:28:09.310898+00:00,security_metrics,ml_engine,e07fec3b,0.33147608179410426,0.33147608179410426,0,0.023180587217211723,,,,,,
_result,0,2026-07-23 17:02:48+00:00,2026-07-23 22:48:25.083254+00:00,2026-07-23 17:28:24.761219+00:00,security_metrics,ml_engine,e07fec3b,0.39228370879000146,0.39228370879000146,0,0.02294943481683731,,,,,,
_result,0,2026-07-23 17:02:48+00:00,2026-07-23 22:48:25.083254+00:00,2026-07-23 17:28:40.203725+00:00,security_metrics,ml_engine,e07fec3b,0.3541592995473691,0.3541592995473691,0,0.023436281830072403,,,,,,
_result,0,2026-07-23 17:02:48+00:00,2026-07-23 22:48:25.083254+00:00,2026-07-23 17:28:55.653259+00:00,security_metrics,ml_engine,e07fec3b,0.36383443012326755,0.36383443012326755,0,0.022829771041870117,,,,,,
_result,0,2026-07-23 17:02:48+00:00,2026-07-23 22:48:25.083254+00:00,2026-07-23 17:29:11.117175+00:00,security_metrics,ml_engine,e07fec3b,0.3537104028865628,0.3537104028865628,0,0.023515477776527405,,,,,,
_result,0,2026-07-23 17:02:48+00:00,2026-07-23 22:48:25.083254+00:00,2026-07-23 17:29:26.577860+00:00,security_metrics,ml_engine,e07fec3b,0.3361160513367064,0.3361160513367064,0,0.022901270538568497,,,,,,
_result,0,2026-07-23 17:02:48+00:00,2026-07-23 22:48:25.083254+00:00,2026-07-23 17:29:42.037482+00:00,security_metrics,ml_engine,e07fec3b,0.3543901482177154,0.3543901482177154,0,0.02276177704334259,,,,,,
_result,0,2026-07-23 17:02:48+00:00,2026-07-23 22:48:25.083254+00:00,2026-07-23 17:29:57.499386+00:00,security_metrics,ml_engine,e07fec3b,0.11436309278879464,0.11436309278879464,0,0.03485267609357834,,,,,,
_result,0,2026-07-23 17:02:48+00:00,2026-07-23 22:48:25.083254+00:00,2026-07-23 17:30:12.968360+00:00,security_metrics,ml_engine,e07fec3b,0.3760233116178393,0.3760233116178393,0,0.022385505959391594,,,,,,
_result,0,2026-07-23 17:02:48+00:00,2026-07-23 22:48:25.083254+00:00,2026-07-23 17:30:28.436743+00:00,security_metrics,ml_engine,e07fec3b,0.3472488593298415,0.3472488593298415,0,0.023414570838212967,,,,,,
_result,0,2026-07-23 17:02:48+00:00,2026-07-23 22:48:25.083254+00:00,2026-07-23 17:30:43.917312+00:00,security_metrics,ml_engine,e07fec3b,0.32402225702886994,0.32402225702886994,0,0.023184893652796745,,,,,,
_result,0,2026-07-23 17:02:48+00:00,2026-07-23 22:48:25.083254+00:00,2026-07-23 17:30:59.496030+00:00,security_metrics,ml_engine,e07fec3b,0.35105172916786886,0.35105172916786886,0,0.022670473903417587,,,,,,
_result,0,2026-07-23 17:02:48+00:00,2026-07-23 22:48:25.083254+00:00,2026-07-23 17:31:14.975724+00:00,security_metrics,ml_engine,e07fec3b,0.38320294190539667,0.38320294190539667,0,0.022688917815685272,,,,,,
_result,0,2026-07-23 17:02:48+00:00,2026-07-23 22:48:25.083254+00:00,2026-07-23 17:31:30.469060+00:00,security_metrics,ml_engine,e07fec3b,0.34928201910234147,0.34928201910234147,0,0.023463493213057518,,,,,,
_result,0,2026-07-23 17:02:48+00:00,2026-07-23 22:48:25.083254+00:00,2026-07-23 17:31:45.955347+00:00,security_metrics,ml_engine,e07fec3b,0.34287753571505286,0.34287753571505286,0,0.023001620545983315,,,,,,
_result,0,2026-07-23 17:02:48+00:00,2026-07-23 22:48:25.083254+00:00,2026-07-23 17:32:01.448062+00:00,security_metrics,ml_engine,e07fec3b,0.3896236486821649,0.3896236486821649,0,0.022926047444343567,,,,,,
_result,0,2026-07-23 17:02:48+00:00,2026-07-23 22:48:25.083254+00:00,2026-07-23 17:32:16.948772+00:00,security_metrics,ml_engine,e07fec3b,0.3564527238815869,0.3564527238815869,0,0.022779220715165138,,,,,,
_result,0,2026-07-23 17:02:48+00:00,2026-07-23 22:48:25.083254+00:00,2026-07-23 17:32:32.442198+00:00,security_metrics,ml_engine,e07fec3b,0.3759216270565413,0.3759216270565413,0,0.022540902718901634,,,,,,
_result,0,2026-07-23 17:02:48+00:00,2026-07-23 22:48:25.083254+00:00,2026-07-23 17:32:47.946908+00:00,security_metrics,ml_engine,e07fec3b,0.34518115477096145,0.34518115477096145,0,0.022691776975989342,,,,,,
_result,0,2026-07-23 17:02:48+00:00,2026-07-23 22:48:25.083254+00:00,2026-07-23 17:33:03.448212+00:00,security_metrics,ml_engine,e07fec3b,0.321462563846691,0.321462563846691,0,0.02337958663702011,,,,,,
_result,0,2026-07-23 17:02:48+00:00,2026-07-23 22:48:25.083254+00:00,2026-07-23 17:33:18.941304+00:00,security_metrics,ml_engine,e07fec3b,0.3895331230271614,0.3895331230271614,0,0.02280721627175808,,,,,,
_result,0,2026-07-23 17:02:48+00:00,2026-07-23 22:48:25.083254+00:00,2026-07-23 17:33:34.452307+00:00,security_metrics,ml_engine,e07fec3b,0.3908072367284873,0.3908072367284873,0,0.02263716608285904,,,,,,
_result,0,2026-07-23 17:02:48+00:00,2026-07-23 22:48:25.083254+00:00,2026-07-23 17:33:49.968772+00:00,security_metrics,ml_engine,e07fec3b,0.379379967091281,0.379379967091281,0,0.023197807371616364,,,,,,
_result,0,2026-07-23 17:02:48+00:00,2026-07-23 22:48:25.083254+00:00,2026-07-23 17:34:05.484841+00:00,security_metrics,ml_engine,e07fec3b,0.32903970587758297,0.32903970587758297,0,0.023318426683545113,,,,,,
_result,0,2026-07-23 17:02:48+00:00,2026-07-23 22:48:25.083254+00:00,2026-07-23 17:34:21.003938+00:00,security_metrics,ml_engine,e07fec3b,0.38100545191772095,0.38100545191772095,0,0.022935574874281883,,,,,,
_result,0,2026-07-23 17:02:48+00:00,2026-07-23 22:48:25.083254+00:00,2026-07-23 17:34:36.618597+00:00,security_metrics,ml_engine,e07fec3b,0.3651954094210547,0.3651954094210547,0,0.023249303922057152,,,,,,
_result,0,2026-07-23 17:02:48+00:00,2026-07-23 22:48:25.083254+00:00,2026-07-23 17:34:52.141085+00:00,security_metrics,ml_engine,e07fec3b,0.3468334323009664,0.3468334323009664,0,0.02310599572956562,,,,,,
_result,0,2026-07-23 17:02:48+00:00,2026-07-23 22:48:25.083254+00:00,2026-07-23 17:35:07.670968+00:00,security_metrics,ml_engine,e07fec3b,0.37096044785398463,0.37096044785398463,0,0.02250734344124794,,,,,,
_result,0,2026-07-23 17:02:48+00:00,2026-07-23 22:48:25.083254+00:00,2026-07-23 17:35:23.206445+00:00,security_metrics,ml_engine,e07fec3b,0.36874389110913625,0.36874389110913625,0,0.023413462564349174,,,,,,
_result,0,2026-07-23 17:02:48+00:00,2026-07-23 22:48:25.083254+00:00,2026-07-23 17:35:38.740329+00:00,security_metrics,ml_engine,e07fec3b,0.38432838969194905,0.38432838969194905,0,0.022859353572130203,,,,,,
_result,0,2026-07-23 17:02:48+00:00,2026-07-23 22:48:25.083254+00:00,2026-07-23 17:35:54.281764+00:00,security_metrics,ml_engine,e07fec3b,0.3581303522843079,0.3581303522843079,0,0.023253874853253365,,,,,,
_result,0,2026-07-23 17:02:48+00:00,2026-07-23 22:48:25.083254+00:00,2026-07-23 17:36:09.824819+00:00,security_metrics,ml_engine,e07fec3b,0.37856093612396874,0.37856093612396874,0,0.02306762896478176,,,,,,
_result,0,2026-07-23 17:02:48+00:00,2026-07-23 22:48:25.083254+00:00,2026-07-23 17:36:25.378359+00:00,security_metrics,ml_engine,e07fec3b,0.35260843164408956,0.35260843164408956,0,0.02319876104593277,,,,,,
_result,0,2026-07-23 17:02:48+00:00,2026-07-23 22:48:25.083254+00:00,2026-07-23 17:36:40.934393+00:00,security_metrics,ml_engine,e07fec3b,0.3904669313069427,0.3904669313069427,0,0.022370966151356697,,,,,,
_result,0,2026-07-23 17:02:48+00:00,2026-07-23 22:48:25.083254+00:00,2026-07-23 17:36:56.495491+00:00,security_metrics,ml_engine,e07fec3b,0.3619017012101018,0.3619017012101018,0,0.022590387612581253,,,,,,
_result,0,2026-07-23 17:02:48+00:00,2026-07-23 22:48:25.083254+00:00,2026-07-23 17:37:12.053850+00:00,security_metrics,ml_engine,e07fec3b,0.3477652475893545,0.3477652475893545,0,0.02317616529762745,,,,,,
_result,0,2026-07-23 17:02:48+00:00,2026-07-23 22:48:25.083254+00:00,2026-07-23 17:37:27.616732+00:00,security_metrics,ml_engine,e07fec3b,0.3470432536390089,0.3470432536390089,0,0.023131676018238068,,,,,,
_result,0,2026-07-23 17:02:48+00:00,2026-07-23 22:48:25.083254+00:00,2026-07-23 17:37:43.279275+00:00,security_metrics,ml_engine,e07fec3b,0.3444325080609035,0.3444325080609035,0,0.023207562044262886,,,,,,
_result,0,2026-07-23 17:02:48+00:00,2026-07-23 22:48:25.083254+00:00,2026-07-23 17:37:58.844612+00:00,security_metrics,ml_engine,e07fec3b,0.34299714600981457,0.34299714600981457,0,0.02309509366750717,,,,,,
_result,0,2026-07-23 17:02:48+00:00,2026-07-23 22:48:25.083254+00:00,2026-07-23 17:38:14.418114+00:00,security_metrics,ml_engine,e07fec3b,0.3318129582726924,0.3318129582726924,0,0.02276020310819149,,,,,,
_result,0,2026-07-23 17:02:48+00:00,2026-07-23 22:48:25.083254+00:00,2026-07-23 17:38:29.988123+00:00,security_metrics,ml_engine,e07fec3b,0.3779881268981743,0.3779881268981743,0,0.02275063842535019,,,,,,
_result,0,2026-07-23 17:02:48+00:00,2026-07-23 22:48:25.083254+00:00,2026-07-23 17:38:45.569502+00:00,security_metrics,ml_engine,e07fec3b,0.3345236604164409,0.3345236604164409,0,0.023172376677393913,,,,,,
_result,0,2026-07-23 17:02:48+00:00,2026-07-23 22:48:25.083254+00:00,2026-07-23 17:39:01.154869+00:00,security_metrics,ml_engine,e07fec3b,0.3151188941648184,0.3151188941648184,0,0.022832995280623436,,,,,,
_result,0,2026-07-23 17:02:48+00:00,2026-07-23 22:48:25.083254+00:00,2026-07-23 17:39:16.727222+00:00,security_metrics,ml_engine,e07fec3b,0.321462563846691,0.321462563846691,0,0.023433538153767586,,,,,,
_result,0,2026-07-23 17:02:48+00:00,2026-07-23 22:48:25.083254+00:00,2026-07-23 17:39:32.308618+00:00,security_metrics,ml_engine,e07fec3b,0.3551000881370203,0.3551000881370203,0,0.022904369980096817,,,,,,
_result,0,2026-07-23 17:02:48+00:00,2026-07-23 22:48:25.083254+00:00,2026-07-23 17:39:47.891439+00:00,security_metrics,ml_engine,e07fec3b,0.3102062347682777,0.3102062347682777,0,0.02327137440443039,,,,,,
_result,0,2026-07-23 17:02:48+00:00,2026-07-23 22:48:25.083254+00:00,2026-07-23 17:40:03.486339+00:00,security_metrics,ml_engine,e07fec3b,0.28900808649554355,0.28900808649554355,0,0.022471915930509567,,,,,,
_result,0,2026-07-23 17:02:48+00:00,2026-07-23 22:48:25.083254+00:00,2026-07-23 17:40:19.094097+00:00,security_metrics,ml_engine,e07fec3b,0.3925171627714694,0.3925171627714694,0,0.0227848868817091,,,,,,
_result,0,2026-07-23 17:02:48+00:00,2026-07-23 22:48:25.083254+00:00,2026-07-23 17:40:34.776608+00:00,security_metrics,ml_engine,e07fec3b,0.3670107523422567,0.3670107523422567,0,0.023182135075330734,,,,,,
_result,0,2026-07-23 17:02:48+00:00,2026-07-23 22:48:25.083254+00:00,2026-07-23 17:40:50.380871+00:00,security_metrics,ml_engine,e07fec3b,0.37783088584981794,0.37783088584981794,0,0.022812530398368835,,,,,,
_result,0,2026-07-23 17:02:48+00:00,2026-07-23 22:48:25.083254+00:00,2026-07-23 17:41:05.987553+00:00,security_metrics,ml_engine,e07fec3b,0.273413721000017,0.273413721000017,0,0.02287205308675766,,,,,,
_result,0,2026-07-23 17:02:48+00:00,2026-07-23 22:48:25.083254+00:00,2026-07-23 17:41:21.595765+00:00,security_metrics,ml_engine,e07fec3b,0.38194167765514453,0.38194167765514453,0,0.022298146039247513,,,,,,
_result,0,2026-07-23 17:02:48+00:00,2026-07-23 22:48:25.083254+00:00,2026-07-23 17:41:37.213062+00:00,security_metrics,ml_engine,e07fec3b,0.3464658519416424,0.3464658519416424,0,0.02325552888214588,,,,,,
_result,0,2026-07-23 17:02:48+00:00,2026-07-23 22:48:25.083254+00:00,2026-07-23 17:41:52.833564+00:00,security_metrics,ml_engine,e07fec3b,0.38320294190539667,0.38320294190539667,0,0.022985408082604408,,,,,,
_result,0,2026-07-23 17:02:48+00:00,2026-07-23 22:48:25.083254+00:00,2026-07-23 17:42:08.455300+00:00,security_metrics,ml_engine,e07fec3b,0.3683579969587472,0.3683579969587472,0,0.023620033636689186,,,,,,
_result,0,2026-07-23 17:02:48+00:00,2026-07-23 22:48:25.083254+00:00,2026-07-23 17:42:24.086300+00:00,security_metrics,ml_engine,e07fec3b,0.3653744212134641,0.3653744212134641,0,0.023193208500742912,,,,,,
_result,0,2026-07-23 17:02:48+00:00,2026-07-23 22:48:25.083254+00:00,2026-07-23 17:42:39.709496+00:00,security_metrics,ml_engine,e07fec3b,0.38835288682369984,0.38835288682369984,0,0.022678667679429054,,,,,,
_result,0,2026-07-23 17:02:48+00:00,2026-07-23 22:48:25.083254+00:00,2026-07-23 17:42:55.342562+00:00,security_metrics,ml_engine,e07fec3b,0.33784265119896406,0.33784265119896406,0,0.023075684905052185,,,,,,
_result,0,2026-07-23 17:02:48+00:00,2026-07-23 22:48:25.083254+00:00,2026-07-23 17:43:11.066759+00:00,security_metrics,ml_engine,e07fec3b,0.33106909648188304,0.33106909648188304,0,0.023554319515824318,,,,,,
_result,0,2026-07-23 17:02:48+00:00,2026-07-23 22:48:25.083254+00:00,2026-07-23 17:43:26.706693+00:00,security_metrics,ml_engine,e07fec3b,0.27795493390300846,0.27795493390300846,0,0.02314438857138157,,,,,,
_result,0,2026-07-23 17:02:48+00:00,2026-07-23 22:48:25.083254+00:00,2026-07-23 17:43:42.352180+00:00,security_metrics,ml_engine,e07fec3b,0.392380091750338,0.392380091750338,0,0.022904522716999054,,,,,,
_result,0,2026-07-23 17:02:48+00:00,2026-07-23 22:48:25.083254+00:00,2026-07-23 17:43:57.997668+00:00,security_metrics,ml_engine,e07fec3b,0.3337895536285244,0.3337895536285244,0,0.023404600098729134,,,,,,
_result,0,2026-07-23 17:02:48+00:00,2026-07-23 22:48:25.083254+00:00,2026-07-23 17:44:13.654644+00:00,security_metrics,ml_engine,e07fec3b,0.3790407199570668,0.3790407199570668,0,0.022947395220398903,,,,,,
_result,0,2026-07-23 17:02:48+00:00,2026-07-23 22:48:25.083254+00:00,2026-07-23 17:44:29.331428+00:00,security_metrics,ml_engine,e07fec3b,0.2767436643895576,0.2767436643895576,0,0.02275676093995571,,,,,,
_result,0,2026-07-23 17:02:48+00:00,2026-07-23 22:48:25.083254+00:00,2026-07-23 17:44:44.977449+00:00,security_metrics,ml_engine,e07fec3b,0.3424653755684903,0.3424653755684903,0,0.023380404338240623,,,,,,
_result,0,2026-07-23 17:02:48+00:00,2026-07-23 22:48:25.083254+00:00,2026-07-23 17:45:00.620167+00:00,security_metrics,ml_engine,e07fec3b,0.3818636215150337,0.3818636215150337,0,0.0225771926343441,,,,,,
_result,0,2026-07-23 17:02:48+00:00,2026-07-23 22:48:25.083254+00:00,2026-07-23 17:45:16.285751+00:00,security_metrics,ml_engine,e07fec3b,0.3601656382003855,0.3601656382003855,0,0.02316126972436905,,,,,,
_result,0,2026-07-23 17:02:48+00:00,2026-07-23 22:48:25.083254+00:00,2026-07-23 17:45:31.941865+00:00,security_metrics,ml_engine,e07fec3b,0.3735015338665803,0.3735015338665803,0,0.022856220602989197,,,,,,
_result,0,2026-07-23 17:02:48+00:00,2026-07-23 22:48:25.083254+00:00,2026-07-23 17:45:47.694968+00:00,security_metrics,ml_engine,e07fec3b,0.32291205576961185,0.32291205576961185,0,0.023309973999857903,,,,,,
_result,0,2026-07-23 17:02:48+00:00,2026-07-23 22:48:25.083254+00:00,2026-07-23 17:46:03.357547+00:00,security_metrics,ml_engine,e07fec3b,0.27788731948438433,0.27788731948438433,0,0.022859618067741394,,,,,,
_result,0,2026-07-23 17:02:48+00:00,2026-07-23 22:48:25.083254+00:00,2026-07-23 17:46:19.024284+00:00,security_metrics,ml_engine,e07fec3b,0.39224705146560745,0.39224705146560745,0,0.022791817784309387,,,,,,
_result,0,2026-07-23 17:02:48+00:00,2026-07-23 22:48:25.083254+00:00,2026-07-23 17:46:34.690690+00:00,security_metrics,ml_engine,e07fec3b,0.3779881268981743,0.3779881268981743,0,0.02272353321313858,,,,,,
_result,0,2026-07-23 17:02:48+00:00,2026-07-23 22:48:25.083254+00:00,2026-07-23 17:46:50.373825+00:00,security_metrics,ml_engine,e07fec3b,0.3828444937267533,0.3828444937267533,0,0.02248169481754303,,,,,,
_result,0,2026-07-23 17:02:48+00:00,2026-07-23 22:48:25.083254+00:00,2026-07-23 17:47:06.072365+00:00,security_metrics,ml_engine,e07fec3b,0.29270225861742594,0.29270225861742594,0,0.023078015074133873,,,,,,
_result,0,2026-07-23 17:02:48+00:00,2026-07-23 22:48:25.083254+00:00,2026-07-23 17:47:21.754480+00:00,security_metrics,ml_engine,e07fec3b,0.19486586449738175,0.19486586449738175,0,0.0285324826836586,,,,,,
_result,0,2026-07-23 17:02:48+00:00,2026-07-23 22:48:25.083254+00:00,2026-07-23 17:47:37.441569+00:00,security_metrics,ml_engine,e07fec3b,0.3833693158076368,0.3833693158076368,0,0.023012887686491013,,,,,,
_result,0,2026-07-23 17:02:48+00:00,2026-07-23 22:48:25.083254+00:00,2026-07-23 17:47:53.142487+00:00,security_metrics,ml_engine,e07fec3b,0.37612737836637805,0.37612737836637805,0,0.02326134219765663,,,,,,
_result,0,2026-07-23 17:02:48+00:00,2026-07-23 22:48:25.083254+00:00,2026-07-23 17:48:08.934328+00:00,security_metrics,ml_engine,e07fec3b,0.37802086113259514,0.37802086113259514,0,0.022812122479081154,,,,,,
_result,0,2026-07-23 17:02:48+00:00,2026-07-23 22:48:25.083254+00:00,2026-07-23 17:48:24.629800+00:00,security_metrics,ml_engine,e07fec3b,0.38643015878852344,0.38643015878852344,0,0.022425126284360886,,,,,,
_result,0,2026-07-23 17:02:48+00:00,2026-07-23 22:48:25.083254+00:00,2026-07-23 17:48:40.333946+00:00,security_metrics,ml_engine,e07fec3b,0.31872246018515715,0.31872246018515715,0,0.022948911413550377,,,,,,
_result,0,2026-07-23 17:02:48+00:00,2026-07-23 22:48:25.083254+00:00,2026-07-23 17:48:56.045913+00:00,security_metrics,ml_engine,e07fec3b,0.388015390911042,0.388015390911042,0,0.022792400792241096,,,,,,
_result,0,2026-07-23 17:02:48+00:00,2026-07-23 22:48:25.083254+00:00,2026-07-23 17:49:11.745909+00:00,security_metrics,ml_engine,e07fec3b,0.36689183352276145,0.36689183352276145,0,0.02343670278787613,,,,,,
_result,0,2026-07-23 17:02:48+00:00,2026-07-23 22:48:25.083254+00:00,2026-07-23 17:49:27.471023+00:00,security_metrics,ml_engine,e07fec3b,0.23893978622398937,0.23893978622398937,0,0.022654108703136444,,,,,,
_result,0,2026-07-23 17:02:48+00:00,2026-07-23 22:48:25.083254+00:00,2026-07-23 17:49:43.203496+00:00,security_metrics,ml_engine,e07fec3b,0.30960270173462656,0.30960270173462656,0,0.02254345268011093,,,,,,
_result,0,2026-07-23 17:02:48+00:00,2026-07-23 22:48:25.083254+00:00,2026-07-23 17:49:58.922785+00:00,security_metrics,ml_engine,e07fec3b,0.29985013794072846,0.29985013794072846,0,0.023312030360102654,,,,,,
_result,0,2026-07-23 17:02:48+00:00,2026-07-23 22:48:25.083254+00:00,2026-07-23 17:50:14.748459+00:00,security_metrics,ml_engine,e07fec3b,0.3248950914232307,0.3248950914232307,0,0.023343555629253387,,,,,,
_result,0,2026-07-23 17:02:48+00:00,2026-07-23 22:48:25.083254+00:00,2026-07-23 17:50:30.478011+00:00,security_metrics,ml_engine,e07fec3b,0.336828932339051,0.336828932339051,0,0.02302301861345768,,,,,,
_result,0,2026-07-23 17:02:48+00:00,2026-07-23 22:48:25.083254+00:00,2026-07-23 17:50:46.211237+00:00,security_metrics,ml_engine,e07fec3b,0.346719024868276,0.346719024868276,0,0.023201534524559975,,,,,,
_result,0,2026-07-23 17:02:48+00:00,2026-07-23 22:48:25.083254+00:00,2026-07-23 17:51:01.940649+00:00,security_metrics,ml_engine,e07fec3b,0.2677101720411201,0.2677101720411201,0,0.02335616573691368,,,,,,
_result,0,2026-07-23 17:02:48+00:00,2026-07-23 22:48:25.083254+00:00,2026-07-23 17:51:17.679804+00:00,security_metrics,ml_engine,e07fec3b,0.3900734115385875,0.3900734115385875,0,0.02231641858816147,,,,,,
_result,0,2026-07-23 17:02:48+00:00,2026-07-23 22:48:25.083254+00:00,2026-07-23 17:51:33.423337+00:00,security_metrics,ml_engine,e07fec3b,0.3751627160787647,0.3751627160787647,0,0.02304195426404476,,,,,,
_result,0,2026-07-23 17:02:48+00:00,2026-07-23 22:48:25.083254+00:00,2026-07-23 17:51:49.158809+00:00,security_metrics,ml_engine,e07fec3b,0.35905760357711913,0.35905760357711913,0,0.023204877972602844,,,,,,
_result,0,2026-07-23 17:02:48+00:00,2026-07-23 22:48:25.083254+00:00,2026-07-23 17:52:04.904707+00:00,security_metrics,ml_engine,e07fec3b,0.36176593163209114,0.36176593163209114,0,0.022745490074157715,,,,,,
_result,0,2026-07-23 17:02:48+00:00,2026-07-23 22:48:25.083254+00:00,2026-07-23 17:52:20.730694+00:00,security_metrics,ml_engine,e07fec3b,0.34215204862077303,0.34215204862077303,0,0.022656716406345367,,,,,,
_result,0,2026-07-23 17:02:48+00:00,2026-07-23 22:48:25.083254+00:00,2026-07-23 17:52:36.477282+00:00,security_metrics,ml_engine,e07fec3b,0.3252884604812051,0.3252884604812051,0,0.023318137973546982,,,,,,
_result,0,2026-07-23 17:02:48+00:00,2026-07-23 22:48:25.083254+00:00,2026-07-23 17:52:52.235867+00:00,security_metrics,ml_engine,e07fec3b,0.34949760287546144,0.34949760287546144,0,0.023079710081219673,,,,,,
_result,0,2026-07-23 17:02:48+00:00,2026-07-23 22:48:25.083254+00:00,2026-07-23 17:53:07.995004+00:00,security_metrics,ml_engine,e07fec3b,0.3323302754478702,0.3323302754478702,0,0.02225271612405777,,,,,,
_result,0,2026-07-23 17:02:48+00:00,2026-07-23 22:48:25.083254+00:00,2026-07-23 17:53:23.739058+00:00,security_metrics,ml_engine,e07fec3b,0.30730497069139256,0.30730497069139256,0,0.0230025053024292,,,,,,
_result,0,2026-07-23 17:02:48+00:00,2026-07-23 22:48:25.083254+00:00,2026-07-23 17:53:39.507886+00:00,security_metrics,ml_engine,e07fec3b,0.38521976419532183,0.38521976419532183,0,0.02257971465587616,,,,,,
_result,0,2026-07-23 17:02:48+00:00,2026-07-23 22:48:25.083254+00:00,2026-07-23 17:53:55.272532+00:00,security_metrics,ml_engine,e07fec3b,0.334110054648043,0.334110054648043,0,0.022754531353712082,,,,,,
_result,0,2026-07-23 17:02:48+00:00,2026-07-23 22:48:25.083254+00:00,2026-07-23 17:54:11.043422+00:00,security_metrics,ml_engine,e07fec3b,0.2935829570563713,0.2935829570563713,0,0.022423317655920982,,,,,,
_result,0,2026-07-23 17:02:48+00:00,2026-07-23 22:48:25.083254+00:00,2026-07-23 17:54:26.908390+00:00,security_metrics,ml_engine,e07fec3b,0.3391247950759989,0.3391247950759989,0,0.02300257235765457,,,,,,
_result,0,2026-07-23 17:02:48+00:00,2026-07-23 22:48:25.083254+00:00,2026-07-23 17:54:42.669775+00:00,security_metrics,ml_engine,e07fec3b,0.3508350512634317,0.3508350512634317,0,0.023338990285992622,,,,,,
_result,0,2026-07-23 17:02:48+00:00,2026-07-23 22:48:25.083254+00:00,2026-07-23 17:54:58.436347+00:00,security_metrics,ml_engine,e07fec3b,0.33589417641197966,0.33589417641197966,0,0.022908177226781845,,,,,,
_result,0,2026-07-23 17:02:48+00:00,2026-07-23 22:48:25.083254+00:00,2026-07-23 17:55:14.221230+00:00,security_metrics,ml_engine,e07fec3b,0.3315947065346215,0.3315947065346215,0,0.023055367171764374,,,,,,
_result,0,2026-07-23 17:02:48+00:00,2026-07-23 22:48:25.083254+00:00,2026-07-23 17:55:30.008977+00:00,security_metrics,ml_engine,e07fec3b,0.35584187550333,0.35584187550333,0,0.022787824273109436,,,,,,
_result,0,2026-07-23 17:02:48+00:00,2026-07-23 22:48:25.083254+00:00,2026-07-23 17:55:45.803607+00:00,security_metrics,ml_engine,e07fec3b,0.3899178629524495,0.3899178629524495,0,0.023016205057501793,,,,,,
_result,0,2026-07-23 17:02:48+00:00,2026-07-23 22:48:25.083254+00:00,2026-07-23 17:56:01.591691+00:00,security_metrics,ml_engine,e07fec3b,0.37719732356554214,0.37719732356554214,0,0.022747071459889412,,,,,,
_result,0,2026-07-23 17:02:48+00:00,2026-07-23 22:48:25.083254+00:00,2026-07-23 17:56:17.481046+00:00,security_metrics,ml_engine,e07fec3b,0.36864365624450485,0.36864365624450485,0,0.02296859584748745,,,,,,
_result,0,2026-07-23 17:02:48+00:00,2026-07-23 22:48:25.083254+00:00,2026-07-23 17:56:33.296951+00:00,security_metrics,ml_engine,e07fec3b,0.35200748620147737,0.35200748620147737,0,0.022803086787462234,,,,,,
_result,0,2026-07-23 17:02:48+00:00,2026-07-23 22:48:25.083254+00:00,2026-07-23 17:56:49.094296+00:00,security_metrics,ml_engine,e07fec3b,0.31627586423343307,0.31627586423343307,0,0.02295151725411415,,,,,,
_result,0,2026-07-23 17:02:48+00:00,2026-07-23 22:48:25.083254+00:00,2026-07-23 17:57:04.906077+00:00,security_metrics,ml_engine,e07fec3b,0.36841877736223144,0.36841877736223144,0,0.022488337010145187,,,,,,
_result,0,2026-07-23 17:02:48+00:00,2026-07-23 22:48:25.083254+00:00,2026-07-23 17:57:20.709419+00:00,security_metrics,ml_engine,e07fec3b,0.38642335445319526,0.38642335445319526,0,0.02284127287566662,,,,,,
_result,0,2026-07-23 17:02:48+00:00,2026-07-23 22:48:25.083254+00:00,2026-07-23 17:57:36.518214+00:00,security_metrics,ml_engine,e07fec3b,0.3397044652166389,0.3397044652166389,0,0.023055287078022957,,,,,,
_result,0,2026-07-23 17:02:48+00:00,2026-07-23 22:48:25.083254+00:00,2026-07-23 17:57:52.344147+00:00,security_metrics,ml_engine,e07fec3b,0.36175472331682595,0.36175472331682595,0,0.022798098623752594,,,,,,
_result,0,2026-07-23 17:02:48+00:00,2026-07-23 22:48:25.083254+00:00,2026-07-23 17:58:08.265687+00:00,security_metrics,ml_engine,e07fec3b,0.3607155275200089,0.3607155275200089,0,0.02305169403553009,,,,,,
_result,0,2026-07-23 17:02:48+00:00,2026-07-23 22:48:25.083254+00:00,2026-07-23 17:58:24.079865+00:00,security_metrics,ml_engine,e07fec3b,0.3502586070811469,0.3502586070811469,0,0.023505626246333122,,,,,,
_result,0,2026-07-23 17:02:48+00:00,2026-07-23 22:48:25.083254+00:00,2026-07-23 17:58:39.908063+00:00,security_metrics,ml_engine,e07fec3b,0.34454645599095574,0.34454645599095574,0,0.022812390699982643,,,,,,
_result,0,2026-07-23 17:02:48+00:00,2026-07-23 22:48:25.083254+00:00,2026-07-23 17:58:55.737424+00:00,security_metrics,ml_engine,e07fec3b,0.3866167296916793,0.3866167296916793,0,0.022198794409632683,,,,,,
_result,0,2026-07-23 17:02:48+00:00,2026-07-23 22:48:25.083254+00:00,2026-07-23 17:59:11.575023+00:00,security_metrics,ml_engine,e07fec3b,0.350984341020545,0.350984341020545,0,0.0233782809227705,,,,,,
_result,0,2026-07-23 17:02:48+00:00,2026-07-23 22:48:25.083254+00:00,2026-07-23 17:59:27.407375+00:00,security_metrics,ml_engine,e07fec3b,0.3542192094331166,0.3542192094331166,0,0.022430112585425377,,,,,,
_result,0,2026-07-23 17:02:48+00:00,2026-07-23 22:48:25.083254+00:00,2026-07-23 17:59:43.345607+00:00,security_metrics,ml_engine,e07fec3b,0.35803757522569246,0.35803757522569246,0,0.022974105551838875,,,,,,
_result,0,2026-07-23 17:02:48+00:00,2026-07-23 22:48:25.083254+00:00,2026-07-23 17:59:59.194569+00:00,security_metrics,ml_engine,e07fec3b,0.38805565581478096,0.38805565581478096,0,0.022709175944328308,,,,,,
_result,0,2026-07-23 17:02:48+00:00,2026-07-23 22:48:25.083254+00:00,2026-07-23 18:00:15.033631+00:00,security_metrics,ml_engine,e07fec3b,0.3090505865303654,0.3090505865303654,0,0.02360781468451023,,,,,,
_result,0,2026-07-23 17:02:48+00:00,2026-07-23 22:48:25.083254+00:00,2026-07-23 18:00:30.883609+00:00,security_metrics,ml_engine,e07fec3b,0.3612741647177459,0.3612741647177459,0,0.02258007787168026,,,,,,
_result,0,2026-07-23 17:02:48+00:00,2026-07-23 22:48:25.083254+00:00,2026-07-23 18:00:46.736822+00:00,security_metrics,ml_engine,e07fec3b,0.3531692810306372,0.3531692810306372,0,0.02271506004035473,,,,,,
_result,0,2026-07-23 17:02:48+00:00,2026-07-23 22:48:25.083254+00:00,2026-07-23 18:01:02.602567+00:00,security_metrics,ml_engine,e07fec3b,0.32159791265201954,0.32159791265201954,0,0.02338898926973343,,,,,,
_result,0,2026-07-23 17:02:48+00:00,2026-07-23 22:48:25.083254+00:00,2026-07-23 18:01:18.464034+00:00,security_metrics,ml_engine,e07fec3b,0.39038603296645724,0.39038603296645724,0,0.023248298093676567,,,,,,
_result,0,2026-07-23 17:02:48+00:00,2026-07-23 22:48:25.083254+00:00,2026-07-23 18:01:34.419791+00:00,security_metrics,ml_engine,e07fec3b,0.3240966304799501,0.3240966304799501,0,0.023225586861371994,,,,,,
_result,0,2026-07-23 17:02:48+00:00,2026-07-23 22:48:25.083254+00:00,2026-07-23 18:01:50.286509+00:00,security_metrics,ml_engine,e07fec3b,0.33875097171103835,0.33875097171103835,0,0.022660980001091957,,,,,,
_result,0,2026-07-23 17:02:48+00:00,2026-07-23 22:48:25.083254+00:00,2026-07-23 18:02:06.157716+00:00,security_metrics,ml_engine,e07fec3b,0.3733467484049763,0.3733467484049763,0,0.02303103171288967,,,,,,
_result,0,2026-07-23 17:02:48+00:00,2026-07-23 22:48:25.083254+00:00,2026-07-23 18:02:22.026560+00:00,security_metrics,ml_engine,e07fec3b,0.32903970587758297,0.32903970587758297,0,0.022836096584796906,,,,,,
_result,0,2026-07-23 17:02:48+00:00,2026-07-23 22:48:25.083254+00:00,2026-07-23 18:02:37.906463+00:00,security_metrics,ml_engine,e07fec3b,0.2873145475987177,0.2873145475987177,0,0.023225383833050728,,,,,,
_result,0,2026-07-23 17:02:48+00:00,2026-07-23 22:48:25.083254+00:00,2026-07-23 18:02:53.794258+00:00,security_metrics,ml_engine,e07fec3b,0.3397640242257237,0.3397640242257237,0,0.02302507311105728,,,,,,
_result,0,2026-07-23 17:02:48+00:00,2026-07-23 22:48:25.083254+00:00,2026-07-23 18:03:09.765194+00:00,security_metrics,ml_engine,e07fec3b,0.31572499052188696,0.31572499052188696,0,0.02321065589785576,,,,,,
_result,0,2026-07-23 17:02:48+00:00,2026-07-23 22:48:25.083254+00:00,2026-07-23 18:03:25.655259+00:00,security_metrics,ml_engine,e07fec3b,0.3897601257919992,0.3897601257919992,0,0.022679738700389862,,,,,,
_result,0,2026-07-23 17:02:48+00:00,2026-07-23 22:48:25.083254+00:00,2026-07-23 18:03:41.539924+00:00,security_metrics,ml_engine,e07fec3b,0.326837370232691,0.326837370232691,0,0.022730493918061256,,,,,,
_result,0,2026-07-23 17:02:48+00:00,2026-07-23 22:48:25.083254+00:00,2026-07-23 18:03:57.431931+00:00,security_metrics,ml_engine,e07fec3b,0.3470432536390089,0.3470432536390089,0,0.02251482754945755,,,,,,
_result,0,2026-07-23 17:02:48+00:00,2026-07-23 22:48:25.083254+00:00,2026-07-23 18:04:13.323632+00:00,security_metrics,ml_engine,e07fec3b,0.3360614611334543,0.3360614611334543,0,0.023491809144616127,,,,,,
_result,0,2026-07-23 17:02:48+00:00,2026-07-23 22:48:25.083254+00:00,2026-07-23 18:04:29.224163+00:00,security_metrics,ml_engine,e07fec3b,0.37469384324454524,0.37469384324454524,0,0.022559858858585358,,,,,,
_result,0,2026-07-23 17:02:48+00:00,2026-07-23 22:48:25.083254+00:00,2026-07-23 18:04:45.232834+00:00,security_metrics,ml_engine,e07fec3b,0.3013284977227466,0.3013284977227466,0,0.023293817415833473,,,,,,
_result,0,2026-07-23 17:02:48+00:00,2026-07-23 22:48:25.083254+00:00,2026-07-23 18:05:01.155937+00:00,security_metrics,ml_engine,e07fec3b,0.3715791012340149,0.3715791012340149,0,0.02292209304869175,,,,,,
_result,0,2026-07-23 17:02:48+00:00,2026-07-23 22:48:25.083254+00:00,2026-07-23 18:05:17.074694+00:00,security_metrics,ml_engine,e07fec3b,0.2597781553334635,0.2597781553334635,0,0.023188721388578415,,,,,,
_result,0,2026-07-23 17:02:48+00:00,2026-07-23 22:48:25.083254+00:00,2026-07-23 18:05:32.975646+00:00,security_metrics,ml_engine,e07fec3b,0.3140314283065018,0.3140314283065018,0,0.02289825677871704,,,,,,
_result,0,2026-07-23 17:02:48+00:00,2026-07-23 22:48:25.083254+00:00,2026-07-23 18:05:48.901762+00:00,security_metrics,ml_engine,e07fec3b,0.3164714294075342,0.3164714294075342,0,0.023230383172631264,,,,,,
_result,0,2026-07-23 17:02:48+00:00,2026-07-23 22:48:25.083254+00:00,2026-07-23 18:06:04.817487+00:00,security_metrics,ml_engine,e07fec3b,0.3550165186635318,0.3550165186635318,0,0.022774843499064445,,,,,,
_result,0,2026-07-23 17:02:48+00:00,2026-07-23 22:48:25.083254+00:00,2026-07-23 18:06:20.843977+00:00,security_metrics,ml_engine,e07fec3b,0.3629724304152109,0.3629724304152109,0,0.02332421764731407,,,,,,
_result,0,2026-07-23 17:02:48+00:00,2026-07-23 22:48:25.083254+00:00,2026-07-23 18:06:36.770801+00:00,security_metrics,ml_engine,e07fec3b,0.31931521634005194,0.31931521634005194,0,0.022702112793922424,,,,,,
_result,0,2026-07-23 17:02:48+00:00,2026-07-23 22:48:25.083254+00:00,2026-07-23 18:06:52.691194+00:00,security_metrics,ml_engine,e07fec3b,0.36289772368514067,0.36289772368514067,0,0.022598348557949066,,,,,,
_result,0,2026-07-23 17:02:48+00:00,2026-07-23 22:48:25.083254+00:00,2026-07-23 18:07:08.634590+00:00,security_metrics,ml_engine,e07fec3b,0.34087263726502676,0.34087263726502676,0,0.02368026226758957,,,,,,
_result,0,2026-07-23 17:02:48+00:00,2026-07-23 22:48:25.083254+00:00,2026-07-23 18:07:24.573439+00:00,security_metrics,ml_engine,e07fec3b,0.2954613299277076,0.2954613299277076,0,0.023454155772924423,,,,,,
_result,0,2026-07-23 17:02:48+00:00,2026-07-23 22:48:25.083254+00:00,2026-07-23 18:07:40.613827+00:00,security_metrics,ml_engine,e07fec3b,0.36497504429931055,0.36497504429931055,0,0.02243061363697052,,,,,,
_result,0,2026-07-23 17:02:48+00:00,2026-07-23 22:48:25.083254+00:00,2026-07-23 18:07:56.546148+00:00,security_metrics,ml_engine,e07fec3b,0.2525555782242217,0.2525555782242217,0,0.022789152339100838,,,,,,
_result,0,2026-07-23 17:02:48+00:00,2026-07-23 22:48:25.083254+00:00,2026-07-23 18:08:12.496277+00:00,security_metrics,ml_engine,e07fec3b,0.2510097880412855,0.2510097880412855,0,0.023372741416096687,,,,,,
_result,0,2026-07-23 17:02:48+00:00,2026-07-23 22:48:25.083254+00:00,2026-07-23 18:08:28.443721+00:00,security_metrics,ml_engine,e07fec3b,0.3300844244274086,0.3300844244274086,0,0.02311176061630249,,,,,,
_result,0,2026-07-23 17:02:48+00:00,2026-07-23 22:48:25.083254+00:00,2026-07-23 18:08:44.389042+00:00,security_metrics,ml_engine,e07fec3b,0.31793352183824264,0.31793352183824264,0,0.023178618401288986,,,,,,
_result,0,2026-07-23 17:02:48+00:00,2026-07-23 22:48:25.083254+00:00,2026-07-23 18:09:00.345951+00:00,security_metrics,ml_engine,e07fec3b,0.35103024984556086,0.35103024984556086,0,0.022739209234714508,,,,,,
_result,0,2026-07-23 17:02:48+00:00,2026-07-23 22:48:25.083254+00:00,2026-07-23 18:09:16.407432+00:00,security_metrics,ml_engine,e07fec3b,0.32903256906111544,0.32903256906111544,0,0.022673048079013824,,,,,,
_result,0,2026-07-23 17:02:48+00:00,2026-07-23 22:48:25.083254+00:00,2026-07-23 18:09:32.350143+00:00,security_metrics,ml_engine,e07fec3b,0.33101944761420576,0.33101944761420576,0,0.022721366956830025,,,,,,
_result,0,2026-07-23 17:02:48+00:00,2026-07-23 22:48:25.083254+00:00,2026-07-23 18:09:48.321406+00:00,security_metrics,ml_engine,e07fec3b,0.33568950798164965,0.33568950798164965,0,0.02282622642815113,,,,,,
_result,0,2026-07-23 17:02:48+00:00,2026-07-23 22:48:25.083254+00:00,2026-07-23 18:10:04.293493+00:00,security_metrics,ml_engine,e07fec3b,0.31858655107248374,0.31858655107248374,0,0.023407457396388054,,,,,,
_result,0,2026-07-23 17:02:48+00:00,2026-07-23 22:48:25.083254+00:00,2026-07-23 18:10:20.265043+00:00,security_metrics,ml_engine,e07fec3b,0.324907606308449,0.324907606308449,0,0.02273150533437729,,,,,,
_result,0,2026-07-23 17:02:48+00:00,2026-07-23 22:48:25.083254+00:00,2026-07-23 18:10:36.326655+00:00,security_metrics,ml_engine,e07fec3b,0.3667931880386222,0.3667931880386222,0,0.022451715543866158,,,,,,
_result,0,2026-07-23 17:02:48+00:00,2026-07-23 22:48:25.083254+00:00,2026-07-23 18:10:52.304018+00:00,security_metrics,ml_engine,e07fec3b,0.3742512683553933,0.3742512683553933,0,0.02283579297363758,,,,,,
_result,0,2026-07-23 17:02:48+00:00,2026-07-23 22:48:25.083254+00:00,2026-07-23 18:11:08.286287+00:00,security_metrics,ml_engine,e07fec3b,0.34762076785316354,0.34762076785316354,0,0.02326101064682007,,,,,,
_result,0,2026-07-23 17:02:48+00:00,2026-07-23 22:48:25.083254+00:00,2026-07-23 18:11:24.274311+00:00,security_metrics,ml_engine,e07fec3b,0.3253478498073587,0.3253478498073587,0,0.02316785603761673,,,,,,
_result,0,2026-07-23 17:02:48+00:00,2026-07-23 22:48:25.083254+00:00,2026-07-23 18:11:40.262394+00:00,security_metrics,ml_engine,e07fec3b,0.3303990087759851,0.3303990087759851,0,0.02286306396126747,,,,,,
_result,0,2026-07-23 17:02:48+00:00,2026-07-23 22:48:25.083254+00:00,2026-07-23 18:11:56.350633+00:00,security_metrics,ml_engine,e07fec3b,0.3294381149120205,0.3294381149120205,0,0.022951440885663033,,,,,,
_result,0,2026-07-23 17:02:48+00:00,2026-07-23 22:48:25.083254+00:00,2026-07-23 18:12:12.348062+00:00,security_metrics,ml_engine,e07fec3b,0.3399891822647072,0.3399891822647072,0,0.02291606180369854,,,,,,
_result,0,2026-07-23 17:02:48+00:00,2026-07-23 22:48:25.083254+00:00,2026-07-23 18:12:28.357495+00:00,security_metrics,ml_engine,e07fec3b,0.3326792843674624,0.3326792843674624,0,0.022642841562628746,,,,,,
_result,0,2026-07-23 17:02:48+00:00,2026-07-23 22:48:25.083254+00:00,2026-07-23 18:12:44.371100+00:00,security_metrics,ml_engine,e07fec3b,0.35292533513965296,0.35292533513965296,0,0.023420752957463264,,,,,,
_result,0,2026-07-23 17:02:48+00:00,2026-07-23 22:48:25.083254+00:00,2026-07-23 18:13:00.380674+00:00,security_metrics,ml_engine,e07fec3b,0.33133457565718355,0.33133457565718355,0,0.022811375558376312,,,,,,
_result,0,2026-07-23 17:02:48+00:00,2026-07-23 22:48:25.083254+00:00,2026-07-23 18:13:16.508116+00:00,security_metrics,ml_engine,e07fec3b,0.3757368058060597,0.3757368058060597,0,0.022855253890156746,,,,,,
_result,0,2026-07-23 17:02:48+00:00,2026-07-23 22:48:25.083254+00:00,2026-07-23 18:13:32.516304+00:00,security_metrics,ml_engine,e07fec3b,0.2974259248036647,0.2974259248036647,0,0.02268231473863125,,,,,,
_result,0,2026-07-23 17:02:48+00:00,2026-07-23 22:48:25.083254+00:00,2026-07-23 18:13:48.528142+00:00,security_metrics,ml_engine,e07fec3b,0.3876117046367255,0.3876117046367255,0,0.02219798043370247,,,,,,
_result,0,2026-07-23 17:02:48+00:00,2026-07-23 22:48:25.083254+00:00,2026-07-23 18:14:04.542716+00:00,security_metrics,ml_engine,e07fec3b,0.39151862955741346,0.39151862955741346,0,0.0226140134036541,,,,,,
_result,0,2026-07-23 17:02:48+00:00,2026-07-23 22:48:25.083254+00:00,2026-07-23 18:14:20.586674+00:00,security_metrics,ml_engine,e07fec3b,0.33990549804021225,0.33990549804021225,0,0.022890880703926086,,,,,,
_result,0,2026-07-23 17:02:48+00:00,2026-07-23 22:48:25.083254+00:00,2026-07-23 18:14:36.715358+00:00,security_metrics,ml_engine,e07fec3b,0.380912097368398,0.380912097368398,0,0.023230349645018578,,,,,,
_result,0,2026-07-23 17:02:48+00:00,2026-07-23 22:48:25.083254+00:00,2026-07-23 18:14:52.753380+00:00,security_metrics,ml_engine,e07fec3b,0.3718053104195944,0.3718053104195944,0,0.022750891745090485,,,,,,
_result,0,2026-07-23 17:02:48+00:00,2026-07-23 22:48:25.083254+00:00,2026-07-23 18:15:08.783364+00:00,security_metrics,ml_engine,e07fec3b,0.2912601320371051,0.2912601320371051,0,0.023177357390522957,,,,,,
_result,0,2026-07-23 17:02:48+00:00,2026-07-23 22:48:25.083254+00:00,2026-07-23 18:15:24.814680+00:00,security_metrics,ml_engine,e07fec3b,0.290333369025123,0.290333369025123,0,0.02318483777344227,,,,,,
_result,0,2026-07-23 17:02:48+00:00,2026-07-23 22:48:25.083254+00:00,2026-07-23 18:15:40.849137+00:00,security_metrics,ml_engine,e07fec3b,0.34387471254502017,0.34387471254502017,0,0.02348850667476654,,,,,,
_result,0,2026-07-23 17:02:48+00:00,2026-07-23 22:48:25.083254+00:00,2026-07-23 18:15:56.973827+00:00,security_metrics,ml_engine,e07fec3b,0.34602401227259977,0.34602401227259977,0,0.02283875271677971,,,,,,
_result,0,2026-07-23 17:02:48+00:00,2026-07-23 22:48:25.083254+00:00,2026-07-23 18:16:13.029544+00:00,security_metrics,ml_engine,e07fec3b,0.2845386933066559,0.2845386933066559,0,0.0230952687561512,,,,,,
_result,0,2026-07-23 17:02:48+00:00,2026-07-23 22:48:25.083254+00:00,2026-07-23 18:16:29.093591+00:00,security_metrics,ml_engine,e07fec3b,0.34320292353248244,0.34320292353248244,0,0.023566506803035736,,,,,,
_result,0,2026-07-23 17:02:48+00:00,2026-07-23 22:48:25.083254+00:00,2026-07-23 18:16:45.135238+00:00,security_metrics,ml_engine,e07fec3b,0.35512345865679285,0.35512345865679285,0,0.022924236953258514,,,,,,
_result,0,2026-07-23 17:02:48+00:00,2026-07-23 22:48:25.083254+00:00,2026-07-23 18:17:01.195484+00:00,security_metrics,ml_engine,e07fec3b,0.32306036773565144,0.32306036773565144,0,0.02289455384016037,,,,,,
_result,0,2026-07-23 17:02:48+00:00,2026-07-23 22:48:25.083254+00:00,2026-07-23 18:17:17.352368+00:00,security_metrics,ml_engine,e07fec3b,0.2729552725094124,0.2729552725094124,0,0.02246839925646782,,,,,,
_result,0,2026-07-23 17:02:48+00:00,2026-07-23 22:48:25.083254+00:00,2026-07-23 18:17:33.405991+00:00,security_metrics,ml_engine,e07fec3b,0.3117015017771186,0.3117015017771186,0,0.023296194151043892,,,,,,
_result,0,2026-07-23 17:02:48+00:00,2026-07-23 22:48:25.083254+00:00,2026-07-23 18:17:49.473798+00:00,security_metrics,ml_engine,e07fec3b,0.2967719827369093,0.2967719827369093,0,0.02310481294989586,,,,,,
_result,0,2026-07-23 17:02:48+00:00,2026-07-23 22:48:25.083254+00:00,2026-07-23 18:18:05.543761+00:00,security_metrics,ml_engine,e07fec3b,0.34289441286723704,0.34289441286723704,0,0.023194417357444763,,,,,,
_result,0,2026-07-23 17:02:48+00:00,2026-07-23 22:48:25.083254+00:00,2026-07-23 18:18:21.720208+00:00,security_metrics,ml_engine,e07fec3b,0.36960142926631,0.36960142926631,0,0.02344721555709839,,,,,,
_result,0,2026-07-23 17:02:48+00:00,2026-07-23 22:48:25.083254+00:00,2026-07-23 18:18:37.793237+00:00,security_metrics,ml_engine,e07fec3b,0.3695562044620236,0.3695562044620236,0,0.023239798843860626,,,,,,
_result,0,2026-07-23 17:02:48+00:00,2026-07-23 22:48:25.083254+00:00,2026-07-23 18:18:53.880595+00:00,security_metrics,ml_engine,e07fec3b,0.36925144773373675,0.36925144773373675,0,0.022588500753045082,,,,,,
_result,0,2026-07-23 17:02:48+00:00,2026-07-23 22:48:25.083254+00:00,2026-07-23 18:19:09.959843+00:00,security_metrics,ml_engine,e07fec3b,0.3735015338665803,0.3735015338665803,0,0.02250961773097515,,,,,,
_result,0,2026-07-23 17:02:48+00:00,2026-07-23 22:48:25.083254+00:00,2026-07-23 18:19:26.048546+00:00,security_metrics,ml_engine,e07fec3b,0.3315947065346215,0.3315947065346215,0,0.023338234052062035,,,,,,
_result,0,2026-07-23 17:02:48+00:00,2026-07-23 22:48:25.083254+00:00,2026-07-23 18:19:42.227457+00:00,security_metrics,ml_engine,e07fec3b,0.39112057820501706,0.39112057820501706,0,0.022819578647613525,,,,,,
_result,0,2026-07-23 17:02:48+00:00,2026-07-23 22:48:25.083254+00:00,2026-07-23 18:19:58.321958+00:00,security_metrics,ml_engine,e07fec3b,0.33195916433980555,0.33195916433980555,0,0.022520070895552635,,,,,,
_result,0,2026-07-23 17:02:48+00:00,2026-07-23 22:48:25.083254+00:00,2026-07-23 18:20:14.422637+00:00,security_metrics,ml_engine,e07fec3b,0.3044999403145399,0.3044999403145399,0,0.023271575570106506,,,,,,
_result,0,2026-07-23 17:02:48+00:00,2026-07-23 22:48:25.083254+00:00,2026-07-23 18:20:30.535776+00:00,security_metrics,ml_engine,e07fec3b,0.35911230222337526,0.35911230222337526,0,0.023048557341098785,,,,,,
_result,0,2026-07-23 17:02:48+00:00,2026-07-23 22:48:25.083254+00:00,2026-07-23 18:20:46.783227+00:00,security_metrics,ml_engine,e07fec3b,0.27724568534698896,0.27724568534698896,0,0.022485561668872833,,,,,,
_result,0,2026-07-23 17:02:48+00:00,2026-07-23 22:48:25.083254+00:00,2026-07-23 18:21:02.891082+00:00,security_metrics,ml_engine,e07fec3b,0.30056887340602995,0.30056887340602995,0,0.02336106263101101,,,,,,
_result,0,2026-07-23 17:02:48+00:00,2026-07-23 22:48:25.083254+00:00,2026-07-23 18:21:19.005981+00:00,security_metrics,ml_engine,e07fec3b,0.30940344650827917,0.30940344650827917,0,0.02325674705207348,,,,,,
_result,0,2026-07-23 17:02:48+00:00,2026-07-23 22:48:25.083254+00:00,2026-07-23 18:21:35.120695+00:00,security_metrics,ml_engine,e07fec3b,0.267770433148265,0.267770433148265,0,0.022601542994379997,,,,,,
_result,0,2026-07-23 17:02:48+00:00,2026-07-23 22:48:25.083254+00:00,2026-07-23 18:21:51.338162+00:00,security_metrics,ml_engine,e07fec3b,0.34286582848808356,0.34286582848808356,0,0.02256132662296295,,,,,,
_result,0,2026-07-23 17:02:48+00:00,2026-07-23 22:48:25.083254+00:00,2026-07-23 18:22:07.453431+00:00,security_metrics,ml_engine,e07fec3b,0.36764897900814736,0.36764897900814736,0,0.023073900490999222,,,,,,
_result,0,2026-07-23 17:02:48+00:00,2026-07-23 22:48:25.083254+00:00,2026-07-23 18:22:23.590005+00:00,security_metrics,ml_engine,e07fec3b,0.2958973288281731,0.2958973288281731,0,0.02294955775141716,,,,,,
_result,0,2026-07-23 17:02:48+00:00,2026-07-23 22:48:25.083254+00:00,2026-07-23 18:22:39.716515+00:00,security_metrics,ml_engine,e07fec3b,0.3488836212237151,0.3488836212237151,0,0.022782742977142334,,,,,,
_result,0,2026-07-23 17:02:48+00:00,2026-07-23 22:48:25.083254+00:00,2026-07-23 18:22:55.849104+00:00,security_metrics,ml_engine,e07fec3b,0.38135917279450793,0.38135917279450793,0,0.02254612371325493,,,,,,
_result,0,2026-07-23 17:02:48+00:00,2026-07-23 22:48:25.083254+00:00,2026-07-23 18:23:12.065772+00:00,security_metrics,ml_engine,e07fec3b,0.3323302754478702,0.3323302754478702,0,0.022648459300398827,,,,,,
_result,0,2026-07-23 17:02:48+00:00,2026-07-23 22:48:25.083254+00:00,2026-07-23 18:23:28.209576+00:00,security_metrics,ml_engine,e07fec3b,0.39036159882870713,0.39036159882870713,0,0.023165564984083176,,,,,,
_result,0,2026-07-23 17:02:48+00:00,2026-07-23 22:48:25.083254+00:00,2026-07-23 18:23:44.355005+00:00,security_metrics,ml_engine,e07fec3b,0.3806159632320118,0.3806159632320118,0,0.022640034556388855,,,,,,
_result,0,2026-07-23 17:02:48+00:00,2026-07-23 22:48:25.083254+00:00,2026-07-23 18:24:00.500355+00:00,security_metrics,ml_engine,e07fec3b,0.2613617647732533,0.2613617647732533,0,0.022982725873589516,,,,,,
_result,0,2026-07-23 17:02:48+00:00,2026-07-23 22:48:25.083254+00:00,2026-07-23 18:24:16.742151+00:00,security_metrics,ml_engine,e07fec3b,0.37439286451448045,0.37439286451448045,0,0.02294774353504181,,,,,,
_result,0,2026-07-23 17:02:48+00:00,2026-07-23 22:48:25.083254+00:00,2026-07-23 18:24:32.891918+00:00,security_metrics,ml_engine,e07fec3b,0.3767616041899527,0.3767616041899527,0,0.022297654300928116,,,,,,
_result,0,2026-07-23 17:02:48+00:00,2026-07-23 22:48:25.083254+00:00,2026-07-23 18:24:49.030097+00:00,security_metrics,ml_engine,e07fec3b,0.3532877282893221,0.3532877282893221,0,0.023138146847486496,,,,,,
_result,0,2026-07-23 17:02:48+00:00,2026-07-23 22:48:25.083254+00:00,2026-07-23 18:25:05.188051+00:00,security_metrics,ml_engine,e07fec3b,0.29360122404251615,0.29360122404251615,0,0.02350354753434658,,,,,,
_result,0,2026-07-23 17:02:48+00:00,2026-07-23 22:48:25.083254+00:00,2026-07-23 18:25:21.443859+00:00,security_metrics,ml_engine,e07fec3b,0.35588047293306185,0.35588047293306185,0,0.023230252787470818,,,,,,
_result,0,2026-07-23 17:02:48+00:00,2026-07-23 22:48:25.083254+00:00,2026-07-23 18:25:37.610553+00:00,security_metrics,ml_engine,e07fec3b,0.34180825756196015,0.34180825756196015,0,0.023369144648313522,,,,,,
_result,0,2026-07-23 17:02:48+00:00,2026-07-23 22:48:25.083254+00:00,2026-07-23 18:25:53.771734+00:00,security_metrics,ml_engine,e07fec3b,0.37979321434860025,0.37979321434860025,0,0.022283900529146194,,,,,,
_result,0,2026-07-23 17:02:48+00:00,2026-07-23 22:48:25.083254+00:00,2026-07-23 18:26:09.948581+00:00,security_metrics,ml_engine,e07fec3b,0.29220209815325526,0.29220209815325526,0,0.022658269852399826,,,,,,
_result,0,2026-07-23 17:02:48+00:00,2026-07-23 22:48:25.083254+00:00,2026-07-23 18:26:26.236780+00:00,security_metrics,ml_engine,e07fec3b,0.294920395938333,0.294920395938333,0,0.02353467233479023,,,,,,
_result,0,2026-07-23 17:02:48+00:00,2026-07-23 22:48:25.083254+00:00,2026-07-23 18:26:42.417383+00:00,security_metrics,ml_engine,e07fec3b,0.35683828337917345,0.35683828337917345,0,0.022927146404981613,,,,,,
_result,0,2026-07-23 17:02:48+00:00,2026-07-23 22:48:25.083254+00:00,2026-07-23 18:26:58.586988+00:00,security_metrics,ml_engine,e07fec3b,0.3544993041965653,0.3544993041965653,0,0.022412454709410667,,,,,,
_result,0,2026-07-23 17:02:48+00:00,2026-07-23 22:48:25.083254+00:00,2026-07-23 18:27:14.766652+00:00,security_metrics,ml_engine,e07fec3b,0.3700167131012101,0.3700167131012101,0,0.02278369851410389,,,,,,
_result,0,2026-07-23 17:02:48+00:00,2026-07-23 22:48:25.083254+00:00,2026-07-23 18:27:31.043527+00:00,security_metrics,ml_engine,e07fec3b,0.3841763687528894,0.3841763687528894,0,0.022912612184882164,,,,,,
_result,0,2026-07-23 17:02:48+00:00,2026-07-23 22:48:25.083254+00:00,2026-07-23 18:27:47.226967+00:00,security_metrics,ml_engine,e07fec3b,0.3415141675617549,0.3415141675617549,0,0.023349981755018234,,,,,,
_result,0,2026-07-23 17:02:48+00:00,2026-07-23 22:48:25.083254+00:00,2026-07-23 18:28:03.416427+00:00,security_metrics,ml_engine,e07fec3b,0.32030562074497787,0.32030562074497787,0,0.02321079559624195,,,,,,
_result,0,2026-07-23 17:02:48+00:00,2026-07-23 22:48:25.083254+00:00,2026-07-23 18:28:19.623637+00:00,security_metrics,ml_engine,e07fec3b,0.37273462921124245,0.37273462921124245,0,0.022600069642066956,,,,,,
_result,0,2026-07-23 17:02:48+00:00,2026-07-23 22:48:25.083254+00:00,2026-07-23 18:28:35.908106+00:00,security_metrics,ml_engine,e07fec3b,0.383874434315779,0.383874434315779,0,0.022506169974803925,,,,,,
_result,0,2026-07-23 17:02:48+00:00,2026-07-23 22:48:25.083254+00:00,2026-07-23 18:28:52.118519+00:00,security_metrics,ml_engine,e07fec3b,0.2747366066527983,0.2747366066527983,0,0.023106541484594345,,,,,,
_result,0,2026-07-23 17:02:48+00:00,2026-07-23 22:48:25.083254+00:00,2026-07-23 18:29:08.327167+00:00,security_metrics,ml_engine,e07fec3b,0.3403642097376758,0.3403642097376758,0,0.023727793246507645,,,,,,
_result,0,2026-07-23 17:02:48+00:00,2026-07-23 22:48:25.083254+00:00,2026-07-23 18:29:24.551384+00:00,security_metrics,ml_engine,e07fec3b,0.376863789160764,0.376863789160764,0,0.023236878216266632,,,,,,
_result,0,2026-07-23 17:02:48+00:00,2026-07-23 22:48:25.083254+00:00,2026-07-23 18:29:40.880611+00:00,security_metrics,ml_engine,e07fec3b,0.3767616041899527,0.3767616041899527,0,0.02278289385139942,,,,,,
_result,0,2026-07-23 17:02:48+00:00,2026-07-23 22:48:25.083254+00:00,2026-07-23 18:29:57.089409+00:00,security_metrics,ml_engine,e07fec3b,0.3272179667610039,0.3272179667610039,0,0.023078208789229393,,,,,,
_result,0,2026-07-23 17:02:48+00:00,2026-07-23 22:48:25.083254+00:00,2026-07-23 18:30:13.296021+00:00,security_metrics,ml_engine,e07fec3b,0.37995794410823247,0.37995794410823247,0,0.022361185401678085,,,,,,
_result,0,2026-07-23 17:02:48+00:00,2026-07-23 22:48:25.083254+00:00,2026-07-23 18:30:29.531200+00:00,security_metrics,ml_engine,e07fec3b,0.3844360534863566,0.3844360534863566,0,0.022977693006396294,,,,,,
_result,0,2026-07-23 17:02:48+00:00,2026-07-23 22:48:25.083254+00:00,2026-07-23 18:30:45.853399+00:00,security_metrics,ml_engine,e07fec3b,0.23700041411289685,0.23700041411289685,0,0.028849022462964058,,,,,,
_result,0,2026-07-23 17:02:48+00:00,2026-07-23 22:48:25.083254+00:00,2026-07-23 18:31:02.073426+00:00,security_metrics,ml_engine,e07fec3b,0.32306036773565144,0.32306036773565144,0,0.023023461923003197,,,,,,
_result,0,2026-07-23 17:02:48+00:00,2026-07-23 22:48:25.083254+00:00,2026-07-23 18:31:18.336257+00:00,security_metrics,ml_engine,e07fec3b,0.3037339554977558,0.3037339554977558,0,0.02282620221376419,,,,,,
_result,0,2026-07-23 17:02:48+00:00,2026-07-23 22:48:25.083254+00:00,2026-07-23 18:31:34.570307+00:00,security_metrics,ml_engine,e07fec3b,0.35509418084205696,0.35509418084205696,0,0.02304665558040142,,,,,,
_result,0,2026-07-23 17:02:48+00:00,2026-07-23 22:48:25.083254+00:00,2026-07-23 18:31:50.934795+00:00,security_metrics,ml_engine,e07fec3b,0.3802764743905686,0.3802764743905686,0,0.022291872650384903,,,,,,
_result,0,2026-07-23 17:02:48+00:00,2026-07-23 22:48:25.083254+00:00,2026-07-23 18:32:07.177850+00:00,security_metrics,ml_engine,e07fec3b,0.3805740556400024,0.3805740556400024,0,0.022869013249874115,,,,,,
_result,0,2026-07-23 17:02:48+00:00,2026-07-23 22:48:25.083254+00:00,2026-07-23 18:32:23.423581+00:00,security_metrics,ml_engine,e07fec3b,0.29313296369141933,0.29313296369141933,0,0.02297511324286461,,,,,,
_result,0,2026-07-23 17:02:48+00:00,2026-07-23 22:48:25.083254+00:00,2026-07-23 18:32:39.671946+00:00,security_metrics,ml_engine,e07fec3b,0.35200748620147737,0.35200748620147737,0,0.02297414280474186,,,,,,
_result,0,2026-07-23 17:02:48+00:00,2026-07-23 22:48:25.083254+00:00,2026-07-23 18:32:56.026461+00:00,security_metrics,ml_engine,e07fec3b,0.3274167124928338,0.3274167124928338,0,0.02332807332277298,,,,,,
_result,0,2026-07-23 17:02:48+00:00,2026-07-23 22:48:25.083254+00:00,2026-07-23 18:33:12.294787+00:00,security_metrics,ml_engine,e07fec3b,0.31575089943871554,0.31575089943871554,0,0.023415457457304,,,,,,
_result,0,2026-07-23 17:02:48+00:00,2026-07-23 22:48:25.083254+00:00,2026-07-23 18:33:28.554647+00:00,security_metrics,ml_engine,e07fec3b,0.32874906931952425,0.32874906931952425,0,0.023207122460007668,,,,,,
_result,0,2026-07-23 17:02:48+00:00,2026-07-23 22:48:25.083254+00:00,2026-07-23 18:33:44.830585+00:00,security_metrics,ml_engine,e07fec3b,0.3091217661291589,0.3091217661291589,0,0.022817976772785187,,,,,,
_result,0,2026-07-23 17:02:48+00:00,2026-07-23 22:48:25.083254+00:00,2026-07-23 18:34:01.189675+00:00,security_metrics,ml_engine,e07fec3b,0.33099166392849366,0.33099166392849366,0,0.02341488189995289,,,,,,
_result,0,2026-07-23 17:02:48+00:00,2026-07-23 22:48:25.083254+00:00,2026-07-23 18:34:17.440257+00:00,security_metrics,ml_engine,e07fec3b,0.32912164351147305,0.32912164351147305,0,0.022662140429019928,,,,,,
_result,0,2026-07-23 17:02:48+00:00,2026-07-23 22:48:25.083254+00:00,2026-07-23 18:34:33.709244+00:00,security_metrics,ml_engine,e07fec3b,0.35191200814267803,0.35191200814267803,0,0.023177096620202065,,,,,,
_result,0,2026-07-23 17:02:48+00:00,2026-07-23 22:48:25.083254+00:00,2026-07-23 18:34:49.981248+00:00,security_metrics,ml_engine,e07fec3b,0.3541757349894713,0.3541757349894713,0,0.022703099995851517,,,,,,
_result,0,2026-07-23 17:02:48+00:00,2026-07-23 22:48:25.083254+00:00,2026-07-23 18:35:06.370054+00:00,security_metrics,ml_engine,e07fec3b,0.3921986557237993,0.3921986557237993,0,0.022584324702620506,,,,,,
_result,0,2026-07-23 17:02:48+00:00,2026-07-23 22:48:25.083254+00:00,2026-07-23 18:35:22.647919+00:00,security_metrics,ml_engine,e07fec3b,0.30084201807894345,0.30084201807894345,0,0.022792357951402664,,,,,,
_result,0,2026-07-23 17:02:48+00:00,2026-07-23 22:48:25.083254+00:00,2026-07-23 18:35:38.930563+00:00,security_metrics,ml_engine,e07fec3b,0.33688978316633206,0.33688978316633206,0,0.022807225584983826,,,,,,
_result,0,2026-07-23 17:02:48+00:00,2026-07-23 22:48:25.083254+00:00,2026-07-23 18:35:55.234347+00:00,security_metrics,ml_engine,e07fec3b,0.3481188734373272,0.3481188734373272,0,0.023115521296858788,,,,,,
_result,0,2026-07-23 17:02:48+00:00,2026-07-23 22:48:25.083254+00:00,2026-07-23 18:36:11.618019+00:00,security_metrics,ml_engine,e07fec3b,0.39224705146560745,0.39224705146560745,0,0.022827472537755966,,,,,,
_result,0,2026-07-23 17:02:48+00:00,2026-07-23 22:48:25.083254+00:00,2026-07-23 18:36:27.927955+00:00,security_metrics,ml_engine,e07fec3b,0.3848635084812507,0.3848635084812507,0,0.02307431399822235,,,,,,
_result,0,2026-07-23 17:02:48+00:00,2026-07-23 22:48:25.083254+00:00,2026-07-23 18:36:44.218833+00:00,security_metrics,ml_engine,e07fec3b,0.32311022763913855,0.32311022763913855,0,0.023403633385896683,,,,,,
_result,0,2026-07-23 17:02:48+00:00,2026-07-23 22:48:25.083254+00:00,2026-07-23 18:37:00.638353+00:00,security_metrics,ml_engine,e07fec3b,0.3438880025324585,0.3438880025324585,0,0.02304163947701454,,,,,,
_result,0,2026-07-23 17:02:48+00:00,2026-07-23 22:48:25.083254+00:00,2026-07-23 18:37:16.947023+00:00,security_metrics,ml_engine,e07fec3b,0.3250315735307233,0.3250315735307233,0,0.023382550105452538,,,,,,
_result,0,2026-07-23 17:02:48+00:00,2026-07-23 22:48:25.083254+00:00,2026-07-23 18:37:33.255177+00:00,security_metrics,ml_engine,e07fec3b,0.3263180425637682,0.3263180425637682,0,0.022652694955468178,,,,,,
_result,0,2026-07-23 17:02:48+00:00,2026-07-23 22:48:25.083254+00:00,2026-07-23 18:37:49.572198+00:00,security_metrics,ml_engine,e07fec3b,0.3238948547114858,0.3238948547114858,0,0.023227788507938385,,,,,,
_result,0,2026-07-23 17:02:48+00:00,2026-07-23 22:48:25.083254+00:00,2026-07-23 18:38:05.973709+00:00,security_metrics,ml_engine,e07fec3b,0.34611455488624027,0.34611455488624027,0,0.022890686988830566,,,,,,
_result,0,2026-07-23 17:02:48+00:00,2026-07-23 22:48:25.083254+00:00,2026-07-23 18:38:22.297913+00:00,security_metrics,ml_engine,e07fec3b,0.31695835719150983,0.31695835719150983,0,0.023497121408581734,,,,,,
_result,0,2026-07-23 17:02:48+00:00,2026-07-23 22:48:25.083254+00:00,2026-07-23 18:38:38.609916+00:00,security_metrics,ml_engine,e07fec3b,0.329370058420186,0.329370058420186,0,0.022942792624235153,,,,,,
_result,0,2026-07-23 17:02:48+00:00,2026-07-23 22:48:25.083254+00:00,2026-07-23 18:38:55.017687+00:00,security_metrics,ml_engine,e07fec3b,0.33331958862248695,0.33331958862248695,0,0.022748220711946487,,,,,,
_result,0,2026-07-23 17:02:48+00:00,2026-07-23 22:48:25.083254+00:00,2026-07-23 18:39:11.346027+00:00,security_metrics,ml_engine,e07fec3b,0.3603847581170818,0.3603847581170818,0,0.02307228371500969,,,,,,
_result,0,2026-07-23 17:02:48+00:00,2026-07-23 22:48:25.083254+00:00,2026-07-23 18:39:27.667724+00:00,security_metrics,ml_engine,e07fec3b,0.2889267069354267,0.2889267069354267,0,0.022519128397107124,,,,,,
_result,0,2026-07-23 17:02:48+00:00,2026-07-23 22:48:25.083254+00:00,2026-07-23 18:39:44.001554+00:00,security_metrics,ml_engine,e07fec3b,0.2865310199795959,0.2865310199795959,0,0.022668693214654922,,,,,,
_result,0,2026-07-23 17:02:48+00:00,2026-07-23 22:48:25.083254+00:00,2026-07-23 18:40:00.452775+00:00,security_metrics,ml_engine,e07fec3b,0.20278081083640598,0.20278081083640598,0,0.029045239090919495,,,,,,
_result,0,2026-07-23 17:02:48+00:00,2026-07-23 22:48:25.083254+00:00,2026-07-23 18:40:16.808108+00:00,security_metrics,ml_engine,e07fec3b,0.2830067433080897,0.2830067433080897,0,0.023150168359279633,,,,,,
_result,0,2026-07-23 17:02:48+00:00,2026-07-23 22:48:25.083254+00:00,2026-07-23 18:40:33.146116+00:00,security_metrics,ml_engine,e07fec3b,0.3034264283231609,0.3034264283231609,0,0.023138470947742462,,,,,,
_result,0,2026-07-23 17:02:48+00:00,2026-07-23 22:48:25.083254+00:00,2026-07-23 18:40:49.488328+00:00,security_metrics,ml_engine,e07fec3b,0.2824749607497283,0.2824749607497283,0,0.023056115955114365,,,,,,
_result,0,2026-07-23 17:02:48+00:00,2026-07-23 22:48:25.083254+00:00,2026-07-23 18:41:05.924982+00:00,security_metrics,ml_engine,e07fec3b,0.39685888657207624,0.39685888657207624,0,0.02306739240884781,,,,,,
_result,0,2026-07-23 17:02:48+00:00,2026-07-23 22:48:25.083254+00:00,2026-07-23 18:41:22.285893+00:00,security_metrics,ml_engine,e07fec3b,0.38316086955340567,0.38316086955340567,0,0.022486211732029915,,,,,,
_result,0,2026-07-23 17:02:48+00:00,2026-07-23 22:48:25.083254+00:00,2026-07-23 18:41:38.644014+00:00,security_metrics,ml_engine,e07fec3b,0.3256607779509951,0.3256607779509951,0,0.02273399382829666,,,,,,
_result,0,2026-07-23 17:02:48+00:00,2026-07-23 22:48:25.083254+00:00,2026-07-23 18:41:55.088744+00:00,security_metrics,ml_engine,e07fec3b,0.31048680717037697,0.31048680717037697,0,0.022800512611865997,,,,,,
_result,0,2026-07-23 17:02:48+00:00,2026-07-23 22:48:25.083254+00:00,2026-07-23 18:42:11.453822+00:00,security_metrics,ml_engine,e07fec3b,0.33968812045803576,0.33968812045803576,0,0.023118605837225914,,,,,,
_result,0,2026-07-23 17:02:48+00:00,2026-07-23 22:48:25.083254+00:00,2026-07-23 18:42:27.830900+00:00,security_metrics,ml_engine,e07fec3b,0.37228805744434884,0.37228805744434884,0,0.022567158564925194,,,,,,
_result,0,2026-07-23 17:02:48+00:00,2026-07-23 22:48:25.083254+00:00,2026-07-23 18:42:44.195209+00:00,security_metrics,ml_engine,e07fec3b,0.39228370879000146,0.39228370879000146,0,0.02274414524435997,,,,,,
_result,0,2026-07-23 17:02:48+00:00,2026-07-23 22:48:25.083254+00:00,2026-07-23 18:43:00.663355+00:00,security_metrics,ml_engine,e07fec3b,0.38198302222724584,0.38198302222724584,0,0.022662460803985596,,,,,,
_result,0,2026-07-23 17:02:48+00:00,2026-07-23 22:48:25.083254+00:00,2026-07-23 18:43:17.029289+00:00,security_metrics,ml_engine,e07fec3b,0.3728721056580806,0.3728721056580806,0,0.022815678268671036,,,,,,
_result,0,2026-07-23 17:02:48+00:00,2026-07-23 22:48:25.083254+00:00,2026-07-23 18:43:33.404427+00:00,security_metrics,ml_engine,e07fec3b,0.3274167124928338,0.3274167124928338,0,0.02255457453429699,,,,,,
_result,0,2026-07-23 17:02:48+00:00,2026-07-23 22:48:25.083254+00:00,2026-07-23 18:43:49.916991+00:00,security_metrics,ml_engine,e07fec3b,0.3726054910140557,0.3726054910140557,0,0.02268308214843273,,,,,,
_result,0,2026-07-23 17:02:48+00:00,2026-07-23 22:48:25.083254+00:00,2026-07-23 18:44:06.334293+00:00,security_metrics,ml_engine,e07fec3b,0.3304924135155216,0.3304924135155216,0,0.02266727201640606,,,,,,
_result,0,2026-07-23 17:02:48+00:00,2026-07-23 22:48:25.083254+00:00,2026-07-23 18:44:22.715020+00:00,security_metrics,ml_engine,e07fec3b,0.31912963549414936,0.31912963549414936,0,0.023033728823065758,,,,,,
_result,0,2026-07-23 17:02:48+00:00,2026-07-23 22:48:25.083254+00:00,2026-07-23 18:44:39.198010+00:00,security_metrics,ml_engine,e07fec3b,0.3839386003046555,0.3839386003046555,0,0.022282013669610023,,,,,,
_result,0,2026-07-23 17:02:48+00:00,2026-07-23 22:48:25.083254+00:00,2026-07-23 18:44:55.602242+00:00,security_metrics,ml_engine,e07fec3b,0.3812295897190718,0.3812295897190718,0,0.02253016084432602,,,,,,
_result,0,2026-07-23 17:02:48+00:00,2026-07-23 22:48:25.083254+00:00,2026-07-23 18:45:12.001466+00:00,security_metrics,ml_engine,e07fec3b,0.3554638205021351,0.3554638205021351,0,0.02279656007885933,,,,,,
_result,0,2026-07-23 17:02:48+00:00,2026-07-23 22:48:25.083254+00:00,2026-07-23 18:45:28.408784+00:00,security_metrics,ml_engine,e07fec3b,0.37727422331884,0.37727422331884,0,0.022996408864855766,,,,,,
_result,0,2026-07-23 17:02:48+00:00,2026-07-23 22:48:25.083254+00:00,2026-07-23 18:45:44.915809+00:00,security_metrics,ml_engine,e07fec3b,0.38338427539053677,0.38338427539053677,0,0.023018795996904373,,,,,,
_result,0,2026-07-23 17:02:48+00:00,2026-07-23 22:48:25.083254+00:00,2026-07-23 18:46:01.335213+00:00,security_metrics,ml_engine,e07fec3b,0.3366612283760295,0.3366612283760295,0,0.02227732352912426,,,,,,
_result,0,2026-07-23 17:02:48+00:00,2026-07-23 22:48:25.083254+00:00,2026-07-23 18:46:17.762704+00:00,security_metrics,ml_engine,e07fec3b,0.3499533899898784,0.3499533899898784,0,0.02270117774605751,,,,,,
_result,0,2026-07-23 17:02:48+00:00,2026-07-23 22:48:25.083254+00:00,2026-07-23 18:46:34.279619+00:00,security_metrics,ml_engine,e07fec3b,0.3143773675603608,0.3143773675603608,0,0.023256490007042885,,,,,,
_result,0,2026-07-23 17:02:48+00:00,2026-07-23 22:48:25.083254+00:00,2026-07-23 18:46:50.729929+00:00,security_metrics,ml_engine,e07fec3b,0.3053772318156047,0.3053772318156047,0,0.02304048463702202,,,,,,
_result,0,2026-07-23 17:02:48+00:00,2026-07-23 22:48:25.083254+00:00,2026-07-23 18:47:07.135706+00:00,security_metrics,ml_engine,e07fec3b,0.368196991920838,0.368196991920838,0,0.022956304252147675,,,,,,
_result,0,2026-07-23 17:02:48+00:00,2026-07-23 22:48:25.083254+00:00,2026-07-23 18:47:23.556128+00:00,security_metrics,ml_engine,e07fec3b,0.29657979618790115,0.29657979618790115,0,0.023292848840355873,,,,,,
_result,0,2026-07-23 17:02:48+00:00,2026-07-23 22:48:25.083254+00:00,2026-07-23 18:47:40.074440+00:00,security_metrics,ml_engine,e07fec3b,0.36046401722203986,0.36046401722203986,0,0.023062311112880707,,,,,,
_result,0,2026-07-23 17:02:48+00:00,2026-07-23 22:48:25.083254+00:00,2026-07-23 18:47:56.518035+00:00,security_metrics,ml_engine,e07fec3b,0.368491991390596,0.368491991390596,0,0.023173734545707703,,,,,,
_result,0,2026-07-23 17:02:48+00:00,2026-07-23 22:48:25.083254+00:00,2026-07-23 18:48:12.961491+00:00,security_metrics,ml_engine,e07fec3b,0.27086565465425533,0.27086565465425533,0,0.023011762648820877,,,,,,
_result,0,2026-07-23 17:02:48+00:00,2026-07-23 22:48:25.083254+00:00,2026-07-23 18:48:29.523608+00:00,security_metrics,ml_engine,e07fec3b,0.3565186365427591,0.3565186365427591,0,0.022700728848576546,,,,,,
_result,0,2026-07-23 17:02:48+00:00,2026-07-23 22:48:25.083254+00:00,2026-07-23 18:48:45.978710+00:00,security_metrics,ml_engine,e07fec3b,0.35191200814267803,0.35191200814267803,0,0.023020172491669655,,,,,,
_result,0,2026-07-23 17:02:48+00:00,2026-07-23 22:48:25.083254+00:00,2026-07-23 18:49:02.426114+00:00,security_metrics,ml_engine,e07fec3b,0.3151188941648184,0.3151188941648184,0,0.023106062784790993,,,,,,
_result,0,2026-07-23 17:02:48+00:00,2026-07-23 22:48:25.083254+00:00,2026-07-23 18:49:18.982807+00:00,security_metrics,ml_engine,e07fec3b,0.3519469997774967,0.3519469997774967,0,0.023339349776506424,,,,,,
_result,0,2026-07-23 17:02:48+00:00,2026-07-23 22:48:25.083254+00:00,2026-07-23 18:49:35.465077+00:00,security_metrics,ml_engine,e07fec3b,0.31291059410439526,0.31291059410439526,0,0.0232121329754591,,,,,,
_result,0,2026-07-23 17:02:48+00:00,2026-07-23 22:48:25.083254+00:00,2026-07-23 18:49:51.933258+00:00,security_metrics,ml_engine,e07fec3b,0.31272707034716496,0.31272707034716496,0,0.023211931809782982,,,,,,
_result,0,2026-07-23 17:02:48+00:00,2026-07-23 22:48:25.083254+00:00,2026-07-23 18:50:08.396631+00:00,security_metrics,ml_engine,e07fec3b,0.2931431425054818,0.2931431425054818,0,0.023392898961901665,,,,,,
_result,0,2026-07-23 17:02:48+00:00,2026-07-23 22:48:25.083254+00:00,2026-07-23 18:50:24.942192+00:00,security_metrics,ml_engine,e07fec3b,0.28940242947147027,0.28940242947147027,0,0.022771675139665604,,,,,,
_result,0,2026-07-23 17:02:48+00:00,2026-07-23 22:48:25.083254+00:00,2026-07-23 18:50:41.431660+00:00,security_metrics,ml_engine,e07fec3b,0.30795681490005944,0.30795681490005944,0,0.022436225786805153,,,,,,
_result,0,2026-07-23 17:02:48+00:00,2026-07-23 22:48:25.083254+00:00,2026-07-23 18:50:57.906002+00:00,security_metrics,ml_engine,e07fec3b,0.31627586423343307,0.31627586423343307,0,0.023326583206653595,,,,,,
_result,0,2026-07-23 17:02:48+00:00,2026-07-23 22:48:25.083254+00:00,2026-07-23 18:51:14.484156+00:00,security_metrics,ml_engine,e07fec3b,0.24576959851042646,0.24576959851042646,0,0.02283286303281784,,,,,,
_result,0,2026-07-23 17:02:48+00:00,2026-07-23 22:48:25.083254+00:00,2026-07-23 18:51:30.955030+00:00,security_metrics,ml_engine,e07fec3b,0.2748010770111327,0.2748010770111327,0,0.022340236231684685,,,,,,
_result,0,2026-07-23 17:02:48+00:00,2026-07-23 22:48:25.083254+00:00,2026-07-23 18:51:47.435798+00:00,security_metrics,ml_engine,e07fec3b,0.21103615971161016,0.21103615971161016,0,0.028667908161878586,,,,,,
_result,0,2026-07-23 17:02:48+00:00,2026-07-23 22:48:25.083254+00:00,2026-07-23 18:52:04.007072+00:00,security_metrics,ml_engine,e07fec3b,0.3518673653626685,0.3518673653626685,0,0.022863568738102913,,,,,,
_result,0,2026-07-23 17:02:48+00:00,2026-07-23 22:48:25.083254+00:00,2026-07-23 18:52:20.499028+00:00,security_metrics,ml_engine,e07fec3b,0.38980155938141975,0.38980155938141975,0,0.022651877254247665,,,,,,
_result,0,2026-07-23 17:02:48+00:00,2026-07-23 22:48:25.083254+00:00,2026-07-23 18:52:36.991902+00:00,security_metrics,ml_engine,e07fec3b,0.3504514588783945,0.3504514588783945,0,0.02330997958779335,,,,,,
_result,0,2026-07-23 17:02:48+00:00,2026-07-23 22:48:25.083254+00:00,2026-07-23 18:52:53.574041+00:00,security_metrics,ml_engine,e07fec3b,0.33480987508099885,0.33480987508099885,0,0.023180877789855003,,,,,,
_result,0,2026-07-23 17:02:48+00:00,2026-07-23 22:48:25.083254+00:00,2026-07-23 18:53:10.062856+00:00,security_metrics,ml_engine,e07fec3b,0.30810468621962084,0.30810468621962084,0,0.022873522713780403,,,,,,
_result,0,2026-07-23 17:02:48+00:00,2026-07-23 22:48:25.083254+00:00,2026-07-23 18:53:26.561950+00:00,security_metrics,ml_engine,e07fec3b,0.38067183034499397,0.38067183034499397,0,0.02257622219622135,,,,,,
_result,0,2026-07-23 17:02:48+00:00,2026-07-23 22:48:25.083254+00:00,2026-07-23 18:53:43.085059+00:00,security_metrics,ml_engine,e07fec3b,0.35739366501117836,0.35739366501117836,0,0.022985484451055527,,,,,,
_result,0,2026-07-23 17:02:48+00:00,2026-07-23 22:48:25.083254+00:00,2026-07-23 18:53:59.692364+00:00,security_metrics,ml_engine,e07fec3b,0.3030998067942325,0.3030998067942325,0,0.022774092853069305,,,,,,
_result,0,2026-07-23 17:02:48+00:00,2026-07-23 22:48:25.083254+00:00,2026-07-23 18:54:16.204786+00:00,security_metrics,ml_engine,e07fec3b,0.346430487970011,0.346430487970011,0,0.023675955832004547,,,,,,
_result,0,2026-07-23 17:02:48+00:00,2026-07-23 22:48:25.083254+00:00,2026-07-23 18:54:32.706418+00:00,security_metrics,ml_engine,e07fec3b,0.3827613304555278,0.3827613304555278,0,0.022929858416318893,,,,,,
_result,0,2026-07-23 17:02:48+00:00,2026-07-23 22:48:25.083254+00:00,2026-07-23 18:54:49.333617+00:00,security_metrics,ml_engine,e07fec3b,0.16502443815665857,0.16502443815665857,0,0.028997547924518585,,,,,,
_result,0,2026-07-23 17:02:48+00:00,2026-07-23 22:48:25.083254+00:00,2026-07-23 18:55:05.844255+00:00,security_metrics,ml_engine,e07fec3b,0.2597781553334635,0.2597781553334635,0,0.02255164086818695,,,,,,
_result,0,2026-07-23 17:02:48+00:00,2026-07-23 22:48:25.083254+00:00,2026-07-23 18:55:22.373068+00:00,security_metrics,ml_engine,e07fec3b,0.3818636215150337,0.3818636215150337,0,0.02254457026720047,,,,,,
_result,0,2026-07-23 17:02:48+00:00,2026-07-23 22:48:25.083254+00:00,2026-07-23 18:55:39.000830+00:00,security_metrics,ml_engine,e07fec3b,0.3777224744564265,0.3777224744564265,0,0.02256128378212452,,,,,,
_result,0,2026-07-23 17:02:48+00:00,2026-07-23 22:48:25.083254+00:00,2026-07-23 18:55:55.537719+00:00,security_metrics,ml_engine,e07fec3b,0.3616241092281685,0.3616241092281685,0,0.02256152220070362,,,,,,
_result,0,2026-07-23 17:02:48+00:00,2026-07-23 22:48:25.083254+00:00,2026-07-23 18:56:12.093495+00:00,security_metrics,ml_engine,e07fec3b,0.3070328122965185,0.3070328122965185,0,0.022872276604175568,,,,,,
_result,0,2026-07-23 17:02:48+00:00,2026-07-23 22:48:25.083254+00:00,2026-07-23 18:56:28.722707+00:00,security_metrics,ml_engine,e07fec3b,0.35005696809436115,0.35005696809436115,0,0.022374453023076057,,,,,,
_result,0,2026-07-23 17:02:48+00:00,2026-07-23 22:48:25.083254+00:00,2026-07-23 18:56:45.285850+00:00,security_metrics,ml_engine,e07fec3b,0.3188518901332854,0.3188518901332854,0,0.02308034896850586,,,,,,
_result,0,2026-07-23 17:02:48+00:00,2026-07-23 22:48:25.083254+00:00,2026-07-23 18:57:01.829159+00:00,security_metrics,ml_engine,e07fec3b,0.3830101880406161,0.3830101880406161,0,0.022901859134435654,,,,,,
_result,0,2026-07-23 17:02:48+00:00,2026-07-23 22:48:25.083254+00:00,2026-07-23 18:57:18.481755+00:00,security_metrics,ml_engine,e07fec3b,0.3099931252285359,0.3099931252285359,0,0.023244192823767662,,,,,,
_result,0,2026-07-23 17:02:48+00:00,2026-07-23 22:48:25.083254+00:00,2026-07-23 18:57:35.034604+00:00,security_metrics,ml_engine,e07fec3b,0.324907606308449,0.324907606308449,0,0.022876452654600143,,,,,,
_result,0,2026-07-23 17:02:48+00:00,2026-07-23 22:48:25.083254+00:00,2026-07-23 18:57:51.575937+00:00,security_metrics,ml_engine,e07fec3b,0.37326384946883184,0.37326384946883184,0,0.02286776341497898,,,,,,
_result,0,2026-07-23 17:02:48+00:00,2026-07-23 22:48:25.083254+00:00,2026-07-23 18:58:08.224570+00:00,security_metrics,ml_engine,e07fec3b,0.2453619377681009,0.2453619377681009,0,0.022709235548973083,,,,,,
_result,0,2026-07-23 17:02:48+00:00,2026-07-23 22:48:25.083254+00:00,2026-07-23 18:58:24.774894+00:00,security_metrics,ml_engine,e07fec3b,0.37615321111311195,0.37615321111311195,0,0.02252255007624626,,,,,,
_result,0,2026-07-23 17:02:48+00:00,2026-07-23 22:48:25.083254+00:00,2026-07-23 18:58:41.355410+00:00,security_metrics,ml_engine,e07fec3b,0.33224878711114153,0.33224878711114153,0,0.022264797240495682,,,,,,
_result,0,2026-07-23 17:02:48+00:00,2026-07-23 22:48:25.083254+00:00,2026-07-23 18:58:58.029573+00:00,security_metrics,ml_engine,e07fec3b,0.3564527238815869,0.3564527238815869,0,0.022971337661147118,,,,,,
_result,0,2026-07-23 17:02:48+00:00,2026-07-23 22:48:25.083254+00:00,2026-07-23 18:59:14.587651+00:00,security_metrics,ml_engine,e07fec3b,0.30887826682191294,0.30887826682191294,0,0.02320096641778946,,,,,,
_result,0,2026-07-23 17:02:48+00:00,2026-07-23 22:48:25.083254+00:00,2026-07-23 18:59:31.168022+00:00,security_metrics,ml_engine,e07fec3b,0.33492515570727405,0.33492515570727405,0,0.023029489442706108,,,,,,
_result,0,2026-07-23 17:02:48+00:00,2026-07-23 22:48:25.083254+00:00,2026-07-23 18:59:47.873302+00:00,security_metrics,ml_engine,e07fec3b,0.3653744212134641,0.3653744212134641,0,0.022808991372585297,,,,,,
_result,0,2026-07-23 17:02:48+00:00,2026-07-23 22:48:25.083254+00:00,2026-07-23 19:00:04.469849+00:00,security_metrics,ml_engine,e07fec3b,0.37647528212333486,0.37647528212333486,0,0.02329413965344429,,,,,,
_result,0,2026-07-23 17:02:48+00:00,2026-07-23 22:48:25.083254+00:00,2026-07-23 19:00:21.050214+00:00,security_metrics,ml_engine,e07fec3b,0.33001702144872197,0.33001702144872197,0,0.023213179782032967,,,,,,
_result,0,2026-07-23 17:02:48+00:00,2026-07-23 22:48:25.083254+00:00,2026-07-23 19:00:37.749456+00:00,security_metrics,ml_engine,e07fec3b,0.31799333925881096,0.31799333925881096,0,0.022359173744916916,,,,,,
_result,0,2026-07-23 17:02:48+00:00,2026-07-23 22:48:25.083254+00:00,2026-07-23 19:00:54.346672+00:00,security_metrics,ml_engine,e07fec3b,0.37716570553243206,0.37716570553243206,0,0.022428901866078377,,,,,,
_result,0,2026-07-23 17:02:48+00:00,2026-07-23 22:48:25.083254+00:00,2026-07-23 19:01:10.951699+00:00,security_metrics,ml_engine,e07fec3b,0.37928451939157454,0.37928451939157454,0,0.022686297073960304,,,,,,
_result,0,2026-07-23 17:02:48+00:00,2026-07-23 22:48:25.083254+00:00,2026-07-23 19:01:27.668728+00:00,security_metrics,ml_engine,e07fec3b,0.30084201807894345,0.30084201807894345,0,0.023267416283488274,,,,,,
_result,0,2026-07-23 17:02:48+00:00,2026-07-23 22:48:25.083254+00:00,2026-07-23 19:01:44.268343+00:00,security_metrics,ml_engine,e07fec3b,0.32320148675001037,0.32320148675001037,0,0.022731881588697433,,,,,,
_result,0,2026-07-23 17:02:48+00:00,2026-07-23 22:48:25.083254+00:00,2026-07-23 19:02:00.867448+00:00,security_metrics,ml_engine,e07fec3b,0.350614334939403,0.350614334939403,0,0.023320863023400307,,,,,,
_result,0,2026-07-23 17:02:48+00:00,2026-07-23 22:48:25.083254+00:00,2026-07-23 19:02:17.450258+00:00,security_metrics,ml_engine,e07fec3b,0.28552713908422445,0.28552713908422445,0,0.022820567712187767,,,,,,
_result,0,2026-07-23 17:02:48+00:00,2026-07-23 22:48:25.083254+00:00,2026-07-23 19:02:34.149075+00:00,security_metrics,ml_engine,e07fec3b,0.3735015338665803,0.3735015338665803,0,0.022806471213698387,,,,,,
_result,0,2026-07-23 17:02:48+00:00,2026-07-23 22:48:25.083254+00:00,2026-07-23 19:02:50.754603+00:00,security_metrics,ml_engine,e07fec3b,0.39163002547889303,0.39163002547889303,0,0.02256225049495697,,,,,,
_result,0,2026-07-23 17:02:48+00:00,2026-07-23 22:48:25.083254+00:00,2026-07-23 19:03:07.467577+00:00,security_metrics,ml_engine,e07fec3b,0.35116165291440843,0.35116165291440843,0,0.022973323240876198,,,,,,
_result,0,2026-07-23 17:02:48+00:00,2026-07-23 22:48:25.083254+00:00,2026-07-23 19:03:24.081414+00:00,security_metrics,ml_engine,e07fec3b,0.3539425012274557,0.3539425012274557,0,0.02330920286476612,,,,,,
_result,0,2026-07-23 17:02:48+00:00,2026-07-23 22:48:25.083254+00:00,2026-07-23 19:03:40.687920+00:00,security_metrics,ml_engine,e07fec3b,0.3425858415890583,0.3425858415890583,0,0.023025061935186386,,,,,,
_result,0,2026-07-23 17:02:48+00:00,2026-07-23 22:48:25.083254+00:00,2026-07-23 19:03:57.380091+00:00,security_metrics,ml_engine,e07fec3b,0.3787949630361385,0.3787949630361385,0,0.023076148703694344,,,,,,
_result,0,2026-07-23 17:02:48+00:00,2026-07-23 22:48:25.083254+00:00,2026-07-23 19:04:13.981745+00:00,security_metrics,ml_engine,e07fec3b,0.3372828130770582,0.3372828130770582,0,0.022881334647536278,,,,,,
_result,0,2026-07-23 17:02:48+00:00,2026-07-23 22:48:25.083254+00:00,2026-07-23 19:04:30.591978+00:00,security_metrics,ml_engine,e07fec3b,0.38390518226901293,0.38390518226901293,0,0.022756122052669525,,,,,,
_result,0,2026-07-23 17:02:48+00:00,2026-07-23 22:48:25.083254+00:00,2026-07-23 19:04:47.311692+00:00,security_metrics,ml_engine,e07fec3b,0.32030467053398637,0.32030467053398637,0,0.023220472037792206,,,,,,
_result,0,2026-07-23 17:02:48+00:00,2026-07-23 22:48:25.083254+00:00,2026-07-23 19:05:03.914251+00:00,security_metrics,ml_engine,e07fec3b,0.3473334016993994,0.3473334016993994,0,0.02370069921016693,,,,,,
_result,0,2026-07-23 17:02:48+00:00,2026-07-23 22:48:25.083254+00:00,2026-07-23 19:05:20.526347+00:00,security_metrics,ml_engine,e07fec3b,0.33130874726732695,0.33130874726732695,0,0.02335745096206665,,,,,,
_result,0,2026-07-23 17:02:48+00:00,2026-07-23 22:48:25.083254+00:00,2026-07-23 19:05:37.245122+00:00,security_metrics,ml_engine,e07fec3b,0.3581303522843079,0.3581303522843079,0,0.02317003719508648,,,,,,
_result,0,2026-07-23 17:02:48+00:00,2026-07-23 22:48:25.083254+00:00,2026-07-23 19:05:53.842062+00:00,security_metrics,ml_engine,e07fec3b,0.3512971144099156,0.3512971144099156,0,0.022511286661028862,,,,,,
_result,0,2026-07-23 17:02:48+00:00,2026-07-23 22:48:25.083254+00:00,2026-07-23 19:06:10.457433+00:00,security_metrics,ml_engine,e07fec3b,0.3356143271046354,0.3356143271046354,0,0.0235588438808918,,,,,,
_result,0,2026-07-23 17:02:48+00:00,2026-07-23 22:48:25.083254+00:00,2026-07-23 19:06:27.167191+00:00,security_metrics,ml_engine,e07fec3b,0.19272525865615064,0.19272525865615064,0,0.028920089825987816,,,,,,
_result,0,2026-07-23 17:02:48+00:00,2026-07-23 22:48:25.083254+00:00,2026-07-23 19:06:43.769145+00:00,security_metrics,ml_engine,e07fec3b,0.35561068233446674,0.35561068233446674,0,0.022823147475719452,,,,,,
_result,0,2026-07-23 17:02:48+00:00,2026-07-23 22:48:25.083254+00:00,2026-07-23 19:07:00.399623+00:00,security_metrics,ml_engine,e07fec3b,0.3637410381026148,0.3637410381026148,0,0.022748997434973717,,,,,,
_result,0,2026-07-23 17:02:48+00:00,2026-07-23 22:48:25.083254+00:00,2026-07-23 19:07:17.128323+00:00,security_metrics,ml_engine,e07fec3b,0.18858281780076858,0.18858281780076858,0,0.028429459780454636,,,,,,
_result,0,2026-07-23 17:02:48+00:00,2026-07-23 22:48:25.083254+00:00,2026-07-23 19:07:33.727965+00:00,security_metrics,ml_engine,e07fec3b,0.3424653755684903,0.3424653755684903,0,0.02318190038204193,,,,,,
_result,0,2026-07-23 17:02:48+00:00,2026-07-23 22:48:25.083254+00:00,2026-07-23 19:07:50.347495+00:00,security_metrics,ml_engine,e07fec3b,0.302588250672305,0.302588250672305,0,0.022912878543138504,,,,,,
_result,0,2026-07-23 17:02:48+00:00,2026-07-23 22:48:25.083254+00:00,2026-07-23 19:08:07.063153+00:00,security_metrics,ml_engine,e07fec3b,0.2878228986633836,0.2878228986633836,0,0.02340996265411377,,,,,,
_result,0,2026-07-23 17:02:48+00:00,2026-07-23 22:48:25.083254+00:00,2026-07-23 19:08:23.670058+00:00,security_metrics,ml_engine,e07fec3b,0.37523482857721835,0.37523482857721835,0,0.022796904668211937,,,,,,
_result,0,2026-07-23 17:02:48+00:00,2026-07-23 22:48:25.083254+00:00,2026-07-23 19:08:40.282153+00:00,security_metrics,ml_engine,e07fec3b,0.323329486537237,0.323329486537237,0,0.02300807647407055,,,,,,
_result,0,2026-07-23 17:02:48+00:00,2026-07-23 22:48:25.083254+00:00,2026-07-23 19:08:56.977579+00:00,security_metrics,ml_engine,e07fec3b,0.3912254437839671,0.3912254437839671,0,0.022735990583896637,,,,,,
_result,0,2026-07-23 17:02:48+00:00,2026-07-23 22:48:25.083254+00:00,2026-07-23 19:09:13.575895+00:00,security_metrics,ml_engine,e07fec3b,0.3325067368353767,0.3325067368353767,0,0.02284332551062107,,,,,,
_result,0,2026-07-23 17:02:48+00:00,2026-07-23 22:48:25.083254+00:00,2026-07-23 19:09:30.198905+00:00,security_metrics,ml_engine,e07fec3b,0.38536046989591105,0.38536046989591105,0,0.02331431955099106,,,,,,
_result,0,2026-07-23 17:02:48+00:00,2026-07-23 22:48:25.083254+00:00,2026-07-23 19:09:46.919564+00:00,security_metrics,ml_engine,e07fec3b,0.3190918842980305,0.3190918842980305,0,0.02332182601094246,,,,,,
_result,0,2026-07-23 17:02:48+00:00,2026-07-23 22:48:25.083254+00:00,2026-07-23 19:10:03.524749+00:00,security_metrics,ml_engine,e07fec3b,0.34622729196197416,0.34622729196197416,0,0.022770339623093605,,,,,,
_result,0,2026-07-23 17:02:48+00:00,2026-07-23 22:48:25.083254+00:00,2026-07-23 19:10:20.126750+00:00,security_metrics,ml_engine,e07fec3b,0.3908065995979418,0.3908065995979418,0,0.022590143606066704,,,,,,
_result,0,2026-07-23 17:02:48+00:00,2026-07-23 22:48:25.083254+00:00,2026-07-23 19:10:36.820569+00:00,security_metrics,ml_engine,e07fec3b,0.28552713908422445,0.28552713908422445,0,0.023284001275897026,,,,,,
_result,0,2026-07-23 17:02:48+00:00,2026-07-23 22:48:25.083254+00:00,2026-07-23 19:10:53.409660+00:00,security_metrics,ml_engine,e07fec3b,0.382232764903046,0.382232764903046,0,0.023090505972504616,,,,,,
_result,0,2026-07-23 17:02:48+00:00,2026-07-23 22:48:25.083254+00:00,2026-07-23 19:11:10.014405+00:00,security_metrics,ml_engine,e07fec3b,0.38741483491979195,0.38741483491979195,0,0.022821642458438873,,,,,,
_result,0,2026-07-23 17:02:48+00:00,2026-07-23 22:48:25.083254+00:00,2026-07-23 19:11:26.738116+00:00,security_metrics,ml_engine,e07fec3b,0.29417951764675704,0.29417951764675704,0,0.023430384695529938,,,,,,
_result,0,2026-07-23 17:02:48+00:00,2026-07-23 22:48:25.083254+00:00,2026-07-23 19:11:43.348517+00:00,security_metrics,ml_engine,e07fec3b,0.2893804604903329,0.2893804604903329,0,0.02323359251022339,,,,,,
_result,0,2026-07-23 17:02:48+00:00,2026-07-23 22:48:25.083254+00:00,2026-07-23 19:11:59.950830+00:00,security_metrics,ml_engine,e07fec3b,0.3451586943598244,0.3451586943598244,0,0.02322944812476635,,,,,,
_result,0,2026-07-23 17:02:48+00:00,2026-07-23 22:48:25.083254+00:00,2026-07-23 19:12:16.705358+00:00,security_metrics,ml_engine,e07fec3b,0.30367942384828017,0.30367942384828017,0,0.022828450426459312,,,,,,
_result,0,2026-07-23 17:02:48+00:00,2026-07-23 22:48:25.083254+00:00,2026-07-23 19:12:33.338786+00:00,security_metrics,ml_engine,e07fec3b,0.2903460069830618,0.2903460069830618,0,0.02284252643585205,,,,,,
_result,0,2026-07-23 17:02:48+00:00,2026-07-23 22:48:25.083254+00:00,2026-07-23 19:12:49.970052+00:00,security_metrics,ml_engine,e07fec3b,0.3894877479141819,0.3894877479141819,0,0.022726917639374733,,,,,,
_result,0,2026-07-23 17:02:48+00:00,2026-07-23 22:48:25.083254+00:00,2026-07-23 19:13:06.657056+00:00,security_metrics,ml_engine,e07fec3b,0.3751627160787647,0.3751627160787647,0,0.02224501222372055,,,,,,
_result,0,2026-07-23 17:02:48+00:00,2026-07-23 22:48:25.083254+00:00,2026-07-23 19:13:23.269457+00:00,security_metrics,ml_engine,e07fec3b,0.33213521756827274,0.33213521756827274,0,0.02310684695839882,,,,,,
_result,0,2026-07-23 17:02:48+00:00,2026-07-23 22:48:25.083254+00:00,2026-07-23 19:13:39.878919+00:00,security_metrics,ml_engine,e07fec3b,0.3904008298185591,0.3904008298185591,0,0.022419864311814308,,,,,,
_result,0,2026-07-23 17:02:48+00:00,2026-07-23 22:48:25.083254+00:00,2026-07-23 19:13:56.601074+00:00,security_metrics,ml_engine,e07fec3b,0.3564527238815869,0.3564527238815869,0,0.022248107939958572,,,,,,
_result,0,2026-07-23 17:02:48+00:00,2026-07-23 22:48:25.083254+00:00,2026-07-23 19:14:13.206821+00:00,security_metrics,ml_engine,e07fec3b,0.3198461593944725,0.3198461593944725,0,0.022661438211798668,,,,,,
_result,0,2026-07-23 17:02:48+00:00,2026-07-23 22:48:25.083254+00:00,2026-07-23 19:14:29.807008+00:00,security_metrics,ml_engine,e07fec3b,0.2979704161418851,0.2979704161418851,0,0.0231672041118145,,,,,,
_result,0,2026-07-23 17:02:48+00:00,2026-07-23 22:48:25.083254+00:00,2026-07-23 19:14:46.541409+00:00,security_metrics,ml_engine,e07fec3b,0.36079056842030455,0.36079056842030455,0,0.02308635227382183,,,,,,
_result,0,2026-07-23 17:02:48+00:00,2026-07-23 22:48:25.083254+00:00,2026-07-23 19:15:03.144122+00:00,security_metrics,ml_engine,e07fec3b,0.33968812045803576,0.33968812045803576,0,0.023426325991749763,,,,,,
_result,0,2026-07-23 17:02:48+00:00,2026-07-23 22:48:25.083254+00:00,2026-07-23 19:15:19.768232+00:00,security_metrics,ml_engine,e07fec3b,0.3817219819116544,0.3817219819116544,0,0.02302020974457264,,,,,,
_result,0,2026-07-23 17:02:48+00:00,2026-07-23 22:48:25.083254+00:00,2026-07-23 19:15:36.462087+00:00,security_metrics,ml_engine,e07fec3b,0.2931304474530781,0.2931304474530781,0,0.022899918258190155,,,,,,
_result,0,2026-07-23 17:02:48+00:00,2026-07-23 22:48:25.083254+00:00,2026-07-23 19:15:53.062299+00:00,security_metrics,ml_engine,e07fec3b,0.3565042485337666,0.3565042485337666,0,0.023163460195064545,,,,,,
_result,0,2026-07-23 17:02:48+00:00,2026-07-23 22:48:25.083254+00:00,2026-07-23 19:16:09.670892+00:00,security_metrics,ml_engine,e07fec3b,0.23755013162202954,0.23755013162202954,0,0.022771701216697693,,,,,,
_result,0,2026-07-23 17:02:48+00:00,2026-07-23 22:48:25.083254+00:00,2026-07-23 19:16:26.353474+00:00,security_metrics,ml_engine,e07fec3b,0.3687975638663062,0.3687975638663062,0,0.022908013314008713,,,,,,
_result,0,2026-07-23 17:02:48+00:00,2026-07-23 22:48:25.083254+00:00,2026-07-23 19:16:42.957820+00:00,security_metrics,ml_engine,e07fec3b,0.32700453176128846,0.32700453176128846,0,0.02307668700814247,,,,,,
_result,0,2026-07-23 17:02:48+00:00,2026-07-23 22:48:25.083254+00:00,2026-07-23 19:16:59.547176+00:00,security_metrics,ml_engine,e07fec3b,0.33245231833603095,0.33245231833603095,0,0.023377280682325363,,,,,,
_result,0,2026-07-23 17:02:48+00:00,2026-07-23 22:48:25.083254+00:00,2026-07-23 19:17:16.247653+00:00,security_metrics,ml_engine,e07fec3b,0.32306036773565144,0.32306036773565144,0,0.02323620580136776,,,,,,
_result,0,2026-07-23 17:02:48+00:00,2026-07-23 22:48:25.083254+00:00,2026-07-23 19:17:32.866310+00:00,security_metrics,ml_engine,e07fec3b,0.2595402090833616,0.2595402090833616,0,0.02305068075656891,,,,,,
_result,0,2026-07-23 17:02:48+00:00,2026-07-23 22:48:25.083254+00:00,2026-07-23 19:17:49.478160+00:00,security_metrics,ml_engine,e07fec3b,0.2934107930276977,0.2934107930276977,0,0.02302645891904831,,,,,,
_result,0,2026-07-23 17:02:48+00:00,2026-07-23 22:48:25.083254+00:00,2026-07-23 19:18:06.181816+00:00,security_metrics,ml_engine,e07fec3b,0.2870838598955924,0.2870838598955924,0,0.02306613139808178,,,,,,
_result,0,2026-07-23 17:02:48+00:00,2026-07-23 22:48:25.083254+00:00,2026-07-23 19:18:22.792427+00:00,security_metrics,ml_engine,e07fec3b,0.3265800939615364,0.3265800939615364,0,0.02330886200070381,,,,,,
_result,0,2026-07-23 17:02:48+00:00,2026-07-23 22:48:25.083254+00:00,2026-07-23 19:18:39.417686+00:00,security_metrics,ml_engine,e07fec3b,0.23489359966957069,0.23489359966957069,0,0.02330900728702545,,,,,,
_result,0,2026-07-23 17:02:48+00:00,2026-07-23 22:48:25.083254+00:00,2026-07-23 19:18:56.133427+00:00,security_metrics,ml_engine,e07fec3b,0.34339730303608673,0.34339730303608673,0,0.022591926157474518,,,,,,
_result,0,2026-07-23 17:02:48+00:00,2026-07-23 22:48:25.083254+00:00,2026-07-23 19:19:12.749994+00:00,security_metrics,ml_engine,e07fec3b,0.25513725174313184,0.25513725174313184,0,0.022893939167261124,,,,,,
_result,0,2026-07-23 17:02:48+00:00,2026-07-23 22:48:25.083254+00:00,2026-07-23 19:19:29.352499+00:00,security_metrics,ml_engine,e07fec3b,0.3370425347618645,0.3370425347618645,0,0.022870302200317383,,,,,,
_result,0,2026-07-23 17:02:48+00:00,2026-07-23 22:48:25.083254+00:00,2026-07-23 19:19:46.064991+00:00,security_metrics,ml_engine,e07fec3b,0.35911230222337526,0.35911230222337526,0,0.022684482857584953,,,,,,
_result,0,2026-07-23 17:02:48+00:00,2026-07-23 22:48:25.083254+00:00,2026-07-23 19:20:02.669192+00:00,security_metrics,ml_engine,e07fec3b,0.3237492812752038,0.3237492812752038,0,0.022443966940045357,,,,,,
_result,0,2026-07-23 17:02:48+00:00,2026-07-23 22:48:25.083254+00:00,2026-07-23 19:20:19.285473+00:00,security_metrics,ml_engine,e07fec3b,0.3274167124928338,0.3274167124928338,0,0.022829407826066017,,,,,,
_result,0,2026-07-23 17:02:48+00:00,2026-07-23 22:48:25.083254+00:00,2026-07-23 19:20:35.990844+00:00,security_metrics,ml_engine,e07fec3b,0.36937963410577246,0.36937963410577246,0,0.022355370223522186,,,,,,
_result,0,2026-07-23 17:02:48+00:00,2026-07-23 22:48:25.083254+00:00,2026-07-23 19:20:52.591171+00:00,security_metrics,ml_engine,e07fec3b,0.2599594855707975,0.2599594855707975,0,0.022685790434479713,,,,,,
_result,0,2026-07-23 17:02:48+00:00,2026-07-23 22:48:25.083254+00:00,2026-07-23 19:21:09.186668+00:00,security_metrics,ml_engine,e07fec3b,0.343000180133518,0.343000180133518,0,0.02330315299332142,,,,,,
_result,0,2026-07-23 17:02:48+00:00,2026-07-23 22:48:25.083254+00:00,2026-07-23 19:21:25.909829+00:00,security_metrics,ml_engine,e07fec3b,0.31190162433539736,0.31190162433539736,0,0.022590380162000656,,,,,,
_result,0,2026-07-23 17:02:48+00:00,2026-07-23 22:48:25.083254+00:00,2026-07-23 19:21:42.523141+00:00,security_metrics,ml_engine,e07fec3b,0.3822609718783485,0.3822609718783485,0,0.022429170086979866,,,,,,
_result,0,2026-07-23 17:02:48+00:00,2026-07-23 22:48:25.083254+00:00,2026-07-23 19:21:59.129287+00:00,security_metrics,ml_engine,e07fec3b,0.3035113323931307,0.3035113323931307,0,0.023237157613039017,,,,,,
_result,0,2026-07-23 17:02:48+00:00,2026-07-23 22:48:25.083254+00:00,2026-07-23 19:22:15.831969+00:00,security_metrics,ml_engine,e07fec3b,0.37242676077519,0.37242676077519,0,0.022691821679472923,,,,,,
_result,0,2026-07-23 17:02:48+00:00,2026-07-23 22:48:25.083254+00:00,2026-07-23 19:22:32.438002+00:00,security_metrics,ml_engine,e07fec3b,0.36174213769075936,0.36174213769075936,0,0.0227946899831295,,,,,,
_result,0,2026-07-23 17:02:48+00:00,2026-07-23 22:48:25.083254+00:00,2026-07-23 19:22:49.065156+00:00,security_metrics,ml_engine,e07fec3b,0.324842338769315,0.324842338769315,0,0.02266211062669754,,,,,,
_result,0,2026-07-23 17:02:48+00:00,2026-07-23 22:48:25.083254+00:00,2026-07-23 19:23:05.737833+00:00,security_metrics,ml_engine,e07fec3b,0.3742366703636757,0.3742366703636757,0,0.02304336056113243,,,,,,
_result,0,2026-07-23 17:02:48+00:00,2026-07-23 22:48:25.083254+00:00,2026-07-23 19:23:22.339248+00:00,security_metrics,ml_engine,e07fec3b,0.3030491126930938,0.3030491126930938,0,0.023625237867236137,,,,,,
_result,0,2026-07-23 17:02:48+00:00,2026-07-23 22:48:25.083254+00:00,2026-07-23 19:23:38.936331+00:00,security_metrics,ml_engine,e07fec3b,0.3275935496744379,0.3275935496744379,0,0.023068871349096298,,,,,,
_result,0,2026-07-23 17:02:48+00:00,2026-07-23 22:48:25.083254+00:00,2026-07-23 19:23:55.636951+00:00,security_metrics,ml_engine,e07fec3b,0.3501729368646756,0.3501729368646756,0,0.023452939465641975,,,,,,
_result,0,2026-07-23 17:02:48+00:00,2026-07-23 22:48:25.083254+00:00,2026-07-23 19:24:12.226162+00:00,security_metrics,ml_engine,e07fec3b,0.38724505946104637,0.38724505946104637,0,0.022737160325050354,,,,,,
_result,0,2026-07-23 17:02:48+00:00,2026-07-23 22:48:25.083254+00:00,2026-07-23 19:24:28.822828+00:00,security_metrics,ml_engine,e07fec3b,0.3323664056310213,0.3323664056310213,0,0.023121070116758347,,,,,,
_result,0,2026-07-23 17:02:48+00:00,2026-07-23 22:48:25.083254+00:00,2026-07-23 19:24:45.529589+00:00,security_metrics,ml_engine,e07fec3b,0.35497408690731624,0.35497408690731624,0,0.023196909576654434,,,,,,
_result,0,2026-07-23 17:02:48+00:00,2026-07-23 22:48:25.083254+00:00,2026-07-23 19:25:02.136228+00:00,security_metrics,ml_engine,e07fec3b,0.3444454940797095,0.3444454940797095,0,0.022956667467951775,,,,,,
_result,0,2026-07-23 17:02:48+00:00,2026-07-23 22:48:25.083254+00:00,2026-07-23 19:25:18.745786+00:00,security_metrics,ml_engine,e07fec3b,0.3646461180678657,0.3646461180678657,0,0.022860568016767502,,,,,,
_result,0,2026-07-23 17:02:48+00:00,2026-07-23 22:48:25.083254+00:00,2026-07-23 19:25:35.446795+00:00,security_metrics,ml_engine,e07fec3b,0.2648671654310188,0.2648671654310188,0,0.022594861686229706,,,,,,
_result,0,2026-07-23 17:02:48+00:00,2026-07-23 22:48:25.083254+00:00,2026-07-23 19:25:52.044180+00:00,security_metrics,ml_engine,e07fec3b,0.3370504992897279,0.3370504992897279,0,0.022736115381121635,,,,,,
_result,0,2026-07-23 17:02:48+00:00,2026-07-23 22:48:25.083254+00:00,2026-07-23 19:26:08.658310+00:00,security_metrics,ml_engine,e07fec3b,0.37286228616203143,0.37286228616203143,0,0.022178735584020615,,,,,,
_result,0,2026-07-23 17:02:48+00:00,2026-07-23 22:48:25.083254+00:00,2026-07-23 19:26:25.360361+00:00,security_metrics,ml_engine,e07fec3b,0.35366753026369147,0.35366753026369147,0,0.022743795067071915,,,,,,
_result,0,2026-07-23 17:02:48+00:00,2026-07-23 22:48:25.083254+00:00,2026-07-23 19:26:41.978610+00:00,security_metrics,ml_engine,e07fec3b,0.33778697442434913,0.33778697442434913,0,0.023221919313073158,,,,,,
_result,0,2026-07-23 17:02:48+00:00,2026-07-23 22:48:25.083254+00:00,2026-07-23 19:26:58.576713+00:00,security_metrics,ml_engine,e07fec3b,0.3479165553014722,0.3479165553014722,0,0.023092124611139297,,,,,,
_result,0,2026-07-23 17:02:48+00:00,2026-07-23 22:48:25.083254+00:00,2026-07-23 19:27:15.296555+00:00,security_metrics,ml_engine,e07fec3b,0.3823560239141953,0.3823560239141953,0,0.022722944617271423,,,,,,
_result,0,2026-07-23 17:02:48+00:00,2026-07-23 22:48:25.083254+00:00,2026-07-23 19:27:31.897510+00:00,security_metrics,ml_engine,e07fec3b,0.3390709244997372,0.3390709244997372,0,0.02272123098373413,,,,,,
_result,0,2026-07-23 17:02:48+00:00,2026-07-23 22:48:25.083254+00:00,2026-07-23 19:27:48.514299+00:00,security_metrics,ml_engine,e07fec3b,0.33357130583223915,0.33357130583223915,0,0.022521845996379852,,,,,,
_result,0,2026-07-23 17:02:48+00:00,2026-07-23 22:48:25.083254+00:00,2026-07-23 19:28:05.220783+00:00,security_metrics,ml_engine,e07fec3b,0.37469384324454524,0.37469384324454524,0,0.023018870502710342,,,,,,
_result,0,2026-07-23 17:02:48+00:00,2026-07-23 22:48:25.083254+00:00,2026-07-23 19:28:21.830455+00:00,security_metrics,ml_engine,e07fec3b,0.334630640352157,0.334630640352157,0,0.02305293083190918,,,,,,
_result,0,2026-07-23 17:02:48+00:00,2026-07-23 22:48:25.083254+00:00,2026-07-23 19:28:38.444912+00:00,security_metrics,ml_engine,e07fec3b,0.3700167131012101,0.3700167131012101,0,0.022833526134490967,,,,,,
_result,0,2026-07-23 17:02:48+00:00,2026-07-23 22:48:25.083254+00:00,2026-07-23 19:28:55.142092+00:00,security_metrics,ml_engine,e07fec3b,0.3391247950759989,0.3391247950759989,0,0.023075146600604057,,,,,,
_result,0,2026-07-23 17:02:48+00:00,2026-07-23 22:48:25.083254+00:00,2026-07-23 19:29:11.779396+00:00,security_metrics,ml_engine,e07fec3b,0.3260395452552353,0.3260395452552353,0,0.02294406108558178,,,,,,
_result,0,2026-07-23 17:02:48+00:00,2026-07-23 22:48:25.083254+00:00,2026-07-23 19:29:28.382562+00:00,security_metrics,ml_engine,e07fec3b,0.3362044974934722,0.3362044974934722,0,0.023044584318995476,,,,,,
_result,0,2026-07-23 17:02:48+00:00,2026-07-23 22:48:25.083254+00:00,2026-07-23 19:29:45.087031+00:00,security_metrics,ml_engine,e07fec3b,0.3260395452552353,0.3260395452552353,0,0.022764520719647408,,,,,,
_result,0,2026-07-23 17:02:48+00:00,2026-07-23 22:48:25.083254+00:00,2026-07-23 19:30:01.700355+00:00,security_metrics,ml_engine,e07fec3b,0.35366753026369147,0.35366753026369147,0,0.02281348407268524,,,,,,
_result,0,2026-07-23 17:02:48+00:00,2026-07-23 22:48:25.083254+00:00,2026-07-23 19:30:18.328090+00:00,security_metrics,ml_engine,e07fec3b,0.2956410268194997,0.2956410268194997,0,0.02247454598546028,,,,,,
_result,0,2026-07-23 17:02:48+00:00,2026-07-23 22:48:25.083254+00:00,2026-07-23 19:30:35.025705+00:00,security_metrics,ml_engine,e07fec3b,0.3288052163294832,0.3288052163294832,0,0.02290031500160694,,,,,,
_result,0,2026-07-23 17:02:48+00:00,2026-07-23 22:48:25.083254+00:00,2026-07-23 19:30:51.622231+00:00,security_metrics,ml_engine,e07fec3b,0.29657979618790115,0.29657979618790115,0,0.02348550781607628,,,,,,
_result,0,2026-07-23 17:02:48+00:00,2026-07-23 22:48:25.083254+00:00,2026-07-23 19:31:08.245385+00:00,security_metrics,ml_engine,e07fec3b,0.3974842023692068,0.3974842023692068,0,0.02279668301343918,,,,,,
_result,0,2026-07-23 17:02:48+00:00,2026-07-23 22:48:25.083254+00:00,2026-07-23 19:31:24.975560+00:00,security_metrics,ml_engine,e07fec3b,0.3647430122253702,0.3647430122253702,0,0.022638797760009766,,,,,,
_result,0,2026-07-23 17:02:48+00:00,2026-07-23 22:48:25.083254+00:00,2026-07-23 19:31:41.582418+00:00,security_metrics,ml_engine,e07fec3b,0.38589791216449243,0.38589791216449243,0,0.0225679948925972,,,,,,
_result,0,2026-07-23 17:02:48+00:00,2026-07-23 22:48:25.083254+00:00,2026-07-23 19:31:58.195029+00:00,security_metrics,ml_engine,e07fec3b,0.35859740729734213,0.35859740729734213,0,0.022810891270637512,,,,,,
_result,0,2026-07-23 17:02:48+00:00,2026-07-23 22:48:25.083254+00:00,2026-07-23 19:32:14.901155+00:00,security_metrics,ml_engine,e07fec3b,0.3323302754478702,0.3323302754478702,0,0.02257111482322216,,,,,,
_result,0,2026-07-23 17:02:48+00:00,2026-07-23 22:48:25.083254+00:00,2026-07-23 19:32:31.498888+00:00,security_metrics,ml_engine,e07fec3b,0.3228111477714955,0.3228111477714955,0,0.02289733663201332,,,,,,
_result,0,2026-07-23 17:02:48+00:00,2026-07-23 22:48:25.083254+00:00,2026-07-23 19:32:48.134248+00:00,security_metrics,ml_engine,e07fec3b,0.32936773033324857,0.32936773033324857,0,0.022993886843323708,,,,,,
_result,0,2026-07-23 17:02:48+00:00,2026-07-23 22:48:25.083254+00:00,2026-07-23 19:33:04.826361+00:00,security_metrics,ml_engine,e07fec3b,0.3833415117110431,0.3833415117110431,0,0.02277662605047226,,,,,,
_result,0,2026-07-23 17:02:48+00:00,2026-07-23 22:48:25.083254+00:00,2026-07-23 19:33:21.458129+00:00,security_metrics,ml_engine,e07fec3b,0.38371086770865787,0.38371086770865787,0,0.022299036383628845,,,,,,
_result,0,2026-07-23 17:02:48+00:00,2026-07-23 22:48:25.083254+00:00,2026-07-23 19:33:38.062381+00:00,security_metrics,ml_engine,e07fec3b,0.3486929478677445,0.3486929478677445,0,0.022762559354305267,,,,,,
_result,0,2026-07-23 17:02:48+00:00,2026-07-23 22:48:25.083254+00:00,2026-07-23 19:33:54.748079+00:00,security_metrics,ml_engine,e07fec3b,0.3348629051272882,0.3348629051272882,0,0.02252885513007641,,,,,,
_result,0,2026-07-23 17:02:48+00:00,2026-07-23 22:48:25.083254+00:00,2026-07-23 19:34:11.364893+00:00,security_metrics,ml_engine,e07fec3b,0.3384584948012492,0.3384584948012492,0,0.02342064306139946,,,,,,
_result,0,2026-07-23 17:02:48+00:00,2026-07-23 22:48:25.083254+00:00,2026-07-23 19:34:27.984674+00:00,security_metrics,ml_engine,e07fec3b,0.31673548083939007,0.31673548083939007,0,0.02274307794868946,,,,,,
_result,0,2026-07-23 17:02:48+00:00,2026-07-23 22:48:25.083254+00:00,2026-07-23 19:34:44.694856+00:00,security_metrics,ml_engine,e07fec3b,0.37647528212333486,0.37647528212333486,0,0.02299368381500244,,,,,,
_result,0,2026-07-23 17:02:48+00:00,2026-07-23 22:48:25.083254+00:00,2026-07-23 19:35:01.305262+00:00,security_metrics,ml_engine,e07fec3b,0.2820464997803897,0.2820464997803897,0,0.023366326466202736,,,,,,
_result,0,2026-07-23 17:02:48+00:00,2026-07-23 22:48:25.083254+00:00,2026-07-23 19:35:17.903022+00:00,security_metrics,ml_engine,e07fec3b,0.3327273710768399,0.3327273710768399,0,0.022932663559913635,,,,,,
_result,0,2026-07-23 17:02:48+00:00,2026-07-23 22:48:25.083254+00:00,2026-07-23 19:35:34.587500+00:00,security_metrics,ml_engine,e07fec3b,0.3113266426188944,0.3113266426188944,0,0.02320277877151966,,,,,,
_result,0,2026-07-23 17:02:48+00:00,2026-07-23 22:48:25.083254+00:00,2026-07-23 19:35:51.201290+00:00,security_metrics,ml_engine,e07fec3b,0.3335473151161289,0.3335473151161289,0,0.02275235205888748,,,,,,
_result,0,2026-07-23 17:02:48+00:00,2026-07-23 22:48:25.083254+00:00,2026-07-23 19:36:07.807066+00:00,security_metrics,ml_engine,e07fec3b,0.35584187550333,0.35584187550333,0,0.023097950965166092,,,,,,
_result,0,2026-07-23 17:02:48+00:00,2026-07-23 22:48:25.083254+00:00,2026-07-23 19:36:24.500454+00:00,security_metrics,ml_engine,e07fec3b,0.34500419743281685,0.34500419743281685,0,0.02351970411837101,,,,,,
_result,0,2026-07-23 17:02:48+00:00,2026-07-23 22:48:25.083254+00:00,2026-07-23 19:36:41.099282+00:00,security_metrics,ml_engine,e07fec3b,0.3146589803149432,0.3146589803149432,0,0.02301301807165146,,,,,,
_result,0,2026-07-23 17:02:48+00:00,2026-07-23 22:48:25.083254+00:00,2026-07-23 19:36:57.703169+00:00,security_metrics,ml_engine,e07fec3b,0.32119978659343773,0.32119978659343773,0,0.02289430797100067,,,,,,
_result,0,2026-07-23 17:02:48+00:00,2026-07-23 22:48:25.083254+00:00,2026-07-23 19:37:14.396352+00:00,security_metrics,ml_engine,e07fec3b,0.3407365849982321,0.3407365849982321,0,0.023027651011943817,,,,,,
_result,0,2026-07-23 17:02:48+00:00,2026-07-23 22:48:25.083254+00:00,2026-07-23 19:37:31.001192+00:00,security_metrics,ml_engine,e07fec3b,0.36022119671545333,0.36022119671545333,0,0.022918835282325745,,,,,,
_result,0,2026-07-23 17:02:48+00:00,2026-07-23 22:48:25.083254+00:00,2026-07-23 19:37:47.605127+00:00,security_metrics,ml_engine,e07fec3b,0.33388640490180344,0.33388640490180344,0,0.022851234301924706,,,,,,
_result,0,2026-07-23 17:02:48+00:00,2026-07-23 22:48:25.083254+00:00,2026-07-23 19:38:04.298885+00:00,security_metrics,ml_engine,e07fec3b,0.35859740729734213,0.35859740729734213,0,0.022535093128681183,,,,,,
_result,0,2026-07-23 17:02:48+00:00,2026-07-23 22:48:25.083254+00:00,2026-07-23 19:38:20.901156+00:00,security_metrics,ml_engine,e07fec3b,0.3512092820569595,0.3512092820569595,0,0.022976575419306755,,,,,,
_result,0,2026-07-23 17:02:48+00:00,2026-07-23 22:48:25.083254+00:00,2026-07-23 19:38:37.508400+00:00,security_metrics,ml_engine,e07fec3b,0.3787736580846067,0.3787736580846067,0,0.02303573302924633,,,,,,
_result,0,2026-07-23 17:02:48+00:00,2026-07-23 22:48:25.083254+00:00,2026-07-23 19:38:54.189060+00:00,security_metrics,ml_engine,e07fec3b,0.2542393021489895,0.2542393021489895,0,0.02310526929795742,,,,,,
_result,0,2026-07-23 17:02:48+00:00,2026-07-23 22:48:25.083254+00:00,2026-07-23 19:39:10.791020+00:00,security_metrics,ml_engine,e07fec3b,0.2854143943944359,0.2854143943944359,0,0.022804176434874535,,,,,,
_result,0,2026-07-23 17:02:48+00:00,2026-07-23 22:48:25.083254+00:00,2026-07-23 19:39:27.382777+00:00,security_metrics,ml_engine,e07fec3b,0.3828847408555912,0.3828847408555912,0,0.022838609293103218,,,,,,
_result,0,2026-07-23 17:02:48+00:00,2026-07-23 22:48:25.083254+00:00,2026-07-23 19:39:44.098376+00:00,security_metrics,ml_engine,e07fec3b,0.30868664960486025,0.30868664960486025,0,0.02344674989581108,,,,,,
_result,0,2026-07-23 17:02:48+00:00,2026-07-23 22:48:25.083254+00:00,2026-07-23 19:40:00.723214+00:00,security_metrics,ml_engine,e07fec3b,0.3616241092281685,0.3616241092281685,0,0.022886591032147408,,,,,,
_result,0,2026-07-23 17:02:48+00:00,2026-07-23 22:48:25.083254+00:00,2026-07-23 19:40:17.343456+00:00,security_metrics,ml_engine,e07fec3b,0.36361474619773027,0.36361474619773027,0,0.022636789828538895,,,,,,
_result,0,2026-07-23 17:02:48+00:00,2026-07-23 22:48:25.083254+00:00,2026-07-23 19:40:34.021875+00:00,security_metrics,ml_engine,e07fec3b,0.31572499052188696,0.31572499052188696,0,0.023126281797885895,,,,,,
_result,0,2026-07-23 17:02:48+00:00,2026-07-23 22:48:25.083254+00:00,2026-07-23 19:40:50.623411+00:00,security_metrics,ml_engine,e07fec3b,0.32772923283269567,0.32772923283269567,0,0.02323305606842041,,,,,,
_result,0,2026-07-23 17:02:48+00:00,2026-07-23 22:48:25.083254+00:00,2026-07-23 19:41:07.232394+00:00,security_metrics,ml_engine,e07fec3b,0.2533384302222971,0.2533384302222971,0,0.023009847849607468,,,,,,
_result,0,2026-07-23 17:02:48+00:00,2026-07-23 22:48:25.083254+00:00,2026-07-23 19:41:23.917771+00:00,security_metrics,ml_engine,e07fec3b,0.32703914440018295,0.32703914440018295,0,0.023503005504608154,,,,,,
_result,0,2026-07-23 17:02:48+00:00,2026-07-23 22:48:25.083254+00:00,2026-07-23 19:41:40.526331+00:00,security_metrics,ml_engine,e07fec3b,0.35810985102746495,0.35810985102746495,0,0.023308295756578445,,,,,,
_result,0,2026-07-23 17:02:48+00:00,2026-07-23 22:48:25.083254+00:00,2026-07-23 19:41:57.121182+00:00,security_metrics,ml_engine,e07fec3b,0.28552713908422445,0.28552713908422445,0,0.02299315482378006,,,,,,
_result,0,2026-07-23 17:02:48+00:00,2026-07-23 22:48:25.083254+00:00,2026-07-23 19:42:13.818803+00:00,security_metrics,ml_engine,e07fec3b,0.32461280633947015,0.32461280633947015,0,0.023437464609742165,,,,,,
_result,0,2026-07-23 17:02:48+00:00,2026-07-23 22:48:25.083254+00:00,2026-07-23 19:42:30.419959+00:00,security_metrics,ml_engine,e07fec3b,0.3351263222327171,0.3351263222327171,0,0.023119594901800156,,,,,,
_result,0,2026-07-23 17:02:48+00:00,2026-07-23 22:48:25.083254+00:00,2026-07-23 19:42:47.017807+00:00,security_metrics,ml_engine,e07fec3b,0.3718053104195944,0.3718053104195944,0,0.022888867184519768,,,,,,
_result,0,2026-07-23 17:02:48+00:00,2026-07-23 22:48:25.083254+00:00,2026-07-23 19:43:03.718852+00:00,security_metrics,ml_engine,e07fec3b,0.29657979618790115,0.29657979618790115,0,0.02284860610961914,,,,,,
_result,0,2026-07-23 17:02:48+00:00,2026-07-23 22:48:25.083254+00:00,2026-07-23 19:43:20.326233+00:00,security_metrics,ml_engine,e07fec3b,0.3767616041899527,0.3767616041899527,0,0.022639954462647438,,,,,,
_result,0,2026-07-23 17:02:48+00:00,2026-07-23 22:48:25.083254+00:00,2026-07-23 19:43:36.937339+00:00,security_metrics,ml_engine,e07fec3b,0.29909900517387716,0.29909900517387716,0,0.02281949482858181,,,,,,
_result,0,2026-07-23 17:02:48+00:00,2026-07-23 22:48:25.083254+00:00,2026-07-23 19:43:53.623760+00:00,security_metrics,ml_engine,e07fec3b,0.35584187550333,0.35584187550333,0,0.022891605272889137,,,,,,
_result,0,2026-07-23 17:02:48+00:00,2026-07-23 22:48:25.083254+00:00,2026-07-23 19:44:10.238321+00:00,security_metrics,ml_engine,e07fec3b,0.3823560239141953,0.3823560239141953,0,0.022587446495890617,,,,,,
_result,0,2026-07-23 17:02:48+00:00,2026-07-23 22:48:25.083254+00:00,2026-07-23 19:44:26.830813+00:00,security_metrics,ml_engine,e07fec3b,0.30367942384828017,0.30367942384828017,0,0.023002732545137405,,,,,,
_result,0,2026-07-23 17:02:48+00:00,2026-07-23 22:48:25.083254+00:00,2026-07-23 19:44:43.531895+00:00,security_metrics,ml_engine,e07fec3b,0.3673241285410396,0.3673241285410396,0,0.02313872054219246,,,,,,
_result,0,2026-07-23 17:02:48+00:00,2026-07-23 22:48:25.083254+00:00,2026-07-23 19:45:00.143767+00:00,security_metrics,ml_engine,e07fec3b,0.34327955851467773,0.34327955851467773,0,0.022579016163945198,,,,,,
_result,0,2026-07-23 17:02:48+00:00,2026-07-23 22:48:25.083254+00:00,2026-07-23 19:45:16.725373+00:00,security_metrics,ml_engine,e07fec3b,0.24414336671283454,0.24414336671283454,0,0.023010719567537308,,,,,,
_result,0,2026-07-23 17:02:48+00:00,2026-07-23 22:48:25.083254+00:00,2026-07-23 19:45:33.436227+00:00,security_metrics,ml_engine,e07fec3b,0.31410044123371317,0.31410044123371317,0,0.02294107899069786,,,,,,
_result,0,2026-07-23 17:02:48+00:00,2026-07-23 22:48:25.083254+00:00,2026-07-23 19:45:50.066604+00:00,security_metrics,ml_engine,e07fec3b,0.27724568534698896,0.27724568534698896,0,0.023018069565296173,,,,,,
_result,0,2026-07-23 17:02:48+00:00,2026-07-23 22:48:25.083254+00:00,2026-07-23 19:46:06.667575+00:00,security_metrics,ml_engine,e07fec3b,0.3147398258254893,0.3147398258254893,0,0.022931890562176704,,,,,,
_result,0,2026-07-23 17:02:48+00:00,2026-07-23 22:48:25.083254+00:00,2026-07-23 19:46:23.359163+00:00,security_metrics,ml_engine,e07fec3b,0.26559463491057156,0.26559463491057156,0,0.023204632103443146,,,,,,
_result,0,2026-07-23 17:02:48+00:00,2026-07-23 22:48:25.083254+00:00,2026-07-23 19:46:39.962314+00:00,security_metrics,ml_engine,e07fec3b,0.3594937604152182,0.3594937604152182,0,0.02258308231830597,,,,,,
_result,0,2026-07-23 17:02:48+00:00,2026-07-23 22:48:25.083254+00:00,2026-07-23 19:46:56.561955+00:00,security_metrics,ml_engine,e07fec3b,0.3559175634839919,0.3559175634839919,0,0.022585757076740265,,,,,,
_result,0,2026-07-23 17:02:48+00:00,2026-07-23 22:48:25.083254+00:00,2026-07-23 19:47:13.280658+00:00,security_metrics,ml_engine,e07fec3b,0.3320162016661858,0.3320162016661858,0,0.022960741072893143,,,,,,
_result,0,2026-07-23 17:02:48+00:00,2026-07-23 22:48:25.083254+00:00,2026-07-23 19:47:29.884869+00:00,security_metrics,ml_engine,e07fec3b,0.3110773097801085,0.3110773097801085,0,0.023119688034057617,,,,,,
_result,0,2026-07-23 17:02:48+00:00,2026-07-23 22:48:25.083254+00:00,2026-07-23 19:47:46.496145+00:00,security_metrics,ml_engine,e07fec3b,0.3761685759774195,0.3761685759774195,0,0.022429943084716797,,,,,,
_result,0,2026-07-23 17:02:48+00:00,2026-07-23 22:48:25.083254+00:00,2026-07-23 19:48:03.209569+00:00,security_metrics,ml_engine,e07fec3b,0.3675044373424719,0.3675044373424719,0,0.023436807096004486,,,,,,
_result,0,2026-07-23 17:02:48+00:00,2026-07-23 22:48:25.083254+00:00,2026-07-23 19:48:19.819601+00:00,security_metrics,ml_engine,e07fec3b,0.25513725174313184,0.25513725174313184,0,0.022795021533966064,,,,,,
_result,0,2026-07-23 17:02:48+00:00,2026-07-23 22:48:25.083254+00:00,2026-07-23 19:48:36.413961+00:00,security_metrics,ml_engine,e07fec3b,0.32491342115049476,0.32491342115049476,0,0.023460691794753075,,,,,,
_result,0,2026-07-23 17:02:48+00:00,2026-07-23 22:48:25.083254+00:00,2026-07-23 19:48:53.106678+00:00,security_metrics,ml_engine,e07fec3b,0.34208134441378313,0.34208134441378313,0,0.022630076855421066,,,,,,
_result,0,2026-07-23 17:02:48+00:00,2026-07-23 22:48:25.083254+00:00,2026-07-23 19:49:09.701986+00:00,security_metrics,ml_engine,e07fec3b,0.327775351341913,0.327775351341913,0,0.02318638004362583,,,,,,
_result,0,2026-07-23 17:02:48+00:00,2026-07-23 22:48:25.083254+00:00,2026-07-23 19:49:26.301060+00:00,security_metrics,ml_engine,e07fec3b,0.3675600677132742,0.3675600677132742,0,0.022980820387601852,,,,,,
_result,0,2026-07-23 17:02:48+00:00,2026-07-23 22:48:25.083254+00:00,2026-07-23 19:49:42.998658+00:00,security_metrics,ml_engine,e07fec3b,0.35461746148809864,0.35461746148809864,0,0.02323758602142334,,,,,,
_result,0,2026-07-23 17:02:48+00:00,2026-07-23 22:48:25.083254+00:00,2026-07-23 19:49:59.597929+00:00,security_metrics,ml_engine,e07fec3b,0.3643317899565149,0.3643317899565149,0,0.022687215358018875,,,,,,
_result,0,2026-07-23 17:02:48+00:00,2026-07-23 22:48:25.083254+00:00,2026-07-23 19:50:16.200809+00:00,security_metrics,ml_engine,e07fec3b,0.3012925167576021,0.3012925167576021,0,0.023156899958848953,,,,,,
_result,0,2026-07-23 17:02:48+00:00,2026-07-23 22:48:25.083254+00:00,2026-07-23 19:50:32.890104+00:00,security_metrics,ml_engine,e07fec3b,0.31492481380139337,0.31492481380139337,0,0.022774992510676384,,,,,,
_result,0,2026-07-23 17:02:48+00:00,2026-07-23 22:48:25.083254+00:00,2026-07-23 19:50:49.510804+00:00,security_metrics,ml_engine,e07fec3b,0.35292533513965296,0.35292533513965296,0,0.022780297324061394,,,,,,
_result,0,2026-07-23 17:02:48+00:00,2026-07-23 22:48:25.083254+00:00,2026-07-23 19:51:06.132143+00:00,security_metrics,ml_engine,e07fec3b,0.3345236604164409,0.3345236604164409,0,0.022550711408257484,,,,,,
_result,0,2026-07-23 17:02:48+00:00,2026-07-23 22:48:25.083254+00:00,2026-07-23 19:51:22.823644+00:00,security_metrics,ml_engine,e07fec3b,0.3806091031734695,0.3806091031734695,0,0.02289271354675293,,,,,,
_result,0,2026-07-23 17:02:48+00:00,2026-07-23 22:48:25.083254+00:00,2026-07-23 19:51:39.418680+00:00,security_metrics,ml_engine,e07fec3b,0.3477013853210742,0.3477013853210742,0,0.02286820486187935,,,,,,
_result,0,2026-07-23 17:02:48+00:00,2026-07-23 22:48:25.083254+00:00,2026-07-23 19:51:56.028649+00:00,security_metrics,ml_engine,e07fec3b,0.3391127588677298,0.3391127588677298,0,0.022752389311790466,,,,,,
_result,0,2026-07-23 17:02:48+00:00,2026-07-23 22:48:25.083254+00:00,2026-07-23 19:52:12.746869+00:00,security_metrics,ml_engine,e07fec3b,0.3396450952521594,0.3396450952521594,0,0.022449618205428123,,,,,,
_result,0,2026-07-23 17:02:48+00:00,2026-07-23 22:48:25.083254+00:00,2026-07-23 19:52:29.353581+00:00,security_metrics,ml_engine,e07fec3b,0.2136081935854679,0.2136081935854679,0,0.029103048145771027,,,,,,
_result,0,2026-07-23 17:02:48+00:00,2026-07-23 22:48:25.083254+00:00,2026-07-23 19:52:45.954618+00:00,security_metrics,ml_engine,e07fec3b,0.33397097891794,0.33397097891794,0,0.02313024364411831,,,,,,
_result,0,2026-07-23 17:02:48+00:00,2026-07-23 22:48:25.083254+00:00,2026-07-23 19:53:02.633695+00:00,security_metrics,ml_engine,e07fec3b,0.3051401469098194,0.3051401469098194,0,0.02329293265938759,,,,,,
_result,0,2026-07-23 17:02:48+00:00,2026-07-23 22:48:25.083254+00:00,2026-07-23 19:53:19.222966+00:00,security_metrics,ml_engine,e07fec3b,0.342067220076924,0.342067220076924,0,0.022714605554938316,,,,,,
_result,0,2026-07-23 17:02:48+00:00,2026-07-23 22:48:25.083254+00:00,2026-07-23 19:53:35.827950+00:00,security_metrics,ml_engine,e07fec3b,0.316607659387984,0.316607659387984,0,0.02303091436624527,,,,,,
_result,0,2026-07-23 17:02:48+00:00,2026-07-23 22:48:25.083254+00:00,2026-07-23 19:53:52.532538+00:00,security_metrics,ml_engine,e07fec3b,0.3620419238784758,0.3620419238784758,0,0.022781193256378174,,,,,,
_result,0,2026-07-23 17:02:48+00:00,2026-07-23 22:48:25.083254+00:00,2026-07-23 19:54:09.139689+00:00,security_metrics,ml_engine,e07fec3b,0.33938656666180067,0.33938656666180067,0,0.02281149849295616,,,,,,
_result,0,2026-07-23 17:02:48+00:00,2026-07-23 22:48:25.083254+00:00,2026-07-23 19:54:25.719624+00:00,security_metrics,ml_engine,e07fec3b,0.32119978659343773,0.32119978659343773,0,0.022662032395601273,,,,,,
_result,0,2026-07-23 17:02:48+00:00,2026-07-23 22:48:25.083254+00:00,2026-07-23 19:54:42.457504+00:00,security_metrics,ml_engine,e07fec3b,0.29909900517387716,0.29909900517387716,0,0.02261555939912796,,,,,,
_result,0,2026-07-23 17:02:48+00:00,2026-07-23 22:48:25.083254+00:00,2026-07-23 19:54:59.049360+00:00,security_metrics,ml_engine,e07fec3b,0.32903970587758297,0.32903970587758297,0,0.02347543090581894,,,,,,
_result,0,2026-07-23 17:02:48+00:00,2026-07-23 22:48:25.083254+00:00,2026-07-23 19:55:15.688745+00:00,security_metrics,ml_engine,e07fec3b,0.36298563457190747,0.36298563457190747,0,0.022875485941767693,,,,,,
_result,0,2026-07-23 17:02:48+00:00,2026-07-23 22:48:25.083254+00:00,2026-07-23 19:55:32.413267+00:00,security_metrics,ml_engine,e07fec3b,0.3247628880396999,0.3247628880396999,0,0.022685101255774498,,,,,,
_result,0,2026-07-23 17:02:48+00:00,2026-07-23 22:48:25.083254+00:00,2026-07-23 19:55:49.041091+00:00,security_metrics,ml_engine,e07fec3b,0.382406130953921,0.382406130953921,0,0.023242559283971786,,,,,,
_result,0,2026-07-23 17:02:48+00:00,2026-07-23 22:48:25.083254+00:00,2026-07-23 19:56:05.663330+00:00,security_metrics,ml_engine,e07fec3b,0.3544012849622689,0.3544012849622689,0,0.022941119968891144,,,,,,
_result,0,2026-07-23 17:02:48+00:00,2026-07-23 22:48:25.083254+00:00,2026-07-23 19:56:22.391959+00:00,security_metrics,ml_engine,e07fec3b,0.32214427973155735,0.32214427973155735,0,0.02292480506002903,,,,,,
_result,0,2026-07-23 17:02:48+00:00,2026-07-23 22:48:25.083254+00:00,2026-07-23 19:56:39.048899+00:00,security_metrics,ml_engine,e07fec3b,0.2780024751082906,0.2780024751082906,0,0.022440938279032707,,,,,,
_result,0,2026-07-23 17:02:48+00:00,2026-07-23 22:48:25.083254+00:00,2026-07-23 19:56:55.697895+00:00,security_metrics,ml_engine,e07fec3b,0.3012925167576021,0.3012925167576021,0,0.022760672494769096,,,,,,
_result,0,2026-07-23 17:02:48+00:00,2026-07-23 22:48:25.083254+00:00,2026-07-23 19:57:12.418924+00:00,security_metrics,ml_engine,e07fec3b,0.3411990315802962,0.3411990315802962,0,0.022917546331882477,,,,,,
_result,0,2026-07-23 17:02:48+00:00,2026-07-23 22:48:25.083254+00:00,2026-07-23 19:57:29.035060+00:00,security_metrics,ml_engine,e07fec3b,0.2978140040631792,0.2978140040631792,0,0.02259906753897667,,,,,,
_result,0,2026-07-23 17:02:48+00:00,2026-07-23 22:48:25.083254+00:00,2026-07-23 19:57:45.677393+00:00,security_metrics,ml_engine,e07fec3b,0.3138452036125063,0.3138452036125063,0,0.023060159757733345,,,,,,
_result,0,2026-07-23 17:02:48+00:00,2026-07-23 22:48:25.083254+00:00,2026-07-23 19:58:02.463576+00:00,security_metrics,ml_engine,e07fec3b,0.3484346294089546,0.3484346294089546,0,0.023317992687225342,,,,,,
_result,0,2026-07-23 17:02:48+00:00,2026-07-23 22:48:25.083254+00:00,2026-07-23 19:58:19.092634+00:00,security_metrics,ml_engine,e07fec3b,0.30363982126716554,0.30363982126716554,0,0.02298659272491932,,,,,,
_result,0,2026-07-23 17:02:48+00:00,2026-07-23 22:48:25.083254+00:00,2026-07-23 19:58:35.771144+00:00,security_metrics,ml_engine,e07fec3b,0.34280942827654654,0.34280942827654654,0,0.02336866781115532,,,,,,
_result,0,2026-07-23 17:02:48+00:00,2026-07-23 22:48:25.083254+00:00,2026-07-23 19:59:57.716778+00:00,security_metrics,ml_engine,e07fec3b,0.14779940895395594,0.14779940895395594,0,0.011966991238296032,,,,,,
_result,0,2026-07-23 17:02:48+00:00,2026-07-23 22:48:25.083254+00:00,2026-07-23 20:00:14.353038+00:00,security_metrics,ml_engine,e07fec3b,0.18708745087820355,0.18708745087820355,0,0.0036026635207235813,,,,,,
_result,0,2026-07-23 17:02:48+00:00,2026-07-23 22:48:25.083254+00:00,2026-07-23 20:00:30.982683+00:00,security_metrics,ml_engine,e07fec3b,0.20369349974599438,0.20369349974599438,0,0.004204415250569582,,,,,,
_result,0,2026-07-23 17:02:48+00:00,2026-07-23 22:48:25.083254+00:00,2026-07-23 20:00:47.705893+00:00,security_metrics,ml_engine,e07fec3b,0.1984057589229543,0.1984057589229543,0,0.018875904381275177,,,,,,
_result,0,2026-07-23 17:02:48+00:00,2026-07-23 22:48:25.083254+00:00,2026-07-23 20:01:04.325705+00:00,security_metrics,ml_engine,e07fec3b,0.032664997958140596,0.032664997958140596,0,0.008818448521196842,,,,,,
_result,0,2026-07-23 17:02:48+00:00,2026-07-23 22:48:25.083254+00:00,2026-07-23 20:01:20.946164+00:00,security_metrics,ml_engine,e07fec3b,0.04685512177630957,0.04685512177630957,0,0.021261435002088547,,,,,,
_result,0,2026-07-23 17:02:48+00:00,2026-07-23 22:48:25.083254+00:00,2026-07-23 20:01:37.552738+00:00,security_metrics,ml_engine,e07fec3b,0.17852781964255426,0.17852781964255426,0,0.01519820187240839,,,,,,
_result,0,2026-07-23 17:02:48+00:00,2026-07-23 22:48:25.083254+00:00,2026-07-23 20:01:54.300607+00:00,security_metrics,ml_engine,e07fec3b,0.1405467822401275,0.1405467822401275,0,0.03538064658641815,,,,,,
_result,0,2026-07-23 17:02:48+00:00,2026-07-23 22:48:25.083254+00:00,2026-07-23 20:02:10.920747+00:00,security_metrics,ml_engine,e07fec3b,0.07251342264302463,0.07251342264302463,0,0.018086597323417664,,,,,,
_result,0,2026-07-23 17:02:48+00:00,2026-07-23 22:48:25.083254+00:00,2026-07-23 20:02:27.532551+00:00,security_metrics,ml_engine,e07fec3b,0.19605417220104437,0.19605417220104437,0,0.008129742927849293,,,,,,
_result,0,2026-07-23 17:02:48+00:00,2026-07-23 22:48:25.083254+00:00,2026-07-23 20:02:44.305359+00:00,security_metrics,ml_engine,e07fec3b,0.1626912659486648,0.1626912659486648,0,0.010815644636750221,,,,,,
_result,0,2026-07-23 17:02:48+00:00,2026-07-23 22:48:25.083254+00:00,2026-07-23 20:03:00.978175+00:00,security_metrics,ml_engine,e07fec3b,0.08062021566821698,0.08062021566821698,0,0.014530197717249393,,,,,,
_result,0,2026-07-23 17:02:48+00:00,2026-07-23 22:48:25.083254+00:00,2026-07-23 20:03:17.589813+00:00,security_metrics,ml_engine,e07fec3b,0.18411680533812141,0.18411680533812141,0,0.014228812418878078,,,,,,
_result,0,2026-07-23 17:02:48+00:00,2026-07-23 22:48:25.083254+00:00,2026-07-23 20:03:34.209225+00:00,security_metrics,ml_engine,e07fec3b,0.17846944820981014,0.17846944820981014,0,0.030832262709736824,,,,,,
_result,0,2026-07-23 17:02:48+00:00,2026-07-23 22:48:25.083254+00:00,2026-07-23 20:03:50.948183+00:00,security_metrics,ml_engine,e07fec3b,0.16357786338033525,0.16357786338033525,0,0.004340481013059616,,,,,,
_result,0,2026-07-23 17:02:48+00:00,2026-07-23 22:48:25.083254+00:00,2026-07-23 20:04:07.611142+00:00,security_metrics,ml_engine,e07fec3b,0.1273844080481391,0.1273844080481391,0,0.003681062487885356,,,,,,
_result,0,2026-07-23 17:02:48+00:00,2026-07-23 22:48:25.083254+00:00,2026-07-23 20:04:24.255512+00:00,security_metrics,ml_engine,e07fec3b,0.17846587910507977,0.17846587910507977,0,0.021133575588464737,,,,,,
_result,0,2026-07-23 17:02:48+00:00,2026-07-23 22:48:25.083254+00:00,2026-07-23 20:04:40.992767+00:00,security_metrics,ml_engine,e07fec3b,0.00028984389244857134,0.00028984389244857134,0,0.01395524013787508,,,,,,
_result,0,2026-07-23 17:02:48+00:00,2026-07-23 22:48:25.083254+00:00,2026-07-23 20:04:57.643543+00:00,security_metrics,ml_engine,e07fec3b,0.17213718753315405,0.17213718753315405,0,0.01731499843299389,,,,,,
_result,0,2026-07-23 17:02:48+00:00,2026-07-23 22:48:25.083254+00:00,2026-07-23 20:05:12.674678+00:00,security_metrics,ml_engine,e07fec3b,-1.0,,1,,,,,,,
_result,0,2026-07-23 17:02:48+00:00,2026-07-23 22:48:25.083254+00:00,2026-07-23 20:05:12.677617+00:00,security_metrics,ml_engine,e07fec3b,-1.0,,1,,,,,,,
_result,0,2026-07-23 17:02:48+00:00,2026-07-23 22:48:25.083254+00:00,2026-07-23 20:05:46.311486+00:00,security_metrics,ml_engine,e07fec3b,-1.0,,1,,,,,,,
_result,0,2026-07-23 17:02:48+00:00,2026-07-23 22:48:25.083254+00:00,2026-07-23 20:05:46.313071+00:00,security_metrics,ml_engine,e07fec3b,-1.0,,1,,,,,,,
_result,0,2026-07-23 17:02:48+00:00,2026-07-23 22:48:25.083254+00:00,2026-07-23 20:05:46.314636+00:00,security_metrics,ml_engine,e07fec3b,-1.0,,1,,,,,,,
_result,0,2026-07-23 17:02:48+00:00,2026-07-23 22:48:25.083254+00:00,2026-07-23 20:05:46.316333+00:00,security_metrics,ml_engine,e07fec3b,-1.0,,1,,,,,,,
_result,0,2026-07-23 17:02:48+00:00,2026-07-23 22:48:25.083254+00:00,2026-07-23 20:05:46.318105+00:00,security_metrics,ml_engine,e07fec3b,-1.0,,1,,,,,,,
_result,0,2026-07-23 17:02:48+00:00,2026-07-23 22:48:25.083254+00:00,2026-07-23 20:05:46.370275+00:00,security_metrics,ml_engine,e07fec3b,-0.95,,1,,,,,,,
_result,0,2026-07-23 17:02:48+00:00,2026-07-23 22:48:25.083254+00:00,2026-07-23 20:05:48.033399+00:00,security_metrics,ml_engine,e07fec3b,0.05233175802965162,0.05233175802965162,0,0.07941919565200806,,,,,,
_result,0,2026-07-23 17:02:48+00:00,2026-07-23 22:48:25.083254+00:00,2026-07-23 20:06:03.061112+00:00,security_metrics,ml_engine,e07fec3b,-1.0,,1,,,,,,,
_result,0,2026-07-23 17:02:48+00:00,2026-07-23 22:48:25.083254+00:00,2026-07-23 20:06:04.610345+00:00,security_metrics,ml_engine,e07fec3b,0.18369470486261252,0.18369470486261252,0,0.00396735267713666,,,,,,
_result,0,2026-07-23 17:02:48+00:00,2026-07-23 22:48:25.083254+00:00,2026-07-23 20:06:19.641959+00:00,security_metrics,ml_engine,e07fec3b,-1.0,,1,,,,,,,
_result,0,2026-07-23 17:02:48+00:00,2026-07-23 22:48:25.083254+00:00,2026-07-23 20:06:19.643374+00:00,security_metrics,ml_engine,e07fec3b,-1.0,,1,,,,,,,
_result,0,2026-07-23 17:02:48+00:00,2026-07-23 22:48:25.083254+00:00,2026-07-23 20:06:21.224873+00:00,security_metrics,ml_engine,e07fec3b,0.0897536037935881,0.0897536037935881,0,0.11238732933998108,,,,,,
_result,0,2026-07-23 17:02:48+00:00,2026-07-23 22:48:25.083254+00:00,2026-07-23 20:07:11.190655+00:00,security_metrics,ml_engine,e07fec3b,0.09233908165678051,0.09233908165678051,0,0.002133298432454467,,,,,,
_result,0,2026-07-23 17:02:48+00:00,2026-07-23 22:48:25.083254+00:00,2026-07-23 20:07:27.931918+00:00,security_metrics,ml_engine,e07fec3b,-0.03367696206454229,-0.03367696206454229,0,0.15215164422988892,,,,,,
_result,0,2026-07-23 17:02:48+00:00,2026-07-23 22:48:25.083254+00:00,2026-07-23 20:07:44.598837+00:00,security_metrics,ml_engine,e07fec3b,-0.03367696206454229,-0.03367696206454229,0,0.14906729757785797,,,,,,
_result,0,2026-07-23 17:02:48+00:00,2026-07-23 22:48:25.083254+00:00,2026-07-23 20:08:01.328750+00:00,security_metrics,ml_engine,e07fec3b,0.03937504608971043,0.03937504608971043,0,0.03882922977209091,,,,,,
_result,0,2026-07-23 17:02:48+00:00,2026-07-23 22:48:25.083254+00:00,2026-07-23 20:08:18.017954+00:00,security_metrics,ml_engine,e07fec3b,0.08991063413215983,0.08991063413215983,0,0.002132491208612919,,,,,,
_result,0,2026-07-23 17:02:48+00:00,2026-07-23 22:48:25.083254+00:00,2026-07-23 20:08:34.824758+00:00,security_metrics,ml_engine,e07fec3b,0.07577210058392359,0.07577210058392359,0,0.002133307047188282,,,,,,
_result,0,2026-07-23 17:02:48+00:00,2026-07-23 22:48:25.083254+00:00,2026-07-23 20:08:51.499745+00:00,security_metrics,ml_engine,e07fec3b,0.09233908165678051,0.09233908165678051,0,0.0021346150897443295,,,,,,
_result,0,2026-07-23 17:02:48+00:00,2026-07-23 22:48:25.083254+00:00,2026-07-23 20:09:06.555272+00:00,security_metrics,ml_engine,e07fec3b,-0.95,,1,,,,,,,
_result,0,2026-07-23 17:02:48+00:00,2026-07-23 22:48:25.083254+00:00,2026-07-23 20:09:08.172247+00:00,security_metrics,ml_engine,e07fec3b,0.071317616914368,0.071317616914368,0,0.002135037910193205,,,,,,
_result,0,2026-07-23 17:02:48+00:00,2026-07-23 22:48:25.083254+00:00,2026-07-23 20:09:24.899129+00:00,security_metrics,ml_engine,e07fec3b,0.08242371329466436,0.08242371329466436,0,0.002134558744728565,,,,,,
_result,0,2026-07-23 17:02:48+00:00,2026-07-23 22:48:25.083254+00:00,2026-07-23 20:09:41.530675+00:00,security_metrics,ml_engine,e07fec3b,0.08804872081853643,0.08804872081853643,0,0.0021319687366485596,,,,,,
_result,0,2026-07-23 17:02:48+00:00,2026-07-23 22:48:25.083254+00:00,2026-07-23 20:09:58.183101+00:00,security_metrics,ml_engine,e07fec3b,0.09188103597113773,0.09188103597113773,0,0.0021260366775095463,,,,,,
_result,0,2026-07-23 17:02:48+00:00,2026-07-23 22:48:25.083254+00:00,2026-07-23 20:10:14.927983+00:00,security_metrics,ml_engine,e07fec3b,0.013535719296913218,0.013535719296913218,0,0.002135045127943158,,,,,,
_result,0,2026-07-23 17:02:48+00:00,2026-07-23 22:48:25.083254+00:00,2026-07-23 20:10:31.572803+00:00,security_metrics,ml_engine,e07fec3b,0.08031265907873764,0.08031265907873764,0,0.0021303566172719,,,,,,
_result,0,2026-07-23 17:02:48+00:00,2026-07-23 22:48:25.083254+00:00,2026-07-23 20:10:48.190583+00:00,security_metrics,ml_engine,e07fec3b,0.0931319415737415,0.0931319415737415,0,0.002132485853508115,,,,,,
_result,0,2026-07-23 17:02:48+00:00,2026-07-23 22:48:25.083254+00:00,2026-07-23 20:11:04.946815+00:00,security_metrics,ml_engine,e07fec3b,0.07591968712429686,0.07591968712429686,0,0.0021310681477189064,,,,,,
_result,0,2026-07-23 17:02:48+00:00,2026-07-23 22:48:25.083254+00:00,2026-07-23 20:11:20.012436+00:00,security_metrics,ml_engine,e07fec3b,-0.95,,1,,,,,,,
_result,0,2026-07-23 17:02:48+00:00,2026-07-23 22:48:25.083254+00:00,2026-07-23 20:11:21.636690+00:00,security_metrics,ml_engine,e07fec3b,0.08929488809651587,0.08929488809651587,0,0.0021325447596609592,,,,,,
_result,0,2026-07-23 17:02:48+00:00,2026-07-23 22:48:25.083254+00:00,2026-07-23 20:11:38.272578+00:00,security_metrics,ml_engine,e07fec3b,0.0869449894513713,0.0869449894513713,0,0.0021290562581270933,,,,,,
_result,0,2026-07-23 17:02:48+00:00,2026-07-23 22:48:25.083254+00:00,2026-07-23 20:11:54.910405+00:00,security_metrics,ml_engine,e07fec3b,0.04478487347930482,0.04478487347930482,0,0.0021313088946044445,,,,,,
_result,0,2026-07-23 17:02:48+00:00,2026-07-23 22:48:25.083254+00:00,2026-07-23 20:12:11.670033+00:00,security_metrics,ml_engine,e07fec3b,0.09049398916714502,0.09049398916714502,0,0.002130242995917797,,,,,,
_result,0,2026-07-23 17:02:48+00:00,2026-07-23 22:48:25.083254+00:00,2026-07-23 20:12:28.310686+00:00,security_metrics,ml_engine,e07fec3b,0.0931319415737415,0.0931319415737415,0,0.0021320232190191746,,,,,,
_result,0,2026-07-23 17:02:48+00:00,2026-07-23 22:48:25.083254+00:00,2026-07-23 20:12:44.958675+00:00,security_metrics,ml_engine,e07fec3b,0.08929488809651587,0.08929488809651587,0,0.0021314737387001514,,,,,,
_result,0,2026-07-23 17:02:48+00:00,2026-07-23 22:48:25.083254+00:00,2026-07-23 20:13:01.716393+00:00,security_metrics,ml_engine,e07fec3b,0.08643233586766441,0.08643233586766441,0,0.002132934983819723,,,,,,
_result,0,2026-07-23 17:02:48+00:00,2026-07-23 22:48:25.083254+00:00,2026-07-23 20:13:18.421028+00:00,security_metrics,ml_engine,e07fec3b,0.08601189386477459,0.08601189386477459,0,0.002130648586899042,,,,,,
_result,0,2026-07-23 17:02:48+00:00,2026-07-23 22:48:25.083254+00:00,2026-07-23 20:13:33.488716+00:00,security_metrics,ml_engine,e07fec3b,-0.95,,1,,,,,,,
_result,0,2026-07-23 17:02:48+00:00,2026-07-23 22:48:25.083254+00:00,2026-07-23 20:13:35.093127+00:00,security_metrics,ml_engine,e07fec3b,0.05075233490155351,0.05075233490155351,0,0.0021338167134672403,,,,,,
_result,0,2026-07-23 17:02:48+00:00,2026-07-23 22:48:25.083254+00:00,2026-07-23 20:13:51.900480+00:00,security_metrics,ml_engine,e07fec3b,0.0931319415737415,0.0931319415737415,0,0.002132969442754984,,,,,,
_result,0,2026-07-23 17:02:48+00:00,2026-07-23 22:48:25.083254+00:00,2026-07-23 20:14:08.624824+00:00,security_metrics,ml_engine,e07fec3b,0.08073701818080536,0.08073701818080536,0,0.002132622990757227,,,,,,
_result,0,2026-07-23 17:02:48+00:00,2026-07-23 22:48:25.083254+00:00,2026-07-23 20:14:25.329255+00:00,security_metrics,ml_engine,e07fec3b,0.09188103597113773,0.09188103597113773,0,0.002137064002454281,,,,,,
_result,0,2026-07-23 17:02:48+00:00,2026-07-23 22:48:25.083254+00:00,2026-07-23 20:14:42.021112+00:00,security_metrics,ml_engine,e07fec3b,0.08073701818080536,0.08073701818080536,0,0.0021334486082196236,,,,,,
_result,0,2026-07-23 17:02:48+00:00,2026-07-23 22:48:25.083254+00:00,2026-07-23 20:14:58.861281+00:00,security_metrics,ml_engine,e07fec3b,0.05592131593750038,0.05592131593750038,0,0.002136661671102047,,,,,,
_result,0,2026-07-23 17:02:48+00:00,2026-07-23 22:48:25.083254+00:00,2026-07-23 20:15:15.586725+00:00,security_metrics,ml_engine,e07fec3b,0.06955427488472699,0.06955427488472699,0,0.002136575523763895,,,,,,
_result,0,2026-07-23 17:02:48+00:00,2026-07-23 22:48:25.083254+00:00,2026-07-23 20:15:32.252208+00:00,security_metrics,ml_engine,e07fec3b,0.09498684572615079,0.09498684572615079,0,0.002130596898496151,,,,,,
_result,0,2026-07-23 17:02:48+00:00,2026-07-23 22:48:25.083254+00:00,2026-07-23 20:15:49.059355+00:00,security_metrics,ml_engine,e07fec3b,0.06610070926374179,0.06610070926374179,0,0.002133087022230029,,,,,,
_result,0,2026-07-23 17:02:48+00:00,2026-07-23 22:48:25.083254+00:00,2026-07-23 20:16:05.780319+00:00,security_metrics,ml_engine,e07fec3b,0.0897536037935881,0.0897536037935881,0,0.00213234918192029,,,,,,
_result,0,2026-07-23 17:02:48+00:00,2026-07-23 22:48:25.083254+00:00,2026-07-23 20:16:20.805637+00:00,security_metrics,ml_engine,e07fec3b,-1.0,,1,,,,,,,
_result,0,2026-07-23 17:02:48+00:00,2026-07-23 22:48:25.083254+00:00,2026-07-23 20:16:22.461786+00:00,security_metrics,ml_engine,e07fec3b,-0.026971097276427436,-0.026971097276427436,0,0.060443948954343796,,,,,,
_result,0,2026-07-23 17:02:48+00:00,2026-07-23 22:48:25.083254+00:00,2026-07-23 20:16:37.492310+00:00,security_metrics,ml_engine,e07fec3b,-1.0,,1,,,,,,,
_result,0,2026-07-23 17:02:48+00:00,2026-07-23 22:48:25.083254+00:00,2026-07-23 20:16:37.493896+00:00,security_metrics,ml_engine,e07fec3b,-1.0,,1,,,,,,,
_result,0,2026-07-23 17:02:48+00:00,2026-07-23 22:48:25.083254+00:00,2026-07-23 20:16:37.495330+00:00,security_metrics,ml_engine,e07fec3b,-1.0,,1,,,,,,,
_result,0,2026-07-23 17:02:48+00:00,2026-07-23 22:48:25.083254+00:00,2026-07-23 20:16:39.313318+00:00,security_metrics,ml_engine,e07fec3b,0.013498414046494545,0.013498414046494545,0,0.1965453326702118,,,,,,
_result,0,2026-07-23 17:02:48+00:00,2026-07-23 22:48:25.083254+00:00,2026-07-23 20:16:54.343707+00:00,security_metrics,ml_engine,e07fec3b,-1.0,,1,,,,,,,
_result,0,2026-07-23 17:02:48+00:00,2026-07-23 22:48:25.083254+00:00,2026-07-23 20:16:54.345188+00:00,security_metrics,ml_engine,e07fec3b,-1.0,,1,,,,,,,
_result,0,2026-07-23 17:02:48+00:00,2026-07-23 22:48:25.083254+00:00,2026-07-23 20:16:54.346652+00:00,security_metrics,ml_engine,e07fec3b,-1.0,,1,,,,,,,
_result,0,2026-07-23 17:02:48+00:00,2026-07-23 22:48:25.083254+00:00,2026-07-23 20:16:56.020037+00:00,security_metrics,ml_engine,e07fec3b,0.08139688447257032,0.08139688447257032,0,0.16226837038993835,,,,,,
_result,0,2026-07-23 17:02:48+00:00,2026-07-23 22:48:25.083254+00:00,2026-07-23 20:17:11.034981+00:00,security_metrics,ml_engine,e07fec3b,-1.0,,1,,,,,,,
_result,0,2026-07-23 17:02:48+00:00,2026-07-23 22:48:25.083254+00:00,2026-07-23 20:17:11.036439+00:00,security_metrics,ml_engine,e07fec3b,-1.0,,1,,,,,,,
_result,0,2026-07-23 17:02:48+00:00,2026-07-23 22:48:25.083254+00:00,2026-07-23 20:17:11.037796+00:00,security_metrics,ml_engine,e07fec3b,-1.0,,1,,,,,,,
_result,0,2026-07-23 17:02:48+00:00,2026-07-23 22:48:25.083254+00:00,2026-07-23 20:17:12.739324+00:00,security_metrics,ml_engine,e07fec3b,0.07870854878230216,0.07870854878230216,0,0.08634486794471741,,,,,,
_result,0,2026-07-23 17:02:48+00:00,2026-07-23 22:48:25.083254+00:00,2026-07-23 20:17:27.808490+00:00,security_metrics,ml_engine,e07fec3b,-0.95,,1,,,,,,,
_result,0,2026-07-23 17:02:48+00:00,2026-07-23 22:48:25.083254+00:00,2026-07-23 20:17:29.444745+00:00,security_metrics,ml_engine,e07fec3b,0.08294341205159084,0.08294341205159084,0,0.0021301531232893467,,,,,,
_result,0,2026-07-23 17:02:48+00:00,2026-07-23 22:48:25.083254+00:00,2026-07-23 20:17:46.243612+00:00,security_metrics,ml_engine,e07fec3b,0.08891334002271778,0.08891334002271778,0,0.0021288443822413683,,,,,,
_result,0,2026-07-23 17:02:48+00:00,2026-07-23 22:48:25.083254+00:00,2026-07-23 20:18:02.874340+00:00,security_metrics,ml_engine,e07fec3b,0.05773022669691741,0.05773022669691741,0,0.002134061651304364,,,,,,
_result,0,2026-07-23 17:02:48+00:00,2026-07-23 22:48:25.083254+00:00,2026-07-23 20:18:19.514065+00:00,security_metrics,ml_engine,e07fec3b,0.07495534539732518,0.07495534539732518,0,0.0021301349624991417,,,,,,
_result,0,2026-07-23 17:02:48+00:00,2026-07-23 22:48:25.083254+00:00,2026-07-23 20:18:36.250687+00:00,security_metrics,ml_engine,e07fec3b,0.07852089157223674,0.07852089157223674,0,0.002127826912328601,,,,,,
_result,0,2026-07-23 17:02:48+00:00,2026-07-23 22:48:25.083254+00:00,2026-07-23 20:18:52.896591+00:00,security_metrics,ml_engine,e07fec3b,0.094405431601709,0.094405431601709,0,0.002129289321601391,,,,,,
_result,0,2026-07-23 17:02:48+00:00,2026-07-23 22:48:25.083254+00:00,2026-07-23 20:19:09.575034+00:00,security_metrics,ml_engine,e07fec3b,0.013535719296913218,0.013535719296913218,0,0.002134684706106782,,,,,,
_result,0,2026-07-23 17:02:48+00:00,2026-07-23 22:48:25.083254+00:00,2026-07-23 20:19:26.330390+00:00,security_metrics,ml_engine,e07fec3b,0.07842579030427543,0.07842579030427543,0,0.002133110538125038,,,,,,
_result,0,2026-07-23 17:02:48+00:00,2026-07-23 22:48:25.083254+00:00,2026-07-23 20:19:41.396681+00:00,security_metrics,ml_engine,e07fec3b,-0.95,,1,,,,,,,
_result,0,2026-07-23 17:02:48+00:00,2026-07-23 22:48:25.083254+00:00,2026-07-23 20:19:43.015649+00:00,security_metrics,ml_engine,e07fec3b,0.09188103597113773,0.09188103597113773,0,0.0021311668679118156,,,,,,
_result,0,2026-07-23 17:02:48+00:00,2026-07-23 22:48:25.083254+00:00,2026-07-23 20:19:59.625985+00:00,security_metrics,ml_engine,e07fec3b,0.09498684572615079,0.09498684572615079,0,0.0021266762632876635,,,,,,
_result,0,2026-07-23 17:02:48+00:00,2026-07-23 22:48:25.083254+00:00,2026-07-23 20:20:16.356497+00:00,security_metrics,ml_engine,e07fec3b,0.022430348512970544,0.022430348512970544,0,0.0021305617410689592,,,,,,
_result,0,2026-07-23 17:02:48+00:00,2026-07-23 22:48:25.083254+00:00,2026-07-23 20:20:32.994268+00:00,security_metrics,ml_engine,e07fec3b,0.09413145956905167,0.09413145956905167,0,0.002130931243300438,,,,,,
_result,0,2026-07-23 17:02:48+00:00,2026-07-23 22:48:25.083254+00:00,2026-07-23 20:20:49.650475+00:00,security_metrics,ml_engine,e07fec3b,0.09146463069020672,0.09146463069020672,0,0.0021304914262145758,,,,,,
_result,0,2026-07-23 17:02:48+00:00,2026-07-23 22:48:25.083254+00:00,2026-07-23 20:21:06.290511+00:00,security_metrics,ml_engine,e07fec3b,0.04481388345974613,0.04481388345974613,0,0.0021402565762400627,,,,,,
_result,0,2026-07-23 17:02:48+00:00,2026-07-23 22:48:25.083254+00:00,2026-07-23 20:21:23.050748+00:00,security_metrics,ml_engine,e07fec3b,0.08377213867657973,0.08377213867657973,0,0.0021307608112692833,,,,,,
_result,0,2026-07-23 17:02:48+00:00,2026-07-23 22:48:25.083254+00:00,2026-07-23 20:21:39.683959+00:00,security_metrics,ml_engine,e07fec3b,0.06569905569457701,0.06569905569457701,0,0.002129693515598774,,,,,,
_result,0,2026-07-23 17:02:48+00:00,2026-07-23 22:48:25.083254+00:00,2026-07-23 20:21:54.749710+00:00,security_metrics,ml_engine,e07fec3b,-0.95,,1,,,,,,,
_result,0,2026-07-23 17:02:48+00:00,2026-07-23 22:48:25.083254+00:00,2026-07-23 20:21:56.362373+00:00,security_metrics,ml_engine,e07fec3b,0.06608297878692537,0.06608297878692537,0,0.002130279317498207,,,,,,
_result,0,2026-07-23 17:02:48+00:00,2026-07-23 22:48:25.083254+00:00,2026-07-23 20:22:13.121996+00:00,security_metrics,ml_engine,e07fec3b,0.09409039137727682,0.09409039137727682,0,0.002132053952664137,,,,,,
_result,0,2026-07-23 17:02:48+00:00,2026-07-23 22:48:25.083254+00:00,2026-07-23 20:22:29.767903+00:00,security_metrics,ml_engine,e07fec3b,0.08761190574306366,0.08761190574306366,0,0.0021305682603269815,,,,,,
_result,0,2026-07-23 17:02:48+00:00,2026-07-23 22:48:25.083254+00:00,2026-07-23 20:22:46.375510+00:00,security_metrics,ml_engine,e07fec3b,0.0897536037935881,0.0897536037935881,0,0.0021303610410541296,,,,,,
_result,0,2026-07-23 17:02:48+00:00,2026-07-23 22:48:25.083254+00:00,2026-07-23 20:23:03.184870+00:00,security_metrics,ml_engine,e07fec3b,0.06538087792182024,0.06538087792182024,0,0.0021379892714321613,,,,,,
_result,0,2026-07-23 17:02:48+00:00,2026-07-23 22:48:25.083254+00:00,2026-07-23 20:23:19.812978+00:00,security_metrics,ml_engine,e07fec3b,0.09146463069020672,0.09146463069020672,0,0.0021287447307258844,,,,,,
_result,0,2026-07-23 17:02:48+00:00,2026-07-23 22:48:25.083254+00:00,2026-07-23 20:23:36.451542+00:00,security_metrics,ml_engine,e07fec3b,0.08455378907057498,0.08455378907057498,0,0.0021324760746210814,,,,,,
_result,0,2026-07-23 17:02:48+00:00,2026-07-23 22:48:25.083254+00:00,2026-07-23 20:23:53.102631+00:00,security_metrics,ml_engine,e07fec3b,0.03209615920989939,0.03209615920989939,0,0.0021247677505016327,,,,,,
_result,0,2026-07-23 17:02:48+00:00,2026-07-23 22:48:25.083254+00:00,2026-07-23 20:24:09.901318+00:00,security_metrics,ml_engine,e07fec3b,0.028294915897677964,0.028294915897677964,0,0.0021394696086645126,,,,,,
_result,0,2026-07-23 17:02:48+00:00,2026-07-23 22:48:25.083254+00:00,2026-07-23 20:24:26.557534+00:00,security_metrics,ml_engine,e07fec3b,0.09146463069020672,0.09146463069020672,0,0.002134528011083603,,,,,,
_result,0,2026-07-23 17:02:48+00:00,2026-07-23 22:48:25.083254+00:00,2026-07-23 20:24:43.229764+00:00,security_metrics,ml_engine,e07fec3b,0.08377213867657973,0.08377213867657973,0,0.002130232285708189,,,,,,
_result,0,2026-07-23 17:02:48+00:00,2026-07-23 22:48:25.083254+00:00,2026-07-23 20:25:00.119492+00:00,security_metrics,ml_engine,e07fec3b,0.06993920311815083,0.06993920311815083,0,0.0021366074215620756,,,,,,
_result,0,2026-07-23 17:02:48+00:00,2026-07-23 22:48:25.083254+00:00,2026-07-23 20:25:16.867775+00:00,security_metrics,ml_engine,e07fec3b,0.09371217688276745,0.09371217688276745,0,0.002132731955498457,,,,,,
_result,0,2026-07-23 17:02:48+00:00,2026-07-23 22:48:25.083254+00:00,2026-07-23 20:25:33.538710+00:00,security_metrics,ml_engine,e07fec3b,0.071317616914368,0.071317616914368,0,0.0021350414026528597,,,,,,
_result,0,2026-07-23 17:02:48+00:00,2026-07-23 22:48:25.083254+00:00,2026-07-23 20:25:50.214770+00:00,security_metrics,ml_engine,e07fec3b,0.094405431601709,0.094405431601709,0,0.002134582493454218,,,,,,
_result,0,2026-07-23 17:02:48+00:00,2026-07-23 22:48:25.083254+00:00,2026-07-23 20:26:07.081091+00:00,security_metrics,ml_engine,e07fec3b,-0.02970630730752788,-0.02970630730752788,0,0.0021476089023053646,,,,,,
_result,0,2026-07-23 17:02:48+00:00,2026-07-23 22:48:25.083254+00:00,2026-07-23 20:26:23.751270+00:00,security_metrics,ml_engine,e07fec3b,0.08242371329466436,0.08242371329466436,0,0.0021300308872014284,,,,,,
_result,0,2026-07-23 17:02:48+00:00,2026-07-23 22:48:25.083254+00:00,2026-07-23 20:26:40.443837+00:00,security_metrics,ml_engine,e07fec3b,0.048592522238940616,0.048592522238940616,0,0.0021261917427182198,,,,,,
_result,0,2026-07-23 17:02:48+00:00,2026-07-23 22:48:25.083254+00:00,2026-07-23 20:26:57.239185+00:00,security_metrics,ml_engine,e07fec3b,0.07358319730418816,0.07358319730418816,0,0.002133203437551856,,,,,,
_result,0,2026-07-23 17:02:48+00:00,2026-07-23 22:48:25.083254+00:00,2026-07-23 20:27:13.928561+00:00,security_metrics,ml_engine,e07fec3b,0.06569905569457701,0.06569905569457701,0,0.0021287354175001383,,,,,,
_result,0,2026-07-23 17:02:48+00:00,2026-07-23 22:48:25.083254+00:00,2026-07-23 20:27:30.607474+00:00,security_metrics,ml_engine,e07fec3b,0.07154712644334216,0.07154712644334216,0,0.0021366614382714033,,,,,,
_result,0,2026-07-23 17:02:48+00:00,2026-07-23 22:48:25.083254+00:00,2026-07-23 20:27:47.410555+00:00,security_metrics,ml_engine,e07fec3b,0.051210770215746715,0.051210770215746715,0,0.0021356644574552774,,,,,,
_result,0,2026-07-23 17:02:48+00:00,2026-07-23 22:48:25.083254+00:00,2026-07-23 20:28:04.102653+00:00,security_metrics,ml_engine,e07fec3b,0.05788581074243648,0.05788581074243648,0,0.002130035078153014,,,,,,
_result,0,2026-07-23 17:02:48+00:00,2026-07-23 22:48:25.083254+00:00,2026-07-23 20:28:20.797879+00:00,security_metrics,ml_engine,e07fec3b,0.027060734833321054,0.027060734833321054,0,0.002135940594598651,,,,,,
_result,0,2026-07-23 17:02:48+00:00,2026-07-23 22:48:25.083254+00:00,2026-07-23 20:28:37.573718+00:00,security_metrics,ml_engine,e07fec3b,0.0871337990816865,0.0871337990816865,0,0.002126821083948016,,,,,,
_result,0,2026-07-23 17:02:48+00:00,2026-07-23 22:48:25.083254+00:00,2026-07-23 20:28:54.246200+00:00,security_metrics,ml_engine,e07fec3b,0.07426519086506778,0.07426519086506778,0,0.002134076552465558,,,,,,
_result,0,2026-07-23 17:02:48+00:00,2026-07-23 22:48:25.083254+00:00,2026-07-23 20:29:10.930180+00:00,security_metrics,ml_engine,e07fec3b,0.09244352670953948,0.09244352670953948,0,0.002129682106897235,,,,,,
_result,0,2026-07-23 17:02:48+00:00,2026-07-23 22:48:25.083254+00:00,2026-07-23 20:29:27.615608+00:00,security_metrics,ml_engine,e07fec3b,0.09188103597113773,0.09188103597113773,0,0.002132380148395896,,,,,,
_result,0,2026-07-23 17:02:48+00:00,2026-07-23 22:48:25.083254+00:00,2026-07-23 20:29:44.442943+00:00,security_metrics,ml_engine,e07fec3b,0.07154712644334216,0.07154712644334216,0,0.0021315617486834526,,,,,,
_result,0,2026-07-23 17:02:48+00:00,2026-07-23 22:48:25.083254+00:00,2026-07-23 20:30:01.140793+00:00,security_metrics,ml_engine,e07fec3b,0.08529827647418364,0.08529827647418364,0,0.002129886532202363,,,,,,
_result,0,2026-07-23 17:02:48+00:00,2026-07-23 22:48:25.083254+00:00,2026-07-23 20:30:17.848130+00:00,security_metrics,ml_engine,e07fec3b,0.0897536037935881,0.0897536037935881,0,0.002129897940903902,,,,,,
_result,0,2026-07-23 17:02:48+00:00,2026-07-23 22:48:25.083254+00:00,2026-07-23 20:30:34.640783+00:00,security_metrics,ml_engine,e07fec3b,0.09297259061914509,0.09297259061914509,0,0.002130985725671053,,,,,,
_result,0,2026-07-23 17:02:48+00:00,2026-07-23 22:48:25.083254+00:00,2026-07-23 20:30:51.347311+00:00,security_metrics,ml_engine,e07fec3b,-0.0014822633498404736,-0.0014822633498404736,0,0.0021405192092061043,,,,,,
_result,0,2026-07-23 17:02:48+00:00,2026-07-23 22:48:25.083254+00:00,2026-07-23 20:31:08.036818+00:00,security_metrics,ml_engine,e07fec3b,0.08991063413215983,0.08991063413215983,0,0.0021322693210095167,,,,,,
_result,0,2026-07-23 17:02:48+00:00,2026-07-23 22:48:25.083254+00:00,2026-07-23 20:31:24.842614+00:00,security_metrics,ml_engine,e07fec3b,0.08298365029712862,0.08298365029712862,0,0.0021317240316420794,,,,,,
_result,0,2026-07-23 17:02:48+00:00,2026-07-23 22:48:25.083254+00:00,2026-07-23 20:31:41.530895+00:00,security_metrics,ml_engine,e07fec3b,0.08842269919569135,0.08842269919569135,0,0.0021318597719073296,,,,,,
_result,0,2026-07-23 17:02:48+00:00,2026-07-23 22:48:25.083254+00:00,2026-07-23 20:31:56.557178+00:00,security_metrics,ml_engine,e07fec3b,-1.0,,1,,,,,,,
_result,0,2026-07-23 17:02:48+00:00,2026-07-23 22:48:25.083254+00:00,2026-07-23 20:32:13.264770+00:00,security_metrics,ml_engine,e07fec3b,-0.95,,1,,,,,,,
_result,0,2026-07-23 17:02:48+00:00,2026-07-23 22:48:25.083254+00:00,2026-07-23 20:34:26.825391+00:00,security_metrics,ml_engine,e07fec3b,-0.95,,1,,,,,,,
_result,0,2026-07-23 17:02:48+00:00,2026-07-23 22:48:25.083254+00:00,2026-07-23 20:36:40.173285+00:00,security_metrics,ml_engine,e07fec3b,-0.95,,1,,,,,,,
_result,0,2026-07-23 17:02:48+00:00,2026-07-23 22:48:25.083254+00:00,2026-07-23 20:39:10.574806+00:00,security_metrics,ml_engine,e07fec3b,-0.95,,1,,,,,,,
_result,0,2026-07-23 17:02:48+00:00,2026-07-23 22:48:25.083254+00:00,2026-07-23 20:41:24.406161+00:00,security_metrics,ml_engine,e07fec3b,-0.95,,1,,,,,,,
_result,0,2026-07-23 17:02:48+00:00,2026-07-23 22:48:25.083254+00:00,2026-07-23 20:44:11.771834+00:00,security_metrics,ml_engine,e07fec3b,-1.0,,1,,,,,,,
_result,0,2026-07-23 17:02:48+00:00,2026-07-23 22:48:25.083254+00:00,2026-07-23 20:44:11.773411+00:00,security_metrics,ml_engine,e07fec3b,-1.0,,1,,,,,,,
_result,0,2026-07-23 17:02:48+00:00,2026-07-23 22:48:25.083254+00:00,2026-07-23 20:44:11.774901+00:00,security_metrics,ml_engine,e07fec3b,-1.0,,1,,,,,,,
_result,0,2026-07-23 17:02:48+00:00,2026-07-23 22:48:25.083254+00:00,2026-07-23 20:44:11.776371+00:00,security_metrics,ml_engine,e07fec3b,-1.0,,1,,,,,,,
_result,0,2026-07-23 17:02:48+00:00,2026-07-23 22:48:25.083254+00:00,2026-07-23 20:51:11.261427+00:00,security_metrics,ml_engine,e07fec3b,-1.0,,1,,,,,,,
_result,0,2026-07-23 17:02:48+00:00,2026-07-23 22:48:25.083254+00:00,2026-07-23 20:51:28.170519+00:00,security_metrics,ml_engine,e07fec3b,-0.95,,1,,,,,,,
_result,0,2026-07-23 17:02:48+00:00,2026-07-23 22:48:25.083254+00:00,2026-07-23 20:53:42.241719+00:00,security_metrics,ml_engine,e07fec3b,-0.95,,1,,,,,,,
_result,0,2026-07-23 17:02:48+00:00,2026-07-23 22:48:25.083254+00:00,2026-07-23 20:55:56.238885+00:00,security_metrics,ml_engine,e07fec3b,-0.95,,1,,,,,,,
_result,0,2026-07-23 17:02:48+00:00,2026-07-23 22:48:25.083254+00:00,2026-07-23 20:57:03.093597+00:00,security_metrics,ml_engine,e07fec3b,-1.0,,1,,,,,,,
_result,0,2026-07-23 17:02:48+00:00,2026-07-23 22:48:25.083254+00:00,2026-07-23 20:58:10.151180+00:00,security_metrics,ml_engine,e07fec3b,-0.95,,1,,,,,,,
_result,0,2026-07-23 17:02:48+00:00,2026-07-23 22:48:25.083254+00:00,2026-07-23 21:00:24.258334+00:00,security_metrics,ml_engine,e07fec3b,-0.95,,1,,,,,,,
_result,0,2026-07-23 17:02:48+00:00,2026-07-23 22:48:25.083254+00:00,2026-07-23 21:02:38.237645+00:00,security_metrics,ml_engine,e07fec3b,-0.95,,1,,,,,,,
_result,0,2026-07-23 17:02:48+00:00,2026-07-23 22:48:25.083254+00:00,2026-07-23 21:04:02.002600+00:00,security_metrics,ml_engine,e07fec3b,-1.0,,1,,,,,,,
_result,0,2026-07-23 17:02:48+00:00,2026-07-23 22:48:25.083254+00:00,2026-07-23 21:04:02.004128+00:00,security_metrics,ml_engine,e07fec3b,-1.0,,1,,,,,,,
_result,0,2026-07-23 17:02:48+00:00,2026-07-23 22:48:25.083254+00:00,2026-07-23 21:04:18.699062+00:00,security_metrics,ml_engine,e07fec3b,-1.0,,1,,,,,,,
_result,0,2026-07-23 17:02:48+00:00,2026-07-23 22:48:25.083254+00:00,2026-07-23 21:04:18.701364+00:00,security_metrics,ml_engine,e07fec3b,-1.0,,1,,,,,,,
_result,0,2026-07-23 17:02:48+00:00,2026-07-23 22:48:25.083254+00:00,2026-07-23 21:04:18.702789+00:00,security_metrics,ml_engine,e07fec3b,-1.0,,1,,,,,,,
_result,0,2026-07-23 17:02:48+00:00,2026-07-23 22:48:25.083254+00:00,2026-07-23 21:04:35.384633+00:00,security_metrics,ml_engine,e07fec3b,-1.0,,1,,,,,,,
_result,0,2026-07-23 17:02:48+00:00,2026-07-23 22:48:25.083254+00:00,2026-07-23 21:04:35.386036+00:00,security_metrics,ml_engine,e07fec3b,-1.0,,1,,,,,,,
_result,0,2026-07-23 17:02:48+00:00,2026-07-23 22:48:25.083254+00:00,2026-07-23 21:04:35.387461+00:00,security_metrics,ml_engine,e07fec3b,-1.0,,1,,,,,,,
_result,0,2026-07-23 17:02:48+00:00,2026-07-23 22:48:25.083254+00:00,2026-07-23 21:04:52.101835+00:00,security_metrics,ml_engine,e07fec3b,-1.0,,1,,,,,,,
_result,0,2026-07-23 17:02:48+00:00,2026-07-23 22:48:25.083254+00:00,2026-07-23 21:04:52.103298+00:00,security_metrics,ml_engine,e07fec3b,-1.0,,1,,,,,,,
_result,0,2026-07-23 17:02:48+00:00,2026-07-23 22:48:25.083254+00:00,2026-07-23 21:04:52.104668+00:00,security_metrics,ml_engine,e07fec3b,-1.0,,1,,,,,,,
_result,0,2026-07-23 17:02:48+00:00,2026-07-23 22:48:25.083254+00:00,2026-07-23 21:05:08.973117+00:00,security_metrics,ml_engine,e07fec3b,-1.0,,1,,,,,,,
_result,0,2026-07-23 17:02:48+00:00,2026-07-23 22:48:25.083254+00:00,2026-07-23 21:05:25.761216+00:00,security_metrics,ml_engine,e07fec3b,-0.95,,1,,,,,,,
_result,0,2026-07-23 17:02:48+00:00,2026-07-23 22:48:25.083254+00:00,2026-07-23 21:07:39.969275+00:00,security_metrics,ml_engine,e07fec3b,-0.95,,1,,,,,,,
_result,0,2026-07-23 17:02:48+00:00,2026-07-23 22:48:25.083254+00:00,2026-07-23 21:09:53.911035+00:00,security_metrics,ml_engine,e07fec3b,-0.95,,1,,,,,,,
_result,0,2026-07-23 17:02:48+00:00,2026-07-23 22:48:25.083254+00:00,2026-07-23 21:11:34.433762+00:00,security_metrics,ml_engine,e07fec3b,-1.0,,1,,,,,,,
_result,0,2026-07-23 17:02:48+00:00,2026-07-23 22:48:25.083254+00:00,2026-07-23 21:11:34.435204+00:00,security_metrics,ml_engine,e07fec3b,-1.0,,1,,,,,,,
_result,0,2026-07-23 17:02:48+00:00,2026-07-23 22:48:25.083254+00:00,2026-07-23 21:11:34.436683+00:00,security_metrics,ml_engine,e07fec3b,-1.0,,1,,,,,,,
_result,0,2026-07-23 17:02:48+00:00,2026-07-23 22:48:25.083254+00:00,2026-07-23 21:11:51.126267+00:00,security_metrics,ml_engine,e07fec3b,-1.0,,1,,,,,,,
_result,0,2026-07-23 17:02:48+00:00,2026-07-23 22:48:25.083254+00:00,2026-07-23 21:11:51.127855+00:00,security_metrics,ml_engine,e07fec3b,-1.0,,1,,,,,,,
_result,0,2026-07-23 17:02:48+00:00,2026-07-23 22:48:25.083254+00:00,2026-07-23 21:11:51.129546+00:00,security_metrics,ml_engine,e07fec3b,-1.0,,1,,,,,,,
_result,0,2026-07-23 17:02:48+00:00,2026-07-23 22:48:25.083254+00:00,2026-07-23 21:11:51.131449+00:00,security_metrics,ml_engine,e07fec3b,-1.0,,1,,,,,,,
_result,0,2026-07-23 17:02:48+00:00,2026-07-23 22:48:25.083254+00:00,2026-07-23 21:12:07.830292+00:00,security_metrics,ml_engine,e07fec3b,-1.0,,1,,,,,,,
_result,0,2026-07-23 17:02:48+00:00,2026-07-23 22:48:25.083254+00:00,2026-07-23 21:12:07.831763+00:00,security_metrics,ml_engine,e07fec3b,-1.0,,1,,,,,,,
_result,0,2026-07-23 17:02:48+00:00,2026-07-23 22:48:25.083254+00:00,2026-07-23 21:12:07.833310+00:00,security_metrics,ml_engine,e07fec3b,-1.0,,1,,,,,,,
_result,0,2026-07-23 17:02:48+00:00,2026-07-23 22:48:25.083254+00:00,2026-07-23 21:12:07.834706+00:00,security_metrics,ml_engine,e07fec3b,-1.0,,1,,,,,,,
_result,0,2026-07-23 17:02:48+00:00,2026-07-23 22:48:25.083254+00:00,2026-07-23 21:12:24.719350+00:00,security_metrics,ml_engine,e07fec3b,-1.0,,1,,,,,,,
_result,0,2026-07-23 17:02:48+00:00,2026-07-23 22:48:25.083254+00:00,2026-07-23 21:12:24.720959+00:00,security_metrics,ml_engine,e07fec3b,-1.0,,1,,,,,,,
_result,0,2026-07-23 17:02:48+00:00,2026-07-23 22:48:25.083254+00:00,2026-07-23 21:12:24.722285+00:00,security_metrics,ml_engine,e07fec3b,-1.0,,1,,,,,,,
_result,0,2026-07-23 17:02:48+00:00,2026-07-23 22:48:25.083254+00:00,2026-07-23 21:12:41.474178+00:00,security_metrics,ml_engine,e07fec3b,-0.95,,1,,,,,,,
_result,0,2026-07-23 17:02:48+00:00,2026-07-23 22:48:25.083254+00:00,2026-07-23 21:14:55.682410+00:00,security_metrics,ml_engine,e07fec3b,-0.95,,1,,,,,,,
_result,0,2026-07-23 17:02:48+00:00,2026-07-23 22:48:25.083254+00:00,2026-07-23 21:17:09.862829+00:00,security_metrics,ml_engine,e07fec3b,-0.95,,1,,,,,,,
_result,0,2026-07-23 17:02:48+00:00,2026-07-23 22:48:25.083254+00:00,2026-07-23 21:19:25.446981+00:00,security_metrics,ml_engine,e07fec3b,-0.03367696206454229,-0.03367696206454229,0,0.13128933310508728,,,,,,
_result,0,2026-07-23 17:02:48+00:00,2026-07-23 22:48:25.083254+00:00,2026-07-23 21:19:40.532890+00:00,security_metrics,ml_engine,e07fec3b,-0.95,,1,,,,,,,
_result,1,2026-07-23 17:02:48+00:00,2026-07-23 22:48:25.083254+00:00,2026-07-23 21:26:23.146577+00:00,security_metrics,ml_engine,f48278d9,-0.035265367532724134,-0.035265367532724134,0,0.13669365644454956,,,,,,
_result,1,2026-07-23 17:02:48+00:00,2026-07-23 22:48:25.083254+00:00,2026-07-23 21:26:39.950648+00:00,security_metrics,ml_engine,f48278d9,-0.007772250754200183,-0.007772250754200183,0,0.09440864622592926,,,,,,
_result,1,2026-07-23 17:02:48+00:00,2026-07-23 22:48:25.083254+00:00,2026-07-23 21:26:56.744238+00:00,security_metrics,ml_engine,f48278d9,0.1519177642032994,0.1519177642032994,0,0.01885942369699478,,,,,,
_result,1,2026-07-23 17:02:48+00:00,2026-07-23 22:48:25.083254+00:00,2026-07-23 21:27:13.742752+00:00,security_metrics,ml_engine,f48278d9,0.06742067117485384,0.06742067117485384,0,0.005527930334210396,,,,,,
_result,1,2026-07-23 17:02:48+00:00,2026-07-23 22:48:25.083254+00:00,2026-07-23 21:27:30.527210+00:00,security_metrics,ml_engine,f48278d9,0.16528351276602693,0.16528351276602693,0,0.018495075404644012,,,,,,
_result,1,2026-07-23 17:02:48+00:00,2026-07-23 22:48:25.083254+00:00,2026-07-23 21:27:47.398785+00:00,security_metrics,ml_engine,f48278d9,0.16867543614581942,0.16867543614581942,0,0.010009586811065674,,,,,,
_result,1,2026-07-23 17:02:48+00:00,2026-07-23 22:48:25.083254+00:00,2026-07-23 21:28:04.206838+00:00,security_metrics,ml_engine,f48278d9,0.1124876577538082,0.1124876577538082,0,0.004073825664818287,,,,,,
_result,1,2026-07-23 17:02:48+00:00,2026-07-23 22:48:25.083254+00:00,2026-07-23 21:28:20.964081+00:00,security_metrics,ml_engine,f48278d9,0.09977081796706355,0.09977081796706355,0,0.020885596051812172,,,,,,
_result,1,2026-07-23 17:02:48+00:00,2026-07-23 22:48:25.083254+00:00,2026-07-23 21:28:37.821206+00:00,security_metrics,ml_engine,f48278d9,0.14401572466313656,0.14401572466313656,0,0.022646289318799973,,,,,,
_result,1,2026-07-23 17:02:48+00:00,2026-07-23 22:48:25.083254+00:00,2026-07-23 21:28:54.593923+00:00,security_metrics,ml_engine,f48278d9,0.16179450012393193,0.16179450012393193,0,0.04266943782567978,,,,,,
_result,1,2026-07-23 17:02:48+00:00,2026-07-23 22:48:25.083254+00:00,2026-07-23 21:29:11.353181+00:00,security_metrics,ml_engine,f48278d9,0.006294663926878052,0.006294663926878052,0,0.0038468914572149515,,,,,,
_result,1,2026-07-23 17:02:48+00:00,2026-07-23 22:48:25.083254+00:00,2026-07-23 21:29:28.152273+00:00,security_metrics,ml_engine,f48278d9,-0.009372144408473781,-0.009372144408473781,0,0.008219313807785511,,,,,,
_result,1,2026-07-23 17:02:48+00:00,2026-07-23 22:48:25.083254+00:00,2026-07-23 21:29:44.901504+00:00,security_metrics,ml_engine,f48278d9,0.11539712225931475,0.11539712225931475,0,0.028327209874987602,,,,,,
_result,1,2026-07-23 17:02:48+00:00,2026-07-23 22:48:25.083254+00:00,2026-07-23 21:30:01.711475+00:00,security_metrics,ml_engine,f48278d9,0.08373615157936776,0.08373615157936776,0,0.01884426176548004,,,,,,
_result,1,2026-07-23 17:02:48+00:00,2026-07-23 22:48:25.083254+00:00,2026-07-23 21:30:18.447207+00:00,security_metrics,ml_engine,f48278d9,0.1313656193526791,0.1313656193526791,0,0.02216915786266327,,,,,,
_result,1,2026-07-23 17:02:48+00:00,2026-07-23 22:48:25.083254+00:00,2026-07-23 21:30:35.174914+00:00,security_metrics,ml_engine,f48278d9,0.08461614757847336,0.08461614757847336,0,0.008679562248289585,,,,,,
_result,1,2026-07-23 17:02:48+00:00,2026-07-23 22:48:25.083254+00:00,2026-07-23 21:30:51.955058+00:00,security_metrics,ml_engine,f48278d9,0.03996094162014774,0.03996094162014774,0,0.025103995576500893,,,,,,
_result,1,2026-07-23 17:02:48+00:00,2026-07-23 22:48:25.083254+00:00,2026-07-23 21:31:08.687305+00:00,security_metrics,ml_engine,f48278d9,0.06741419699064088,0.06741419699064088,0,0.004270653240382671,,,,,,
_result,1,2026-07-23 17:02:48+00:00,2026-07-23 22:48:25.083254+00:00,2026-07-23 21:31:25.526625+00:00,security_metrics,ml_engine,f48278d9,0.13967264582040112,0.13967264582040112,0,0.01053523924201727,,,,,,
_result,1,2026-07-23 17:02:48+00:00,2026-07-23 22:48:25.083254+00:00,2026-07-23 21:31:42.238444+00:00,security_metrics,ml_engine,f48278d9,0.15808716684571428,0.15808716684571428,0,0.00798070803284645,,,,,,
_result,1,2026-07-23 17:02:48+00:00,2026-07-23 22:48:25.083254+00:00,2026-07-23 21:31:58.983117+00:00,security_metrics,ml_engine,f48278d9,0.20256291235809998,0.20256291235809998,0,0.00832395814359188,,,,,,
_result,1,2026-07-23 17:02:48+00:00,2026-07-23 22:48:25.083254+00:00,2026-07-23 21:32:15.795170+00:00,security_metrics,ml_engine,f48278d9,0.13190978989035063,0.13190978989035063,0,0.004962367936968803,,,,,,
_result,1,2026-07-23 17:02:48+00:00,2026-07-23 22:48:25.083254+00:00,2026-07-23 21:32:32.512822+00:00,security_metrics,ml_engine,f48278d9,0.007393374724494639,0.007393374724494639,0,0.003957740496844053,,,,,,
_result,1,2026-07-23 17:02:48+00:00,2026-07-23 22:48:25.083254+00:00,2026-07-23 21:32:49.318833+00:00,security_metrics,ml_engine,f48278d9,0.021473611811783644,0.021473611811783644,0,0.008162531070411205,,,,,,
_result,1,2026-07-23 17:02:48+00:00,2026-07-23 22:48:25.083254+00:00,2026-07-23 21:33:04.343665+00:00,security_metrics,ml_engine,f48278d9,-1.0,,1,,,,,,,
_result,1,2026-07-23 17:02:48+00:00,2026-07-23 22:48:25.083254+00:00,2026-07-23 21:33:04.345538+00:00,security_metrics,ml_engine,f48278d9,-1.0,,1,,,,,,,
_result,1,2026-07-23 17:02:48+00:00,2026-07-23 22:48:25.083254+00:00,2026-07-23 21:33:04.391829+00:00,security_metrics,ml_engine,f48278d9,-0.95,,1,,,,,,,
_result,1,2026-07-23 17:02:48+00:00,2026-07-23 22:48:25.083254+00:00,2026-07-23 21:33:21.529629+00:00,security_metrics,ml_engine,f48278d9,-1.0,,1,,,,,,,
_result,1,2026-07-23 17:02:48+00:00,2026-07-23 22:48:25.083254+00:00,2026-07-23 21:33:21.531066+00:00,security_metrics,ml_engine,f48278d9,-1.0,,1,,,,,,,
_result,1,2026-07-23 17:02:48+00:00,2026-07-23 22:48:25.083254+00:00,2026-07-23 21:33:23.188930+00:00,security_metrics,ml_engine,f48278d9,0.03799432649929213,0.03799432649929213,0,0.047129057347774506,,,,,,
_result,1,2026-07-23 17:02:48+00:00,2026-07-23 22:48:25.083254+00:00,2026-07-23 21:33:39.951690+00:00,security_metrics,ml_engine,f48278d9,0.1375387427949758,0.1375387427949758,0,0.004749072249978781,,,,,,
_result,1,2026-07-23 17:02:48+00:00,2026-07-23 22:48:25.083254+00:00,2026-07-23 21:33:56.612141+00:00,security_metrics,ml_engine,f48278d9,0.07676484455710852,0.07676484455710852,0,0.01945330947637558,,,,,,
_result,1,2026-07-23 17:02:48+00:00,2026-07-23 22:48:25.083254+00:00,2026-07-23 21:34:13.391966+00:00,security_metrics,ml_engine,f48278d9,0.1556280041338105,0.1556280041338105,0,0.027904195711016655,,,,,,
_result,1,2026-07-23 17:02:48+00:00,2026-07-23 22:48:25.083254+00:00,2026-07-23 21:34:30.071346+00:00,security_metrics,ml_engine,f48278d9,0.0303972872506868,0.0303972872506868,0,0.009971478022634983,,,,,,
_result,1,2026-07-23 17:02:48+00:00,2026-07-23 22:48:25.083254+00:00,2026-07-23 21:34:46.752229+00:00,security_metrics,ml_engine,f48278d9,0.08775314749427887,0.08775314749427887,0,0.00566434720531106,,,,,,
_result,1,2026-07-23 17:02:48+00:00,2026-07-23 22:48:25.083254+00:00,2026-07-23 21:35:03.498068+00:00,security_metrics,ml_engine,f48278d9,0.20273238847944897,0.20273238847944897,0,0.011609942652285099,,,,,,
_result,1,2026-07-23 17:02:48+00:00,2026-07-23 22:48:25.083254+00:00,2026-07-23 21:35:20.255614+00:00,security_metrics,ml_engine,f48278d9,0.07258307818764487,0.07258307818764487,0,0.005359293892979622,,,,,,
_result,1,2026-07-23 17:02:48+00:00,2026-07-23 22:48:25.083254+00:00,2026-07-23 21:35:37.077743+00:00,security_metrics,ml_engine,f48278d9,0.1801730345513204,0.1801730345513204,0,0.009772841818630695,,,,,,
_result,1,2026-07-23 17:02:48+00:00,2026-07-23 22:48:25.083254+00:00,2026-07-23 21:35:53.818352+00:00,security_metrics,ml_engine,f48278d9,0.2057412859075718,0.2057412859075718,0,0.004072557203471661,,,,,,
_result,1,2026-07-23 17:02:48+00:00,2026-07-23 22:48:25.083254+00:00,2026-07-23 21:36:10.554183+00:00,security_metrics,ml_engine,f48278d9,0.18799069390161965,0.18799069390161965,0,0.024865908548235893,,,,,,
_result,1,2026-07-23 17:02:48+00:00,2026-07-23 22:48:25.083254+00:00,2026-07-23 21:36:27.356101+00:00,security_metrics,ml_engine,f48278d9,0.00041288549483431414,0.00041288549483431414,0,0.004998269025236368,,,,,,
_result,1,2026-07-23 17:02:48+00:00,2026-07-23 22:48:25.083254+00:00,2026-07-23 21:36:44.101396+00:00,security_metrics,ml_engine,f48278d9,0.1487209336985566,0.1487209336985566,0,0.0031430458184331656,,,,,,
_result,1,2026-07-23 17:02:48+00:00,2026-07-23 22:48:25.083254+00:00,2026-07-23 21:37:00.824004+00:00,security_metrics,ml_engine,f48278d9,0.15041249022938158,0.15041249022938158,0,0.004280220717191696,,,,,,
_result,1,2026-07-23 17:02:48+00:00,2026-07-23 22:48:25.083254+00:00,2026-07-23 21:37:17.618729+00:00,security_metrics,ml_engine,f48278d9,0.17882034485284531,0.17882034485284531,0,0.001655588741414249,,,,,,
_result,1,2026-07-23 17:02:48+00:00,2026-07-23 22:48:25.083254+00:00,2026-07-23 21:37:34.344519+00:00,security_metrics,ml_engine,f48278d9,0.13750977188145752,0.13750977188145752,0,0.004877432715147734,,,,,,
_result,1,2026-07-23 17:02:48+00:00,2026-07-23 22:48:25.083254+00:00,2026-07-23 21:37:51.154016+00:00,security_metrics,ml_engine,f48278d9,0.16665187321020225,0.16665187321020225,0,0.0060539389960467815,,,,,,
_result,1,2026-07-23 17:02:48+00:00,2026-07-23 22:48:25.083254+00:00,2026-07-23 21:38:07.867810+00:00,security_metrics,ml_engine,f48278d9,0.1992323292571771,0.1992323292571771,0,0.009083230048418045,,,,,,
_result,1,2026-07-23 17:02:48+00:00,2026-07-23 22:48:25.083254+00:00,2026-07-23 21:38:24.583017+00:00,security_metrics,ml_engine,f48278d9,0.1186614605144608,0.1186614605144608,0,0.0075920685194432735,,,,,,
_result,1,2026-07-23 17:02:48+00:00,2026-07-23 22:48:25.083254+00:00,2026-07-23 21:38:41.388772+00:00,security_metrics,ml_engine,f48278d9,0.054092719729043504,0.054092719729043504,0,0.002495600376278162,,,,,,
_result,1,2026-07-23 17:02:48+00:00,2026-07-23 22:48:25.083254+00:00,2026-07-23 21:38:58.101568+00:00,security_metrics,ml_engine,f48278d9,0.20214908546615312,0.20214908546615312,0,0.006888369098305702,,,,,,
_result,1,2026-07-23 17:02:48+00:00,2026-07-23 22:48:25.083254+00:00,2026-07-23 21:39:14.930411+00:00,security_metrics,ml_engine,f48278d9,0.16930650247645607,0.16930650247645607,0,0.013431000523269176,,,,,,
_result,1,2026-07-23 17:02:48+00:00,2026-07-23 22:48:25.083254+00:00,2026-07-23 21:39:29.961506+00:00,security_metrics,ml_engine,f48278d9,-1.0,,1,,,,,,,
_result,1,2026-07-23 17:02:48+00:00,2026-07-23 22:48:25.083254+00:00,2026-07-23 21:39:29.963172+00:00,security_metrics,ml_engine,f48278d9,-1.0,,1,,,,,,,
_result,1,2026-07-23 17:02:48+00:00,2026-07-23 22:48:25.083254+00:00,2026-07-23 21:39:31.651992+00:00,security_metrics,ml_engine,f48278d9,0.003684404351379844,0.003684404351379844,0,0.13492992520332336,,,,,,
_result,1,2026-07-23 17:02:48+00:00,2026-07-23 22:48:25.083254+00:00,2026-07-23 21:39:46.673798+00:00,security_metrics,ml_engine,f48278d9,-1.0,,1,,,,,,,
_result,1,2026-07-23 17:02:48+00:00,2026-07-23 22:48:25.083254+00:00,2026-07-23 21:39:46.675268+00:00,security_metrics,ml_engine,f48278d9,-1.0,,1,,,,,,,
_result,1,2026-07-23 17:02:48+00:00,2026-07-23 22:48:25.083254+00:00,2026-07-23 21:39:46.676776+00:00,security_metrics,ml_engine,f48278d9,-1.0,,1,,,,,,,
_result,1,2026-07-23 17:02:48+00:00,2026-07-23 22:48:25.083254+00:00,2026-07-23 21:39:48.398521+00:00,security_metrics,ml_engine,f48278d9,0.03969445033605701,0.03969445033605701,0,0.17465099692344666,,,,,,
_result,1,2026-07-23 17:02:48+00:00,2026-07-23 22:48:25.083254+00:00,2026-07-23 21:40:03.426645+00:00,security_metrics,ml_engine,f48278d9,-1.0,,1,,,,,,,
_result,1,2026-07-23 17:02:48+00:00,2026-07-23 22:48:25.083254+00:00,2026-07-23 21:40:03.428094+00:00,security_metrics,ml_engine,f48278d9,-1.0,,1,,,,,,,
_result,1,2026-07-23 17:02:48+00:00,2026-07-23 22:48:25.083254+00:00,2026-07-23 21:40:03.429553+00:00,security_metrics,ml_engine,f48278d9,-1.0,,1,,,,,,,
_result,1,2026-07-23 17:02:48+00:00,2026-07-23 22:48:25.083254+00:00,2026-07-23 21:40:05.230327+00:00,security_metrics,ml_engine,f48278d9,0.1207186491668385,0.1207186491668385,0,0.15327584743499756,,,,,,
_result,1,2026-07-23 17:02:48+00:00,2026-07-23 22:48:25.083254+00:00,2026-07-23 21:40:21.952058+00:00,security_metrics,ml_engine,f48278d9,0.18200857734468323,0.18200857734468323,0,0.0023942270781844854,,,,,,
_result,1,2026-07-23 17:02:48+00:00,2026-07-23 22:48:25.083254+00:00,2026-07-23 21:40:38.758976+00:00,security_metrics,ml_engine,f48278d9,0.16765816007312534,0.16765816007312534,0,0.003056893590837717,,,,,,
_result,1,2026-07-23 17:02:48+00:00,2026-07-23 22:48:25.083254+00:00,2026-07-23 21:40:55.525394+00:00,security_metrics,ml_engine,f48278d9,0.07724475830809652,0.07724475830809652,0,0.002386336214840412,,,,,,
_result,1,2026-07-23 17:02:48+00:00,2026-07-23 22:48:25.083254+00:00,2026-07-23 21:41:12.256394+00:00,security_metrics,ml_engine,f48278d9,0.044564239696517904,0.044564239696517904,0,0.00381011376157403,,,,,,
_result,1,2026-07-23 17:02:48+00:00,2026-07-23 22:48:25.083254+00:00,2026-07-23 21:41:29.050932+00:00,security_metrics,ml_engine,f48278d9,0.18248166205219507,0.18248166205219507,0,0.002988613210618496,,,,,,
_result,1,2026-07-23 17:02:48+00:00,2026-07-23 22:48:25.083254+00:00,2026-07-23 21:41:45.814749+00:00,security_metrics,ml_engine,f48278d9,0.19026045776068262,0.19026045776068262,0,0.0018112021498382092,,,,,,
_result,1,2026-07-23 17:02:48+00:00,2026-07-23 22:48:25.083254+00:00,2026-07-23 21:42:02.627528+00:00,security_metrics,ml_engine,f48278d9,0.16781026642013874,0.16781026642013874,0,0.0029058093205094337,,,,,,
_result,1,2026-07-23 17:02:48+00:00,2026-07-23 22:48:25.083254+00:00,2026-07-23 21:42:19.348635+00:00,security_metrics,ml_engine,f48278d9,0.12380206731967536,0.12380206731967536,0,0.0020600282587110996,,,,,,
_result,1,2026-07-23 17:02:48+00:00,2026-07-23 22:48:25.083254+00:00,2026-07-23 21:42:36.080523+00:00,security_metrics,ml_engine,f48278d9,0.16357786338033525,0.16357786338033525,0,0.004830075893551111,,,,,,
_result,1,2026-07-23 17:02:48+00:00,2026-07-23 22:48:25.083254+00:00,2026-07-23 21:42:52.878515+00:00,security_metrics,ml_engine,f48278d9,0.09726868369512731,0.09726868369512731,0,0.0012477885466068983,,,,,,
_result,1,2026-07-23 17:02:48+00:00,2026-07-23 22:48:25.083254+00:00,2026-07-23 21:43:09.659884+00:00,security_metrics,ml_engine,f48278d9,0.12626203845325712,0.12626203845325712,0,0.0026272963732481003,,,,,,
_result,1,2026-07-23 17:02:48+00:00,2026-07-23 22:48:25.083254+00:00,2026-07-23 21:43:26.477187+00:00,security_metrics,ml_engine,f48278d9,0.15624213120246577,0.15624213120246577,0,0.003119069617241621,,,,,,
_result,1,2026-07-23 17:02:48+00:00,2026-07-23 22:48:25.083254+00:00,2026-07-23 21:43:43.287639+00:00,security_metrics,ml_engine,f48278d9,0.20437414853929448,0.20437414853929448,0,0.0020978888496756554,,,,,,
_result,1,2026-07-23 17:02:48+00:00,2026-07-23 22:48:25.083254+00:00,2026-07-23 21:44:00.028082+00:00,security_metrics,ml_engine,f48278d9,0.05070926252538144,0.05070926252538144,0,0.007841291837394238,,,,,,
_result,1,2026-07-23 17:02:48+00:00,2026-07-23 22:48:25.083254+00:00,2026-07-23 21:44:16.826599+00:00,security_metrics,ml_engine,f48278d9,0.18941130998961186,0.18941130998961186,0,0.0032278848811984062,,,,,,
_result,1,2026-07-23 17:02:48+00:00,2026-07-23 22:48:25.083254+00:00,2026-07-23 21:44:33.544261+00:00,security_metrics,ml_engine,f48278d9,0.12648478456644585,0.12648478456644585,0,0.002203365322202444,,,,,,
_result,1,2026-07-23 17:02:48+00:00,2026-07-23 22:48:25.083254+00:00,2026-07-23 21:44:50.271848+00:00,security_metrics,ml_engine,f48278d9,0.1518636824187944,0.1518636824187944,0,0.0018252235604450107,,,,,,
_result,1,2026-07-23 17:02:48+00:00,2026-07-23 22:48:25.083254+00:00,2026-07-23 21:45:07.070880+00:00,security_metrics,ml_engine,f48278d9,0.14875460432218063,0.14875460432218063,0,0.003077299101278186,,,,,,
_result,1,2026-07-23 17:02:48+00:00,2026-07-23 22:48:25.083254+00:00,2026-07-23 21:45:23.790097+00:00,security_metrics,ml_engine,f48278d9,0.0659278525340442,0.0659278525340442,0,0.005273529328405857,,,,,,
_result,1,2026-07-23 17:02:48+00:00,2026-07-23 22:48:25.083254+00:00,2026-07-23 21:45:40.603317+00:00,security_metrics,ml_engine,f48278d9,0.12631329246415746,0.12631329246415746,0,0.004438074771314859,,,,,,
_result,1,2026-07-23 17:02:48+00:00,2026-07-23 22:48:25.083254+00:00,2026-07-23 21:45:57.346106+00:00,security_metrics,ml_engine,f48278d9,0.1485996278405714,0.1485996278405714,0,0.003321451600641012,,,,,,
_result,1,2026-07-23 17:02:48+00:00,2026-07-23 22:48:25.083254+00:00,2026-07-23 21:46:14.088160+00:00,security_metrics,ml_engine,f48278d9,0.085291064704199,0.085291064704199,0,0.0036163832992315292,,,,,,
_result,1,2026-07-23 17:02:48+00:00,2026-07-23 22:48:25.083254+00:00,2026-07-23 21:46:30.878737+00:00,security_metrics,ml_engine,f48278d9,0.08481994066407661,0.08481994066407661,0,0.002481554402038455,,,,,,
_result,1,2026-07-23 17:02:48+00:00,2026-07-23 22:48:25.083254+00:00,2026-07-23 21:46:47.598889+00:00,security_metrics,ml_engine,f48278d9,0.16971408733061888,0.16971408733061888,0,0.002077308250591159,,,,,,
_result,1,2026-07-23 17:02:48+00:00,2026-07-23 22:48:25.083254+00:00,2026-07-23 21:47:04.386002+00:00,security_metrics,ml_engine,f48278d9,0.10610648090748043,0.10610648090748043,0,0.001284511643461883,,,,,,
_result,1,2026-07-23 17:02:48+00:00,2026-07-23 22:48:25.083254+00:00,2026-07-23 21:47:19.413670+00:00,security_metrics,ml_engine,f48278d9,-1.0,,1,,,,,,,
_result,1,2026-07-23 17:02:48+00:00,2026-07-23 22:48:25.083254+00:00,2026-07-23 21:47:19.415072+00:00,security_metrics,ml_engine,f48278d9,-1.0,,1,,,,,,,
_result,1,2026-07-23 17:02:48+00:00,2026-07-23 22:48:25.083254+00:00,2026-07-23 21:47:19.416429+00:00,security_metrics,ml_engine,f48278d9,-1.0,,1,,,,,,,
_result,1,2026-07-23 17:02:48+00:00,2026-07-23 22:48:25.083254+00:00,2026-07-23 21:47:19.417866+00:00,security_metrics,ml_engine,f48278d9,-1.0,,1,,,,,,,
_result,1,2026-07-23 17:02:48+00:00,2026-07-23 22:48:25.083254+00:00,2026-07-23 21:47:21.137679+00:00,security_metrics,ml_engine,f48278d9,0.06955427488472699,0.06955427488472699,0,0.16930845379829407,,,,,,
_result,1,2026-07-23 17:02:48+00:00,2026-07-23 22:48:25.083254+00:00,2026-07-23 21:47:37.852154+00:00,security_metrics,ml_engine,f48278d9,0.19525612126114167,0.19525612126114167,0,0.0031286294106394053,,,,,,
_result,1,2026-07-23 17:02:48+00:00,2026-07-23 22:48:25.083254+00:00,2026-07-23 21:47:54.630570+00:00,security_metrics,ml_engine,f48278d9,0.17558813741845553,0.17558813741845553,0,0.0029128973837941885,,,,,,
_result,1,2026-07-23 17:02:48+00:00,2026-07-23 22:48:25.083254+00:00,2026-07-23 21:48:11.353330+00:00,security_metrics,ml_engine,f48278d9,0.18372511593852348,0.18372511593852348,0,0.0025264197029173374,,,,,,
_result,1,2026-07-23 17:02:48+00:00,2026-07-23 22:48:25.083254+00:00,2026-07-23 21:48:28.188128+00:00,security_metrics,ml_engine,f48278d9,0.18806583737467947,0.18806583737467947,0,0.004341644700616598,,,,,,
_result,1,2026-07-23 17:02:48+00:00,2026-07-23 22:48:25.083254+00:00,2026-07-23 21:48:44.917916+00:00,security_metrics,ml_engine,f48278d9,0.13644163773486162,0.13644163773486162,0,0.002334823366254568,,,,,,
_result,1,2026-07-23 17:02:48+00:00,2026-07-23 22:48:25.083254+00:00,2026-07-23 21:49:01.655786+00:00,security_metrics,ml_engine,f48278d9,0.19451603028311054,0.19451603028311054,0,0.0025110256392508745,,,,,,
_result,1,2026-07-23 17:02:48+00:00,2026-07-23 22:48:25.083254+00:00,2026-07-23 21:49:18.479835+00:00,security_metrics,ml_engine,f48278d9,0.2051241726081478,0.2051241726081478,0,0.003054490080103278,,,,,,
_result,1,2026-07-23 17:02:48+00:00,2026-07-23 22:48:25.083254+00:00,2026-07-23 21:49:35.222374+00:00,security_metrics,ml_engine,f48278d9,0.14296358901398076,0.14296358901398076,0,0.0031945460941642523,,,,,,
_result,1,2026-07-23 17:02:48+00:00,2026-07-23 22:48:25.083254+00:00,2026-07-23 21:49:52.011003+00:00,security_metrics,ml_engine,f48278d9,0.15634212884376386,0.15634212884376386,0,0.0026284416671842337,,,,,,
_result,1,2026-07-23 17:02:48+00:00,2026-07-23 22:48:25.083254+00:00,2026-07-23 21:50:08.826397+00:00,security_metrics,ml_engine,f48278d9,0.09075727086648766,0.09075727086648766,0,0.00200201035477221,,,,,,
_result,1,2026-07-23 17:02:48+00:00,2026-07-23 22:48:25.083254+00:00,2026-07-23 21:50:25.543137+00:00,security_metrics,ml_engine,f48278d9,0.17361416537982033,0.17361416537982033,0,0.0069847023114562035,,,,,,
_result,1,2026-07-23 17:02:48+00:00,2026-07-23 22:48:25.083254+00:00,2026-07-23 21:50:42.349025+00:00,security_metrics,ml_engine,f48278d9,0.14338251526763068,0.14338251526763068,0,0.003185851499438286,,,,,,
_result,1,2026-07-23 17:02:48+00:00,2026-07-23 22:48:25.083254+00:00,2026-07-23 21:50:59.090590+00:00,security_metrics,ml_engine,f48278d9,0.07181769073361677,0.07181769073361677,0,0.004393941257148981,,,,,,
_result,1,2026-07-23 17:02:48+00:00,2026-07-23 22:48:25.083254+00:00,2026-07-23 21:51:15.805612+00:00,security_metrics,ml_engine,f48278d9,0.16397052492213338,0.16397052492213338,0,0.0022663939744234085,,,,,,
_result,1,2026-07-23 17:02:48+00:00,2026-07-23 22:48:25.083254+00:00,2026-07-23 21:51:32.622388+00:00,security_metrics,ml_engine,f48278d9,0.09827088975788723,0.09827088975788723,0,0.004349688999354839,,,,,,
_result,1,2026-07-23 17:02:48+00:00,2026-07-23 22:48:25.083254+00:00,2026-07-23 21:51:49.364706+00:00,security_metrics,ml_engine,f48278d9,0.15954279572674857,0.15954279572674857,0,0.0011261901818215847,,,,,,
_result,1,2026-07-23 17:02:48+00:00,2026-07-23 22:48:25.083254+00:00,2026-07-23 21:52:06.193012+00:00,security_metrics,ml_engine,f48278d9,0.19763924927324522,0.19763924927324522,0,0.0022387620992958546,,,,,,
_result,1,2026-07-23 17:02:48+00:00,2026-07-23 22:48:25.083254+00:00,2026-07-23 21:52:22.938291+00:00,security_metrics,ml_engine,f48278d9,0.17273997668853452,0.17273997668853452,0,0.003017893759533763,,,,,,
_result,1,2026-07-23 17:02:48+00:00,2026-07-23 22:48:25.083254+00:00,2026-07-23 21:52:39.651864+00:00,security_metrics,ml_engine,f48278d9,0.17527881458655398,0.17527881458655398,0,0.002085587941110134,,,,,,
_result,1,2026-07-23 17:02:48+00:00,2026-07-23 22:48:25.083254+00:00,2026-07-23 21:52:56.459954+00:00,security_metrics,ml_engine,f48278d9,0.14879757777907038,0.14879757777907038,0,0.0029670901130884886,,,,,,
_result,1,2026-07-23 17:02:48+00:00,2026-07-23 22:48:25.083254+00:00,2026-07-23 21:53:13.188610+00:00,security_metrics,ml_engine,f48278d9,0.039010604889270994,0.039010604889270994,0,0.003741089953109622,,,,,,
_result,1,2026-07-23 17:02:48+00:00,2026-07-23 22:48:25.083254+00:00,2026-07-23 21:53:29.977997+00:00,security_metrics,ml_engine,f48278d9,0.16023469267264795,0.16023469267264795,0,0.0032004571985453367,,,,,,
_result,1,2026-07-23 17:02:48+00:00,2026-07-23 22:48:25.083254+00:00,2026-07-23 21:53:46.726044+00:00,security_metrics,ml_engine,f48278d9,-0.03367696206454229,-0.03367696206454229,0,0.14779597520828247,,,,,,
_result,1,2026-07-23 17:02:48+00:00,2026-07-23 22:48:25.083254+00:00,2026-07-23 21:54:01.806301+00:00,security_metrics,ml_engine,f48278d9,-0.95,,1,,,,,,,
_result,1,2026-07-23 17:02:48+00:00,2026-07-23 22:48:25.083254+00:00,2026-07-23 21:54:20.287000+00:00,security_metrics,ml_engine,f48278d9,0.18246638432826612,0.18246638432826612,0,0.004310846794396639,,,,,,
_result,1,2026-07-23 17:02:48+00:00,2026-07-23 22:48:25.083254+00:00,2026-07-23 21:54:37.028002+00:00,security_metrics,ml_engine,f48278d9,0.15234996340969947,0.15234996340969947,0,0.0011045332066714764,,,,,,
_result,1,2026-07-23 17:02:48+00:00,2026-07-23 22:48:25.083254+00:00,2026-07-23 21:54:53.748388+00:00,security_metrics,ml_engine,f48278d9,0.1487544363718158,0.1487544363718158,0,0.006680005230009556,,,,,,
_result,1,2026-07-23 17:02:48+00:00,2026-07-23 22:48:25.083254+00:00,2026-07-23 21:55:10.519544+00:00,security_metrics,ml_engine,f48278d9,0.19157024509606646,0.19157024509606646,0,0.0029769607353955507,,,,,,
_result,1,2026-07-23 17:02:48+00:00,2026-07-23 22:48:25.083254+00:00,2026-07-23 21:55:27.224212+00:00,security_metrics,ml_engine,f48278d9,0.06623671992591629,0.06623671992591629,0,0.002765394514426589,,,,,,
_result,1,2026-07-23 17:02:48+00:00,2026-07-23 22:48:25.083254+00:00,2026-07-23 21:55:44.002471+00:00,security_metrics,ml_engine,f48278d9,0.20295794262895522,0.20295794262895522,0,0.002336818492040038,,,,,,
_result,1,2026-07-23 17:02:48+00:00,2026-07-23 22:48:25.083254+00:00,2026-07-23 21:56:00.734879+00:00,security_metrics,ml_engine,f48278d9,0.19062463919026107,0.19062463919026107,0,0.0018476119730621576,,,,,,
_result,1,2026-07-23 17:02:48+00:00,2026-07-23 22:48:25.083254+00:00,2026-07-23 21:56:17.503110+00:00,security_metrics,ml_engine,f48278d9,0.15661773735176293,0.15661773735176293,0,0.009281598031520844,,,,,,
_result,1,2026-07-23 17:02:48+00:00,2026-07-23 22:48:25.083254+00:00,2026-07-23 21:56:34.318392+00:00,security_metrics,ml_engine,f48278d9,0.166511984074304,0.166511984074304,0,0.0008773432928137481,,,,,,
_result,1,2026-07-23 17:02:48+00:00,2026-07-23 22:48:25.083254+00:00,2026-07-23 21:56:51.065188+00:00,security_metrics,ml_engine,f48278d9,0.036088240764797,0.036088240764797,0,0.0022143626119941473,,,,,,
_result,1,2026-07-23 17:02:48+00:00,2026-07-23 22:48:25.083254+00:00,2026-07-23 21:57:08.043652+00:00,security_metrics,ml_engine,f48278d9,0.1826326006947135,0.1826326006947135,0,0.0036672272253781557,,,,,,
_result,1,2026-07-23 17:02:48+00:00,2026-07-23 22:48:25.083254+00:00,2026-07-23 21:57:24.822940+00:00,security_metrics,ml_engine,f48278d9,0.1826326006947135,0.1826326006947135,0,0.0022220397368073463,,,,,,
_result,1,2026-07-23 17:02:48+00:00,2026-07-23 22:48:25.083254+00:00,2026-07-23 21:57:41.584267+00:00,security_metrics,ml_engine,f48278d9,0.14242830329432593,0.14242830329432593,0,0.003165119793266058,,,,,,
_result,1,2026-07-23 17:02:48+00:00,2026-07-23 22:48:25.083254+00:00,2026-07-23 21:57:58.418240+00:00,security_metrics,ml_engine,f48278d9,0.12987587805575318,0.12987587805575318,0,0.0030177973676472902,,,,,,
_result,1,2026-07-23 17:02:48+00:00,2026-07-23 22:48:25.083254+00:00,2026-07-23 21:58:15.255060+00:00,security_metrics,ml_engine,f48278d9,0.19402792179048234,0.19402792179048234,0,0.0022120820358395576,,,,,,
_result,1,2026-07-23 17:02:48+00:00,2026-07-23 22:48:25.083254+00:00,2026-07-23 21:58:32.123411+00:00,security_metrics,ml_engine,f48278d9,0.20505456159780983,0.20505456159780983,0,0.0022911217529326677,,,,,,
_result,1,2026-07-23 17:02:48+00:00,2026-07-23 22:48:25.083254+00:00,2026-07-23 21:58:48.921574+00:00,security_metrics,ml_engine,f48278d9,0.19937046482602228,0.19937046482602228,0,0.0033002570271492004,,,,,,
_result,1,2026-07-23 17:02:48+00:00,2026-07-23 22:48:25.083254+00:00,2026-07-23 21:59:05.695611+00:00,security_metrics,ml_engine,f48278d9,0.1867506091119741,0.1867506091119741,0,0.0043975007720291615,,,,,,
_result,1,2026-07-23 17:02:48+00:00,2026-07-23 22:48:25.083254+00:00,2026-07-23 21:59:22.543292+00:00,security_metrics,ml_engine,f48278d9,0.14496998965854385,0.14496998965854385,0,0.0014653631951659918,,,,,,
_result,1,2026-07-23 17:02:48+00:00,2026-07-23 22:48:25.083254+00:00,2026-07-23 21:59:39.302401+00:00,security_metrics,ml_engine,f48278d9,0.2029289507641941,0.2029289507641941,0,0.0019461086485534906,,,,,,
_result,1,2026-07-23 17:02:48+00:00,2026-07-23 22:48:25.083254+00:00,2026-07-23 21:59:56.261023+00:00,security_metrics,ml_engine,f48278d9,0.07348090364549853,0.07348090364549853,0,0.001943462761119008,,,,,,
_result,1,2026-07-23 17:02:48+00:00,2026-07-23 22:48:25.083254+00:00,2026-07-23 22:00:13.148674+00:00,security_metrics,ml_engine,f48278d9,0.0689213440682448,0.0689213440682448,0,0.0023588999174535275,,,,,,
_result,1,2026-07-23 17:02:48+00:00,2026-07-23 22:48:25.083254+00:00,2026-07-23 22:00:29.932197+00:00,security_metrics,ml_engine,f48278d9,0.15832668935558392,0.15832668935558392,0,0.003222694620490074,,,,,,
_result,1,2026-07-23 17:02:48+00:00,2026-07-23 22:48:25.083254+00:00,2026-07-23 22:00:46.860159+00:00,security_metrics,ml_engine,f48278d9,0.11972243652840164,0.11972243652840164,0,0.0030075714457780123,,,,,,
_result,1,2026-07-23 17:02:48+00:00,2026-07-23 22:48:25.083254+00:00,2026-07-23 22:01:03.640279+00:00,security_metrics,ml_engine,f48278d9,0.17758521137794225,0.17758521137794225,0,0.002801497234031558,,,,,,
_result,1,2026-07-23 17:02:48+00:00,2026-07-23 22:48:25.083254+00:00,2026-07-23 22:01:20.490157+00:00,security_metrics,ml_engine,f48278d9,-0.03367696206454229,-0.03367696206454229,0,0.16798704862594604,,,,,,
_result,1,2026-07-23 17:02:48+00:00,2026-07-23 22:48:25.083254+00:00,2026-07-23 22:01:35.567559+00:00,security_metrics,ml_engine,f48278d9,-0.95,,1,,,,,,,
_result,1,2026-07-23 17:02:48+00:00,2026-07-23 22:48:25.083254+00:00,2026-07-23 22:01:37.304391+00:00,security_metrics,ml_engine,f48278d9,0.17780260356063848,0.17780260356063848,0,0.09996135532855988,,,,,,
_result,1,2026-07-23 17:02:48+00:00,2026-07-23 22:48:25.083254+00:00,2026-07-23 22:01:54.152093+00:00,security_metrics,ml_engine,f48278d9,0.16149593329909973,0.16149593329909973,0,0.0019363716710358858,,,,,,
_result,1,2026-07-23 17:02:48+00:00,2026-07-23 22:48:25.083254+00:00,2026-07-23 22:02:10.875631+00:00,security_metrics,ml_engine,f48278d9,0.17029706991412147,0.17029706991412147,0,0.002853815909475088,,,,,,
_result,1,2026-07-23 17:02:48+00:00,2026-07-23 22:48:25.083254+00:00,2026-07-23 22:02:27.587097+00:00,security_metrics,ml_engine,f48278d9,0.13827555011616216,0.13827555011616216,0,0.0025654996279627085,,,,,,
_result,1,2026-07-23 17:02:48+00:00,2026-07-23 22:48:25.083254+00:00,2026-07-23 22:02:44.391019+00:00,security_metrics,ml_engine,f48278d9,0.1677677490937357,0.1677677490937357,0,0.001775889191776514,,,,,,
_result,1,2026-07-23 17:02:48+00:00,2026-07-23 22:48:25.083254+00:00,2026-07-23 22:03:01.127726+00:00,security_metrics,ml_engine,f48278d9,0.17076675663691765,0.17076675663691765,0,0.002123267622664571,,,,,,
_result,1,2026-07-23 17:02:48+00:00,2026-07-23 22:48:25.083254+00:00,2026-07-23 22:03:17.936983+00:00,security_metrics,ml_engine,f48278d9,0.06486804648528133,0.06486804648528133,0,0.006132176611572504,,,,,,
_result,1,2026-07-23 17:02:48+00:00,2026-07-23 22:48:25.083254+00:00,2026-07-23 22:03:34.672670+00:00,security_metrics,ml_engine,f48278d9,0.09094078929326532,0.09094078929326532,0,0.0022866306826472282,,,,,,
_result,1,2026-07-23 17:02:48+00:00,2026-07-23 22:48:25.083254+00:00,2026-07-23 22:03:51.431594+00:00,security_metrics,ml_engine,f48278d9,0.1882538345139354,0.1882538345139354,0,0.003198076505213976,,,,,,
_result,1,2026-07-23 17:02:48+00:00,2026-07-23 22:48:25.083254+00:00,2026-07-23 22:04:08.286898+00:00,security_metrics,ml_engine,f48278d9,0.02965046893412271,0.02965046893412271,0,0.0030927853658795357,,,,,,
_result,1,2026-07-23 17:02:48+00:00,2026-07-23 22:48:25.083254+00:00,2026-07-23 22:04:25.054046+00:00,security_metrics,ml_engine,f48278d9,0.15595915824432688,0.15595915824432688,0,0.007677931804209948,,,,,,
_result,1,2026-07-23 17:02:48+00:00,2026-07-23 22:48:25.083254+00:00,2026-07-23 22:04:41.914906+00:00,security_metrics,ml_engine,f48278d9,0.16962034989696578,0.16962034989696578,0,0.0032223546877503395,,,,,,
_result,1,2026-07-23 17:02:48+00:00,2026-07-23 22:48:25.083254+00:00,2026-07-23 22:04:58.710333+00:00,security_metrics,ml_engine,f48278d9,0.19262644887201186,0.19262644887201186,0,0.0029057031497359276,,,,,,
_result,1,2026-07-23 17:02:48+00:00,2026-07-23 22:48:25.083254+00:00,2026-07-23 22:05:15.494849+00:00,security_metrics,ml_engine,f48278d9,0.20135475583035728,0.20135475583035728,0,0.0027501394506543875,,,,,,
_result,1,2026-07-23 17:02:48+00:00,2026-07-23 22:48:25.083254+00:00,2026-07-23 22:05:32.326076+00:00,security_metrics,ml_engine,f48278d9,0.07773811981416234,0.07773811981416234,0,0.000948794768191874,,,,,,
_result,1,2026-07-23 17:02:48+00:00,2026-07-23 22:48:25.083254+00:00,2026-07-23 22:05:49.152345+00:00,security_metrics,ml_engine,f48278d9,0.09510577590395575,0.09510577590395575,0,0.0035743408370763063,,,,,,
_result,1,2026-07-23 17:02:48+00:00,2026-07-23 22:48:25.083254+00:00,2026-07-23 22:06:06.003768+00:00,security_metrics,ml_engine,f48278d9,0.08686570889893397,0.08686570889893397,0,0.002275953534990549,,,,,,
_result,1,2026-07-23 17:02:48+00:00,2026-07-23 22:48:25.083254+00:00,2026-07-23 22:06:22.765892+00:00,security_metrics,ml_engine,f48278d9,0.20132714805516483,0.20132714805516483,0,0.007567327003926039,,,,,,
_result,1,2026-07-23 17:02:48+00:00,2026-07-23 22:48:25.083254+00:00,2026-07-23 22:06:39.524165+00:00,security_metrics,ml_engine,f48278d9,0.1379513461251714,0.1379513461251714,0,0.0024056797847151756,,,,,,
_result,1,2026-07-23 17:02:48+00:00,2026-07-23 22:48:25.083254+00:00,2026-07-23 22:06:56.347048+00:00,security_metrics,ml_engine,f48278d9,0.0855845447747009,0.0855845447747009,0,0.0021183218341320753,,,,,,
_result,1,2026-07-23 17:02:48+00:00,2026-07-23 22:48:25.083254+00:00,2026-07-23 22:07:11.374185+00:00,security_metrics,ml_engine,f48278d9,-1.0,,1,,,,,,,
_result,1,2026-07-23 17:02:48+00:00,2026-07-23 22:48:25.083254+00:00,2026-07-23 22:07:45.170114+00:00,security_metrics,ml_engine,f48278d9,-0.95,,1,,,,,,,
_result,1,2026-07-23 17:02:48+00:00,2026-07-23 22:48:25.083254+00:00,2026-07-23 22:09:59.278193+00:00,security_metrics,ml_engine,f48278d9,-0.95,,1,,,,,,,
_result,1,2026-07-23 17:02:48+00:00,2026-07-23 22:48:25.083254+00:00,2026-07-23 22:12:13.190935+00:00,security_metrics,ml_engine,f48278d9,-0.95,,1,,,,,,,
_result,1,2026-07-23 17:02:48+00:00,2026-07-23 22:48:25.083254+00:00,2026-07-23 22:14:43.967199+00:00,security_metrics,ml_engine,f48278d9,-0.95,,1,,,,,,,
_result,1,2026-07-23 17:02:48+00:00,2026-07-23 22:48:25.083254+00:00,2026-07-23 22:16:58.149314+00:00,security_metrics,ml_engine,f48278d9,-0.95,,1,,,,,,,
_result,1,2026-07-23 17:02:48+00:00,2026-07-23 22:48:25.083254+00:00,2026-07-23 22:20:36.444244+00:00,security_metrics,ml_engine,f48278d9,-0.95,,1,,,,,,,
_result,1,2026-07-23 17:02:48+00:00,2026-07-23 22:48:25.083254+00:00,2026-07-23 22:28:10.126477+00:00,security_metrics,ml_engine,f48278d9,-0.95,,1,,,,,,,
_result,1,2026-07-23 17:02:48+00:00,2026-07-23 22:48:25.083254+00:00,2026-07-23 22:34:54.334132+00:00,security_metrics,ml_engine,f48278d9,-1.0,,1,,,,,,,
_result,1,2026-07-23 17:02:48+00:00,2026-07-23 22:48:25.083254+00:00,2026-07-23 22:34:54.335702+00:00,security_metrics,ml_engine,f48278d9,-1.0,,1,,,,,,,
_result,1,2026-07-23 17:02:48+00:00,2026-07-23 22:48:25.083254+00:00,2026-07-23 22:34:54.337122+00:00,security_metrics,ml_engine,f48278d9,-1.0,,1,,,,,,,
_result,1,2026-07-23 17:02:48+00:00,2026-07-23 22:48:25.083254+00:00,2026-07-23 22:35:11.186243+00:00,security_metrics,ml_engine,f48278d9,-1.0,,1,,,,,,,
_result,1,2026-07-23 17:02:48+00:00,2026-07-23 22:48:25.083254+00:00,2026-07-23 22:35:11.187821+00:00,security_metrics,ml_engine,f48278d9,-1.0,,1,,,,,,,
_result,1,2026-07-23 17:02:48+00:00,2026-07-23 22:48:25.083254+00:00,2026-07-23 22:35:11.189316+00:00,security_metrics,ml_engine,f48278d9,-1.0,,1,,,,,,,
_result,1,2026-07-23 17:02:48+00:00,2026-07-23 22:48:25.083254+00:00,2026-07-23 22:35:11.190815+00:00,security_metrics,ml_engine,f48278d9,-1.0,,1,,,,,,,
_result,1,2026-07-23 17:02:48+00:00,2026-07-23 22:48:25.083254+00:00,2026-07-23 22:35:28.076268+00:00,security_metrics,ml_engine,f48278d9,-1.0,,1,,,,,,,
_result,1,2026-07-23 17:02:48+00:00,2026-07-23 22:48:25.083254+00:00,2026-07-23 22:35:28.077710+00:00,security_metrics,ml_engine,f48278d9,-1.0,,1,,,,,,,
_result,1,2026-07-23 17:02:48+00:00,2026-07-23 22:48:25.083254+00:00,2026-07-23 22:35:28.079119+00:00,security_metrics,ml_engine,f48278d9,-1.0,,1,,,,,,,
_result,1,2026-07-23 17:02:48+00:00,2026-07-23 22:48:25.083254+00:00,2026-07-23 22:35:28.129018+00:00,security_metrics,ml_engine,f48278d9,-0.95,,1,,,,,,,
_result,1,2026-07-23 17:02:48+00:00,2026-07-23 22:48:25.083254+00:00,2026-07-23 22:37:42.556735+00:00,security_metrics,ml_engine,f48278d9,-0.95,,1,,,,,,,
_result,1,2026-07-23 17:02:48+00:00,2026-07-23 22:48:25.083254+00:00,2026-07-23 22:39:57.381334+00:00,security_metrics,ml_engine,f48278d9,-0.95,,1,,,,,,,
_result,1,2026-07-23 17:02:48+00:00,2026-07-23 22:48:25.083254+00:00,2026-07-23 22:43:19.015666+00:00,security_metrics,ml_engine,f48278d9,-1.0,,1,,,,,,,
_result,1,2026-07-23 17:02:48+00:00,2026-07-23 22:48:25.083254+00:00,2026-07-23 22:43:19.017240+00:00,security_metrics,ml_engine,f48278d9,-1.0,,1,,,,,,,
_result,1,2026-07-23 17:02:48+00:00,2026-07-23 22:48:25.083254+00:00,2026-07-23 22:43:35.885087+00:00,security_metrics,ml_engine,f48278d9,-1.0,,1,,,,,,,
_result,1,2026-07-23 17:02:48+00:00,2026-07-23 22:48:25.083254+00:00,2026-07-23 22:43:35.886541+00:00,security_metrics,ml_engine,f48278d9,-1.0,,1,,,,,,,
_result,2,2026-07-23 17:02:48+00:00,2026-07-23 22:48:25.083254+00:00,2026-07-23 20:05:31.275000+00:00,security_metrics,ml_engine,e07fec3b,-0.5,0.15491829292360487,1,0.002117924625054002,Stage 2 - ICS Impact,Damage to Property,T0828,Loss of Safety,Modbus,Level 2
_result,2,2026-07-23 17:02:48+00:00,2026-07-23 22:48:25.083254+00:00,2026-07-23 20:31:58.205971+00:00,security_metrics,ml_engine,e07fec3b,-0.5,0.06383979380855631,1,0.08346059173345566,Stage 2 - ICS Impact,Damage to Property,T0828,Loss of Safety,Modbus,Level 2
_result,2,2026-07-23 17:02:48+00:00,2026-07-23 22:48:25.083254+00:00,2026-07-23 20:32:14.903349+00:00,security_metrics,ml_engine,e07fec3b,-0.5,0.06050339372403779,1,0.0021310520824044943,Stage 2 - ICS Impact,Damage to Property,T0828,Loss of Safety,Modbus,Level 2
_result,2,2026-07-23 17:02:48+00:00,2026-07-23 22:48:25.083254+00:00,2026-07-23 20:32:31.641466+00:00,security_metrics,ml_engine,e07fec3b,-0.5,0.09083391807064467,1,0.0021315417252480984,Stage 2 - ICS Impact,Damage to Property,T0828,Loss of Safety,Modbus,Level 2
_result,2,2026-07-23 17:02:48+00:00,2026-07-23 22:48:25.083254+00:00,2026-07-23 20:32:48.308518+00:00,security_metrics,ml_engine,e07fec3b,-0.5,0.0362129283173519,1,0.0021360390819609165,Stage 2 - ICS Impact,Damage to Property,T0828,Loss of Safety,Modbus,Level 2
_result,2,2026-07-23 17:02:48+00:00,2026-07-23 22:48:25.083254+00:00,2026-07-23 20:33:04.966836+00:00,security_metrics,ml_engine,e07fec3b,-0.5,0.07932917019821395,1,0.0021350227762013674,Stage 2 - ICS Impact,Damage to Property,T0828,Loss of Safety,Modbus,Level 2
_result,2,2026-07-23 17:02:48+00:00,2026-07-23 22:48:25.083254+00:00,2026-07-23 20:33:21.724194+00:00,security_metrics,ml_engine,e07fec3b,-0.5,-0.013236702733643635,1,0.0021370751783251762,Stage 2 - ICS Impact,Damage to Property,T0828,Loss of Safety,Modbus,Level 2
_result,2,2026-07-23 17:02:48+00:00,2026-07-23 22:48:25.083254+00:00,2026-07-23 20:33:38.356425+00:00,security_metrics,ml_engine,e07fec3b,-0.5,0.09371217688276745,1,0.0021315321791917086,Stage 2 - ICS Impact,Damage to Property,T0828,Loss of Safety,Modbus,Level 2
_result,2,2026-07-23 17:02:48+00:00,2026-07-23 22:48:25.083254+00:00,2026-07-23 20:33:54.983486+00:00,security_metrics,ml_engine,e07fec3b,-0.5,0.0931319415737415,1,0.002131568267941475,Stage 2 - ICS Impact,Damage to Property,T0828,Loss of Safety,Modbus,Level 2
_result,2,2026-07-23 17:02:48+00:00,2026-07-23 22:48:25.083254+00:00,2026-07-23 20:34:11.761780+00:00,security_metrics,ml_engine,e07fec3b,-0.5,0.0894890162573414,1,0.0021349992603063583,Stage 2 - ICS Impact,Damage to Property,T0828,Loss of Safety,Modbus,Level 2
_result,2,2026-07-23 17:02:48+00:00,2026-07-23 22:48:25.083254+00:00,2026-07-23 20:34:28.429662+00:00,security_metrics,ml_engine,e07fec3b,-0.5,0.0927870435721927,1,0.0021322881802916527,Stage 2 - ICS Impact,Damage to Property,T0828,Loss of Safety,Modbus,Level 2
_result,2,2026-07-23 17:02:48+00:00,2026-07-23 22:48:25.083254+00:00,2026-07-23 20:34:45.090976+00:00,security_metrics,ml_engine,e07fec3b,-0.5,0.03285903086149111,1,0.0021335857454687357,Stage 2 - ICS Impact,Damage to Property,T0828,Loss of Safety,Modbus,Level 2
_result,2,2026-07-23 17:02:48+00:00,2026-07-23 22:48:25.083254+00:00,2026-07-23 20:35:01.730782+00:00,security_metrics,ml_engine,e07fec3b,-0.5,0.09413145956905167,1,0.002132338471710682,Stage 2 - ICS Impact,Damage to Property,T0828,Loss of Safety,Modbus,Level 2
_result,2,2026-07-23 17:02:48+00:00,2026-07-23 22:48:25.083254+00:00,2026-07-23 20:35:18.472726+00:00,security_metrics,ml_engine,e07fec3b,-0.5,0.0927870435721927,1,0.002133389003574848,Stage 2 - ICS Impact,Damage to Property,T0828,Loss of Safety,Modbus,Level 2
_result,2,2026-07-23 17:02:48+00:00,2026-07-23 22:48:25.083254+00:00,2026-07-23 20:35:35.103268+00:00,security_metrics,ml_engine,e07fec3b,-0.5,0.08242371329466436,1,0.0021305950358510017,Stage 2 - ICS Impact,Damage to Property,T0828,Loss of Safety,Modbus,Level 2
_result,2,2026-07-23 17:02:48+00:00,2026-07-23 22:48:25.083254+00:00,2026-07-23 20:35:51.740281+00:00,security_metrics,ml_engine,e07fec3b,-0.5,0.08031265907873764,1,0.002129572443664074,Stage 2 - ICS Impact,Damage to Property,T0828,Loss of Safety,Modbus,Level 2
_result,2,2026-07-23 17:02:48+00:00,2026-07-23 22:48:25.083254+00:00,2026-07-23 20:36:08.484848+00:00,security_metrics,ml_engine,e07fec3b,-0.5,0.0945612858506969,1,0.0021314099431037903,Stage 2 - ICS Impact,Damage to Property,T0828,Loss of Safety,Modbus,Level 2
_result,2,2026-07-23 17:02:48+00:00,2026-07-23 22:48:25.083254+00:00,2026-07-23 20:36:25.109766+00:00,security_metrics,ml_engine,e07fec3b,-0.5,-0.005823090418340615,1,0.0021406656596809626,Stage 2 - ICS Impact,Damage to Property,T0828,Loss of Safety,Modbus,Level 2
_result,2,2026-07-23 17:02:48+00:00,2026-07-23 22:48:25.083254+00:00,2026-07-23 20:36:41.803022+00:00,security_metrics,ml_engine,e07fec3b,-0.5,0.08835959964054196,1,0.002132309600710869,Stage 2 - ICS Impact,Damage to Property,T0828,Loss of Safety,Modbus,Level 2
_result,2,2026-07-23 17:02:48+00:00,2026-07-23 22:48:25.083254+00:00,2026-07-23 20:36:58.546539+00:00,security_metrics,ml_engine,e07fec3b,-0.5,0.09032699857752857,1,0.002134297974407673,Stage 2 - ICS Impact,Damage to Property,T0828,Loss of Safety,Modbus,Level 2
_result,2,2026-07-23 17:02:48+00:00,2026-07-23 22:48:25.083254+00:00,2026-07-23 20:37:15.194021+00:00,security_metrics,ml_engine,e07fec3b,-0.5,0.09391610197153433,1,0.0021312404423952103,Stage 2 - ICS Impact,Damage to Property,T0828,Loss of Safety,Modbus,Level 2
_result,2,2026-07-23 17:02:48+00:00,2026-07-23 22:48:25.083254+00:00,2026-07-23 20:37:31.820944+00:00,security_metrics,ml_engine,e07fec3b,-0.5,0.08991063413215983,1,0.0021321747917681932,Stage 2 - ICS Impact,Damage to Property,T0828,Loss of Safety,Modbus,Level 2
_result,2,2026-07-23 17:02:48+00:00,2026-07-23 22:48:25.083254+00:00,2026-07-23 20:38:38.617499+00:00,security_metrics,ml_engine,e07fec3b,-0.5,0.062443834237405516,1,0.002140758093446493,Stage 2 - ICS Impact,Damage to Property,T0828,Loss of Safety,Modbus,Level 2
_result,2,2026-07-23 17:02:48+00:00,2026-07-23 22:48:25.083254+00:00,2026-07-23 20:38:55.503581+00:00,security_metrics,ml_engine,e07fec3b,-0.5,0.09541047267425895,1,0.0021354665514081717,Stage 2 - ICS Impact,Damage to Property,T0828,Loss of Safety,Modbus,Level 2
_result,2,2026-07-23 17:02:48+00:00,2026-07-23 22:48:25.083254+00:00,2026-07-23 20:39:12.277188+00:00,security_metrics,ml_engine,e07fec3b,-0.5,-0.015743480746597815,1,0.0021420575212687254,Stage 2 - ICS Impact,Damage to Property,T0828,Loss of Safety,Modbus,Level 2
_result,2,2026-07-23 17:02:48+00:00,2026-07-23 22:48:25.083254+00:00,2026-07-23 20:39:28.960353+00:00,security_metrics,ml_engine,e07fec3b,-0.5,0.013535719296913218,1,0.002140244236215949,Stage 2 - ICS Impact,Damage to Property,T0828,Loss of Safety,Modbus,Level 2
_result,2,2026-07-23 17:02:48+00:00,2026-07-23 22:48:25.083254+00:00,2026-07-23 20:39:45.840851+00:00,security_metrics,ml_engine,e07fec3b,-0.5,0.08929488809651587,1,0.002135767135769129,Stage 2 - ICS Impact,Damage to Property,T0828,Loss of Safety,Modbus,Level 2
_result,2,2026-07-23 17:02:48+00:00,2026-07-23 22:48:25.083254+00:00,2026-07-23 20:40:02.519114+00:00,security_metrics,ml_engine,e07fec3b,-0.5,-0.0014822633498404736,1,0.0021445739548653364,Stage 2 - ICS Impact,Damage to Property,T0828,Loss of Safety,Modbus,Level 2
_result,2,2026-07-23 17:02:48+00:00,2026-07-23 22:48:25.083254+00:00,2026-07-23 20:40:19.212037+00:00,security_metrics,ml_engine,e07fec3b,-0.5,0.08804872081853643,1,0.0021346230059862137,Stage 2 - ICS Impact,Damage to Property,T0828,Loss of Safety,Modbus,Level 2
_result,2,2026-07-23 17:02:48+00:00,2026-07-23 22:48:25.083254+00:00,2026-07-23 20:40:35.872872+00:00,security_metrics,ml_engine,e07fec3b,-0.5,-0.013236702733643635,1,0.0021410458721220493,Stage 2 - ICS Impact,Damage to Property,T0828,Loss of Safety,Modbus,Level 2
_result,2,2026-07-23 17:02:48+00:00,2026-07-23 22:48:25.083254+00:00,2026-07-23 20:40:52.647878+00:00,security_metrics,ml_engine,e07fec3b,-0.5,0.08377213867657973,1,0.002135620452463627,Stage 2 - ICS Impact,Damage to Property,T0828,Loss of Safety,Modbus,Level 2
_result,2,2026-07-23 17:02:48+00:00,2026-07-23 22:48:25.083254+00:00,2026-07-23 20:41:09.341140+00:00,security_metrics,ml_engine,e07fec3b,-0.5,0.09391610197153433,1,0.002134075853973627,Stage 2 - ICS Impact,Damage to Property,T0828,Loss of Safety,Modbus,Level 2
_result,2,2026-07-23 17:02:48+00:00,2026-07-23 22:48:25.083254+00:00,2026-07-23 20:41:26.064166+00:00,security_metrics,ml_engine,e07fec3b,-0.5,0.08694899255830457,1,0.0021337729413062334,Stage 2 - ICS Impact,Damage to Property,T0828,Loss of Safety,Modbus,Level 2
_result,2,2026-07-23 17:02:48+00:00,2026-07-23 22:48:25.083254+00:00,2026-07-23 20:41:42.867539+00:00,security_metrics,ml_engine,e07fec3b,-0.5,0.051210770215746715,1,0.0021373883355408907,Stage 2 - ICS Impact,Damage to Property,T0828,Loss of Safety,Modbus,Level 2
_result,2,2026-07-23 17:02:48+00:00,2026-07-23 22:48:25.083254+00:00,2026-07-23 20:41:59.538659+00:00,security_metrics,ml_engine,e07fec3b,-0.5,0.013535719296913218,1,0.0021346379071474075,Stage 2 - ICS Impact,Damage to Property,T0828,Loss of Safety,Modbus,Level 2
_result,2,2026-07-23 17:02:48+00:00,2026-07-23 22:48:25.083254+00:00,2026-07-23 20:42:16.215288+00:00,security_metrics,ml_engine,e07fec3b,-0.5,0.09083391807064467,1,0.0021340351086109877,Stage 2 - ICS Impact,Damage to Property,T0828,Loss of Safety,Modbus,Level 2
_result,2,2026-07-23 17:02:48+00:00,2026-07-23 22:48:25.083254+00:00,2026-07-23 20:42:33.037501+00:00,security_metrics,ml_engine,e07fec3b,-0.5,0.0945612858506969,1,0.002132447436451912,Stage 2 - ICS Impact,Damage to Property,T0828,Loss of Safety,Modbus,Level 2
_result,2,2026-07-23 17:02:48+00:00,2026-07-23 22:48:25.083254+00:00,2026-07-23 20:42:49.726319+00:00,security_metrics,ml_engine,e07fec3b,-0.5,0.08885491528069966,1,0.0021351531613618135,Stage 2 - ICS Impact,Damage to Property,T0828,Loss of Safety,Modbus,Level 2
_result,2,2026-07-23 17:02:48+00:00,2026-07-23 22:48:25.083254+00:00,2026-07-23 20:43:06.463288+00:00,security_metrics,ml_engine,e07fec3b,-0.5,0.09215603634276248,1,0.002136014634743333,Stage 2 - ICS Impact,Damage to Property,T0828,Loss of Safety,Modbus,Level 2
_result,2,2026-07-23 17:02:48+00:00,2026-07-23 22:48:25.083254+00:00,2026-07-23 20:43:23.283341+00:00,security_metrics,ml_engine,e07fec3b,-0.5,0.09001340668832247,1,0.0021358311641961336,Stage 2 - ICS Impact,Damage to Property,T0828,Loss of Safety,Modbus,Level 2
_result,2,2026-07-23 17:02:48+00:00,2026-07-23 22:48:25.083254+00:00,2026-07-23 20:43:40.014336+00:00,security_metrics,ml_engine,e07fec3b,-0.5,0.07754559867155708,1,0.002132816705852747,Stage 2 - ICS Impact,Damage to Property,T0828,Loss of Safety,Modbus,Level 2
_result,2,2026-07-23 17:02:48+00:00,2026-07-23 22:48:25.083254+00:00,2026-07-23 20:43:56.745711+00:00,security_metrics,ml_engine,e07fec3b,-0.5,0.03285903086149111,1,0.002175508299842477,Stage 2 - ICS Impact,Damage to Property,T0828,Loss of Safety,Modbus,Level 2
_result,2,2026-07-23 17:02:48+00:00,2026-07-23 22:48:25.083254+00:00,2026-07-23 20:44:13.496020+00:00,security_metrics,ml_engine,e07fec3b,-0.5,0.08929488809651587,1,0.15326902270317078,Stage 2 - ICS Impact,Damage to Property,T0828,Loss of Safety,Modbus,Level 2
_result,2,2026-07-23 17:02:48+00:00,2026-07-23 22:48:25.083254+00:00,2026-07-23 20:44:30.320086+00:00,security_metrics,ml_engine,e07fec3b,-0.5,0.1764530241546462,1,0.005541969556361437,Stage 2 - ICS Impact,Damage to Property,T0828,Loss of Safety,Modbus,Level 2
_result,2,2026-07-23 17:02:48+00:00,2026-07-23 22:48:25.083254+00:00,2026-07-23 20:44:47.023004+00:00,security_metrics,ml_engine,e07fec3b,-0.5,0.1821117339822279,1,0.0017844137037172914,Stage 2 - ICS Impact,Damage to Property,T0828,Loss of Safety,Modbus,Level 2
_result,2,2026-07-23 17:02:48+00:00,2026-07-23 22:48:25.083254+00:00,2026-07-23 20:45:03.773522+00:00,security_metrics,ml_engine,e07fec3b,-0.5,0.17660755719751148,1,0.0022040060721337795,Stage 2 - ICS Impact,Damage to Property,T0828,Loss of Safety,Modbus,Level 2
_result,2,2026-07-23 17:02:48+00:00,2026-07-23 22:48:25.083254+00:00,2026-07-23 20:45:20.686768+00:00,security_metrics,ml_engine,e07fec3b,-0.5,0.15991562326284303,1,0.005350389052182436,Stage 2 - ICS Impact,Damage to Property,T0828,Loss of Safety,Modbus,Level 2
_result,2,2026-07-23 17:02:48+00:00,2026-07-23 22:48:25.083254+00:00,2026-07-23 20:45:37.428410+00:00,security_metrics,ml_engine,e07fec3b,-0.5,0.18185256708250563,1,0.002155582420527935,Stage 2 - ICS Impact,Damage to Property,T0828,Loss of Safety,Modbus,Level 2
_result,2,2026-07-23 17:02:48+00:00,2026-07-23 22:48:25.083254+00:00,2026-07-23 20:45:54.174245+00:00,security_metrics,ml_engine,e07fec3b,-0.5,0.17328098297167,1,0.005110080353915691,Stage 2 - ICS Impact,Damage to Property,T0828,Loss of Safety,Modbus,Level 2
_result,2,2026-07-23 17:02:48+00:00,2026-07-23 22:48:25.083254+00:00,2026-07-23 20:46:11.009749+00:00,security_metrics,ml_engine,e07fec3b,-0.5,0.20279112165840857,1,0.0030086615588515997,Stage 2 - ICS Impact,Damage to Property,T0828,Loss of Safety,Modbus,Level 2
_result,2,2026-07-23 17:02:48+00:00,2026-07-23 22:48:25.083254+00:00,2026-07-23 20:46:27.778459+00:00,security_metrics,ml_engine,e07fec3b,-0.5,0.2051241726081478,1,0.0034035444259643555,Stage 2 - ICS Impact,Damage to Property,T0828,Loss of Safety,Modbus,Level 2
_result,2,2026-07-23 17:02:48+00:00,2026-07-23 22:48:25.083254+00:00,2026-07-23 20:46:44.486491+00:00,security_metrics,ml_engine,e07fec3b,-0.5,0.15510031399529134,1,0.003115547588095069,Stage 2 - ICS Impact,Damage to Property,T0828,Loss of Safety,Modbus,Level 2
_result,2,2026-07-23 17:02:48+00:00,2026-07-23 22:48:25.083254+00:00,2026-07-23 20:47:01.213475+00:00,security_metrics,ml_engine,e07fec3b,-0.5,0.1977459434788597,1,0.002605233807116747,Stage 2 - ICS Impact,Damage to Property,T0828,Loss of Safety,Modbus,Level 2
_result,2,2026-07-23 17:02:48+00:00,2026-07-23 22:48:25.083254+00:00,2026-07-23 20:47:18.028332+00:00,security_metrics,ml_engine,e07fec3b,-0.5,0.19588191019786633,1,0.0023257823195308447,Stage 2 - ICS Impact,Damage to Property,T0828,Loss of Safety,Modbus,Level 2
_result,2,2026-07-23 17:02:48+00:00,2026-07-23 22:48:25.083254+00:00,2026-07-23 20:47:34.736602+00:00,security_metrics,ml_engine,e07fec3b,-0.5,0.20604569588010185,1,0.0020519897807389498,Stage 2 - ICS Impact,Damage to Property,T0828,Loss of Safety,Modbus,Level 2
_result,2,2026-07-23 17:02:48+00:00,2026-07-23 22:48:25.083254+00:00,2026-07-23 20:47:51.471014+00:00,security_metrics,ml_engine,e07fec3b,-0.5,0.09393987884497068,1,0.0026461982633918524,Stage 2 - ICS Impact,Damage to Property,T0828,Loss of Safety,Modbus,Level 2
_result,2,2026-07-23 17:02:48+00:00,2026-07-23 22:48:25.083254+00:00,2026-07-23 20:48:08.307830+00:00,security_metrics,ml_engine,e07fec3b,-0.5,0.14430870362947917,1,0.0004122420505154878,Stage 2 - ICS Impact,Damage to Property,T0828,Loss of Safety,Modbus,Level 2
_result,2,2026-07-23 17:02:48+00:00,2026-07-23 22:48:25.083254+00:00,2026-07-23 20:48:25.034867+00:00,security_metrics,ml_engine,e07fec3b,-0.5,0.1937096033347956,1,0.0014197564451023936,Stage 2 - ICS Impact,Damage to Property,T0828,Loss of Safety,Modbus,Level 2
_result,2,2026-07-23 17:02:48+00:00,2026-07-23 22:48:25.083254+00:00,2026-07-23 20:48:41.829258+00:00,security_metrics,ml_engine,e07fec3b,-0.5,0.1853051388968684,1,0.0017454421613365412,Stage 2 - ICS Impact,Damage to Property,T0828,Loss of Safety,Modbus,Level 2
_result,2,2026-07-23 17:02:48+00:00,2026-07-23 22:48:25.083254+00:00,2026-07-23 20:48:58.713964+00:00,security_metrics,ml_engine,e07fec3b,-0.5,0.18981031524581982,1,0.002848824253305793,Stage 2 - ICS Impact,Damage to Property,T0828,Loss of Safety,Modbus,Level 2
_result,2,2026-07-23 17:02:48+00:00,2026-07-23 22:48:25.083254+00:00,2026-07-23 20:49:15.460264+00:00,security_metrics,ml_engine,e07fec3b,-0.5,0.20484338649697814,1,0.002801091643050313,Stage 2 - ICS Impact,Damage to Property,T0828,Loss of Safety,Modbus,Level 2
_result,2,2026-07-23 17:02:48+00:00,2026-07-23 22:48:25.083254+00:00,2026-07-23 20:49:32.204508+00:00,security_metrics,ml_engine,e07fec3b,-0.5,0.2022365144074006,1,0.0012920695589855313,Stage 2 - ICS Impact,Damage to Property,T0828,Loss of Safety,Modbus,Level 2
_result,2,2026-07-23 17:02:48+00:00,2026-07-23 22:48:25.083254+00:00,2026-07-23 20:49:49.005592+00:00,security_metrics,ml_engine,e07fec3b,-0.5,0.07045105665945739,1,0.0017637257697060704,Stage 2 - ICS Impact,Damage to Property,T0828,Loss of Safety,Modbus,Level 2
_result,2,2026-07-23 17:02:48+00:00,2026-07-23 22:48:25.083254+00:00,2026-07-23 20:50:05.839622+00:00,security_metrics,ml_engine,e07fec3b,-0.5,0.08140184933906691,1,0.0028995508328080177,Stage 2 - ICS Impact,Damage to Property,T0828,Loss of Safety,Modbus,Level 2
_result,2,2026-07-23 17:02:48+00:00,2026-07-23 22:48:25.083254+00:00,2026-07-23 20:50:22.615956+00:00,security_metrics,ml_engine,e07fec3b,-0.5,0.19687832643445813,1,0.001962175127118826,Stage 2 - ICS Impact,Damage to Property,T0828,Loss of Safety,Modbus,Level 2
_result,2,2026-07-23 17:02:48+00:00,2026-07-23 22:48:25.083254+00:00,2026-07-23 20:50:39.400103+00:00,security_metrics,ml_engine,e07fec3b,-0.5,0.17916651926404664,1,0.002910421695560217,Stage 2 - ICS Impact,Damage to Property,T0828,Loss of Safety,Modbus,Level 2
_result,2,2026-07-23 17:02:48+00:00,2026-07-23 22:48:25.083254+00:00,2026-07-23 20:50:56.238464+00:00,security_metrics,ml_engine,e07fec3b,-0.5,0.18215060322944732,1,0.0019739337731152773,Stage 2 - ICS Impact,Damage to Property,T0828,Loss of Safety,Modbus,Level 2
_result,2,2026-07-23 17:02:48+00:00,2026-07-23 22:48:25.083254+00:00,2026-07-23 20:51:13.102307+00:00,security_metrics,ml_engine,e07fec3b,-0.5,0.12404453187610853,1,0.10327182710170746,Stage 2 - ICS Impact,Damage to Property,T0828,Loss of Safety,Modbus,Level 2
_result,2,2026-07-23 17:02:48+00:00,2026-07-23 22:48:25.083254+00:00,2026-07-23 20:51:29.867299+00:00,security_metrics,ml_engine,e07fec3b,-0.5,0.14749443253730632,1,0.0034215121995657682,Stage 2 - ICS Impact,Damage to Property,T0828,Loss of Safety,Modbus,Level 2
_result,2,2026-07-23 17:02:48+00:00,2026-07-23 22:48:25.083254+00:00,2026-07-23 20:51:46.695866+00:00,security_metrics,ml_engine,e07fec3b,-0.5,0.10883645669880804,1,0.0032822496723383665,Stage 2 - ICS Impact,Damage to Property,T0828,Loss of Safety,Modbus,Level 2
_result,2,2026-07-23 17:02:48+00:00,2026-07-23 22:48:25.083254+00:00,2026-07-23 20:52:03.363044+00:00,security_metrics,ml_engine,e07fec3b,-0.5,0.1977459434788597,1,0.002450651489198208,Stage 2 - ICS Impact,Damage to Property,T0828,Loss of Safety,Modbus,Level 2
_result,2,2026-07-23 17:02:48+00:00,2026-07-23 22:48:25.083254+00:00,2026-07-23 20:52:20.269713+00:00,security_metrics,ml_engine,e07fec3b,-0.5,0.1671264855518374,1,0.0026812059804797173,Stage 2 - ICS Impact,Damage to Property,T0828,Loss of Safety,Modbus,Level 2
_result,2,2026-07-23 17:02:48+00:00,2026-07-23 22:48:25.083254+00:00,2026-07-23 20:52:37.034258+00:00,security_metrics,ml_engine,e07fec3b,-0.5,0.2029389049677156,1,0.0044555277563631535,Stage 2 - ICS Impact,Damage to Property,T0828,Loss of Safety,Modbus,Level 2
_result,2,2026-07-23 17:02:48+00:00,2026-07-23 22:48:25.083254+00:00,2026-07-23 20:52:53.712578+00:00,security_metrics,ml_engine,e07fec3b,-0.5,0.2029389049677156,1,0.0021114617120474577,Stage 2 - ICS Impact,Damage to Property,T0828,Loss of Safety,Modbus,Level 2
_result,2,2026-07-23 17:02:48+00:00,2026-07-23 22:48:25.083254+00:00,2026-07-23 20:53:10.450918+00:00,security_metrics,ml_engine,e07fec3b,-0.5,0.20204440103190707,1,0.0026523268315941095,Stage 2 - ICS Impact,Damage to Property,T0828,Loss of Safety,Modbus,Level 2
_result,2,2026-07-23 17:02:48+00:00,2026-07-23 22:48:25.083254+00:00,2026-07-23 20:53:27.179073+00:00,security_metrics,ml_engine,e07fec3b,-0.5,0.1867506091119741,1,0.0032635002862662077,Stage 2 - ICS Impact,Damage to Property,T0828,Loss of Safety,Modbus,Level 2
_result,2,2026-07-23 17:02:48+00:00,2026-07-23 22:48:25.083254+00:00,2026-07-23 20:53:44.126249+00:00,security_metrics,ml_engine,e07fec3b,-0.5,0.11938602544117705,1,0.0024531816598027945,Stage 2 - ICS Impact,Damage to Property,T0828,Loss of Safety,Modbus,Level 2
_result,2,2026-07-23 17:02:48+00:00,2026-07-23 22:48:25.083254+00:00,2026-07-23 20:54:00.790860+00:00,security_metrics,ml_engine,e07fec3b,-0.5,0.1773974679441631,1,0.0032405226957052946,Stage 2 - ICS Impact,Damage to Property,T0828,Loss of Safety,Modbus,Level 2
_result,2,2026-07-23 17:02:48+00:00,2026-07-23 22:48:25.083254+00:00,2026-07-23 20:54:17.464595+00:00,security_metrics,ml_engine,e07fec3b,-0.5,0.10200406567346099,1,0.0013883134815841913,Stage 2 - ICS Impact,Damage to Property,T0828,Loss of Safety,Modbus,Level 2
_result,2,2026-07-23 17:02:48+00:00,2026-07-23 22:48:25.083254+00:00,2026-07-23 20:54:34.283877+00:00,security_metrics,ml_engine,e07fec3b,-0.5,0.19858553631150655,1,0.003306398168206215,Stage 2 - ICS Impact,Damage to Property,T0828,Loss of Safety,Modbus,Level 2
_result,2,2026-07-23 17:02:48+00:00,2026-07-23 22:48:25.083254+00:00,2026-07-23 20:54:50.942403+00:00,security_metrics,ml_engine,e07fec3b,-0.5,0.11700180930596604,1,0.004225564189255238,Stage 2 - ICS Impact,Damage to Property,T0828,Loss of Safety,Modbus,Level 2
_result,2,2026-07-23 17:02:48+00:00,2026-07-23 22:48:25.083254+00:00,2026-07-23 20:55:07.647314+00:00,security_metrics,ml_engine,e07fec3b,-0.5,0.10834846641910023,1,0.001634584623388946,Stage 2 - ICS Impact,Damage to Property,T0828,Loss of Safety,Modbus,Level 2
_result,2,2026-07-23 17:02:48+00:00,2026-07-23 22:48:25.083254+00:00,2026-07-23 20:55:24.464257+00:00,security_metrics,ml_engine,e07fec3b,-0.5,0.20236188830069857,1,0.0014910749159753323,Stage 2 - ICS Impact,Damage to Property,T0828,Loss of Safety,Modbus,Level 2
_result,2,2026-07-23 17:02:48+00:00,2026-07-23 22:48:25.083254+00:00,2026-07-23 20:55:41.171069+00:00,security_metrics,ml_engine,e07fec3b,-0.5,0.1902602084222157,1,0.002826813142746687,Stage 2 - ICS Impact,Damage to Property,T0828,Loss of Safety,Modbus,Level 2
_result,2,2026-07-23 17:02:48+00:00,2026-07-23 22:48:25.083254+00:00,2026-07-23 20:55:57.906635+00:00,security_metrics,ml_engine,e07fec3b,-0.5,0.17916651926404664,1,0.0031619914807379246,Stage 2 - ICS Impact,Damage to Property,T0828,Loss of Safety,Modbus,Level 2
_result,2,2026-07-23 17:02:48+00:00,2026-07-23 22:48:25.083254+00:00,2026-07-23 20:56:14.567374+00:00,security_metrics,ml_engine,e07fec3b,-0.5,0.07871531855956748,1,0.0025912488345056772,Stage 2 - ICS Impact,Damage to Property,T0828,Loss of Safety,Modbus,Level 2
_result,2,2026-07-23 17:02:48+00:00,2026-07-23 22:48:25.083254+00:00,2026-07-23 20:56:31.366546+00:00,security_metrics,ml_engine,e07fec3b,-0.5,0.027252796486357478,1,0.0022973911836743355,Stage 2 - ICS Impact,Damage to Property,T0828,Loss of Safety,Modbus,Level 2
_result,2,2026-07-23 17:02:48+00:00,2026-07-23 22:48:25.083254+00:00,2026-07-23 20:56:48.069044+00:00,security_metrics,ml_engine,e07fec3b,-0.5,0.1832031759119434,1,0.0029745318461209536,Stage 2 - ICS Impact,Damage to Property,T0828,Loss of Safety,Modbus,Level 2
_result,2,2026-07-23 17:02:48+00:00,2026-07-23 22:48:25.083254+00:00,2026-07-23 20:57:04.784884+00:00,security_metrics,ml_engine,e07fec3b,-0.5,0.11048612788165091,1,0.09996792674064636,Stage 2 - ICS Impact,Damage to Property,T0828,Loss of Safety,Modbus,Level 2
_result,2,2026-07-23 17:02:48+00:00,2026-07-23 22:48:25.083254+00:00,2026-07-23 20:57:21.634907+00:00,security_metrics,ml_engine,e07fec3b,-0.5,0.2053148385946671,1,0.0028984183445572853,Stage 2 - ICS Impact,Damage to Property,T0828,Loss of Safety,Modbus,Level 2
_result,2,2026-07-23 17:02:48+00:00,2026-07-23 22:48:25.083254+00:00,2026-07-23 20:57:38.330513+00:00,security_metrics,ml_engine,e07fec3b,-0.5,0.19784892312101515,1,0.0031003146432340145,Stage 2 - ICS Impact,Damage to Property,T0828,Loss of Safety,Modbus,Level 2
_result,2,2026-07-23 17:02:48+00:00,2026-07-23 22:48:25.083254+00:00,2026-07-23 20:57:55.086636+00:00,security_metrics,ml_engine,e07fec3b,-0.5,0.16444576983313658,1,0.0021249880082905293,Stage 2 - ICS Impact,Damage to Property,T0828,Loss of Safety,Modbus,Level 2
_result,2,2026-07-23 17:02:48+00:00,2026-07-23 22:48:25.083254+00:00,2026-07-23 20:58:11.956519+00:00,security_metrics,ml_engine,e07fec3b,-0.5,0.19687832643445813,1,0.0025858706794679165,Stage 2 - ICS Impact,Damage to Property,T0828,Loss of Safety,Modbus,Level 2
_result,2,2026-07-23 17:02:48+00:00,2026-07-23 22:48:25.083254+00:00,2026-07-23 20:58:28.668631+00:00,security_metrics,ml_engine,e07fec3b,-0.5,0.15526206929220998,1,0.0019512140424922109,Stage 2 - ICS Impact,Damage to Property,T0828,Loss of Safety,Modbus,Level 2
_result,2,2026-07-23 17:02:48+00:00,2026-07-23 22:48:25.083254+00:00,2026-07-23 20:58:45.371845+00:00,security_metrics,ml_engine,e07fec3b,-0.5,0.18981031524581982,1,0.003103159135207534,Stage 2 - ICS Impact,Damage to Property,T0828,Loss of Safety,Modbus,Level 2
_result,2,2026-07-23 17:02:48+00:00,2026-07-23 22:48:25.083254+00:00,2026-07-23 20:59:02.131979+00:00,security_metrics,ml_engine,e07fec3b,-0.5,0.18719539518774625,1,0.002065613865852356,Stage 2 - ICS Impact,Damage to Property,T0828,Loss of Safety,Modbus,Level 2
_result,2,2026-07-23 17:02:48+00:00,2026-07-23 22:48:25.083254+00:00,2026-07-23 20:59:18.925620+00:00,security_metrics,ml_engine,e07fec3b,-0.5,0.11630265188324551,1,0.002009069314226508,Stage 2 - ICS Impact,Damage to Property,T0828,Loss of Safety,Modbus,Level 2
_result,2,2026-07-23 17:02:48+00:00,2026-07-23 22:48:25.083254+00:00,2026-07-23 20:59:35.619869+00:00,security_metrics,ml_engine,e07fec3b,-0.5,0.1900061283378432,1,0.0030434131622314453,Stage 2 - ICS Impact,Damage to Property,T0828,Loss of Safety,Modbus,Level 2
_result,2,2026-07-23 17:02:48+00:00,2026-07-23 22:48:25.083254+00:00,2026-07-23 20:59:52.366919+00:00,security_metrics,ml_engine,e07fec3b,-0.5,0.20204440103190707,1,0.0026678515132516623,Stage 2 - ICS Impact,Damage to Property,T0828,Loss of Safety,Modbus,Level 2
_result,2,2026-07-23 17:02:48+00:00,2026-07-23 22:48:25.083254+00:00,2026-07-23 21:00:09.189519+00:00,security_metrics,ml_engine,e07fec3b,-0.5,0.20149797198174962,1,0.004214056301862001,Stage 2 - ICS Impact,Damage to Property,T0828,Loss of Safety,Modbus,Level 2
_result,2,2026-07-23 17:02:48+00:00,2026-07-23 22:48:25.083254+00:00,2026-07-23 21:00:25.927003+00:00,security_metrics,ml_engine,e07fec3b,-0.5,0.19579515413980536,1,0.0026697719004005194,Stage 2 - ICS Impact,Damage to Property,T0828,Loss of Safety,Modbus,Level 2
_result,2,2026-07-23 17:02:48+00:00,2026-07-23 22:48:25.083254+00:00,2026-07-23 21:00:42.617283+00:00,security_metrics,ml_engine,e07fec3b,-0.5,0.12401965489775413,1,0.003068462712690234,Stage 2 - ICS Impact,Damage to Property,T0828,Loss of Safety,Modbus,Level 2
_result,2,2026-07-23 17:02:48+00:00,2026-07-23 22:48:25.083254+00:00,2026-07-23 21:00:59.433425+00:00,security_metrics,ml_engine,e07fec3b,-0.5,0.09944421466464004,1,0.0018431385979056358,Stage 2 - ICS Impact,Damage to Property,T0828,Loss of Safety,Modbus,Level 2
_result,2,2026-07-23 17:02:48+00:00,2026-07-23 22:48:25.083254+00:00,2026-07-23 21:01:16.174193+00:00,security_metrics,ml_engine,e07fec3b,-0.5,0.20256073874443886,1,0.0014992892974987626,Stage 2 - ICS Impact,Damage to Property,T0828,Loss of Safety,Modbus,Level 2
_result,2,2026-07-23 17:02:48+00:00,2026-07-23 22:48:25.083254+00:00,2026-07-23 21:01:32.871496+00:00,security_metrics,ml_engine,e07fec3b,-0.5,0.146665988832009,1,0.00248461845330894,Stage 2 - ICS Impact,Damage to Property,T0828,Loss of Safety,Modbus,Level 2
_result,2,2026-07-23 17:02:48+00:00,2026-07-23 22:48:25.083254+00:00,2026-07-23 21:01:49.529887+00:00,security_metrics,ml_engine,e07fec3b,-0.5,0.19136574749282192,1,0.0026462336536496878,Stage 2 - ICS Impact,Damage to Property,T0828,Loss of Safety,Modbus,Level 2
_result,2,2026-07-23 17:02:48+00:00,2026-07-23 22:48:25.083254+00:00,2026-07-23 21:02:06.394660+00:00,security_metrics,ml_engine,e07fec3b,-0.5,0.19725438706658532,1,0.0033995299600064754,Stage 2 - ICS Impact,Damage to Property,T0828,Loss of Safety,Modbus,Level 2
_result,2,2026-07-23 17:02:48+00:00,2026-07-23 22:48:25.083254+00:00,2026-07-23 21:02:23.168880+00:00,security_metrics,ml_engine,e07fec3b,-0.5,0.07303600323529114,1,0.0017200857400894165,Stage 2 - ICS Impact,Damage to Property,T0828,Loss of Safety,Modbus,Level 2
_result,2,2026-07-23 17:02:48+00:00,2026-07-23 22:48:25.083254+00:00,2026-07-23 21:02:39.910684+00:00,security_metrics,ml_engine,e07fec3b,-0.5,0.18369470486261252,1,0.0013106385013088584,Stage 2 - ICS Impact,Damage to Property,T0828,Loss of Safety,Modbus,Level 2
_result,2,2026-07-23 17:02:48+00:00,2026-07-23 22:48:25.083254+00:00,2026-07-23 21:02:56.724578+00:00,security_metrics,ml_engine,e07fec3b,-0.5,0.18947715576432433,1,0.0014624814502894878,Stage 2 - ICS Impact,Damage to Property,T0828,Loss of Safety,Modbus,Level 2
_result,2,2026-07-23 17:02:48+00:00,2026-07-23 22:48:25.083254+00:00,2026-07-23 21:03:13.476839+00:00,security_metrics,ml_engine,e07fec3b,-0.5,0.18956564041029755,1,0.0019223680719733238,Stage 2 - ICS Impact,Damage to Property,T0828,Loss of Safety,Modbus,Level 2
_result,2,2026-07-23 17:02:48+00:00,2026-07-23 22:48:25.083254+00:00,2026-07-23 21:03:30.193407+00:00,security_metrics,ml_engine,e07fec3b,-0.5,0.11645591103958985,1,0.0034131056163460016,Stage 2 - ICS Impact,Damage to Property,T0828,Loss of Safety,Modbus,Level 2
_result,2,2026-07-23 17:02:48+00:00,2026-07-23 22:48:25.083254+00:00,2026-07-23 21:03:46.978134+00:00,security_metrics,ml_engine,e07fec3b,-0.5,0.15820493046728668,1,0.004255183506757021,Stage 2 - ICS Impact,Damage to Property,T0828,Loss of Safety,Modbus,Level 2
_result,2,2026-07-23 17:02:48+00:00,2026-07-23 22:48:25.083254+00:00,2026-07-23 21:04:03.669200+00:00,security_metrics,ml_engine,e07fec3b,-0.5,0.1827475963672796,1,0.07801218330860138,Stage 2 - ICS Impact,Damage to Property,T0828,Loss of Safety,Modbus,Level 2
_result,2,2026-07-23 17:02:48+00:00,2026-07-23 22:48:25.083254+00:00,2026-07-23 21:04:20.356100+00:00,security_metrics,ml_engine,e07fec3b,-0.5,0.11855220947415535,1,0.13018779456615448,Stage 2 - ICS Impact,Damage to Property,T0828,Loss of Safety,Modbus,Level 2
_result,2,2026-07-23 17:02:48+00:00,2026-07-23 22:48:25.083254+00:00,2026-07-23 21:04:37.073028+00:00,security_metrics,ml_engine,e07fec3b,-0.5,0.08773008353291545,1,0.15895065665245056,Stage 2 - ICS Impact,Damage to Property,T0828,Loss of Safety,Modbus,Level 2
_result,2,2026-07-23 17:02:48+00:00,2026-07-23 22:48:25.083254+00:00,2026-07-23 21:04:53.949119+00:00,security_metrics,ml_engine,e07fec3b,-0.5,0.05806941509870511,1,0.16551800072193146,Stage 2 - ICS Impact,Damage to Property,T0828,Loss of Safety,Modbus,Level 2
_result,2,2026-07-23 17:02:48+00:00,2026-07-23 22:48:25.083254+00:00,2026-07-23 21:05:10.694946+00:00,security_metrics,ml_engine,e07fec3b,-0.5,0.15898724779709528,1,0.0040746210142970085,Stage 2 - ICS Impact,Damage to Property,T0828,Loss of Safety,Modbus,Level 2
_result,2,2026-07-23 17:02:48+00:00,2026-07-23 22:48:25.083254+00:00,2026-07-23 21:05:27.475560+00:00,security_metrics,ml_engine,e07fec3b,-0.5,0.06182734028736514,1,0.002372363116592169,Stage 2 - ICS Impact,Damage to Property,T0828,Loss of Safety,Modbus,Level 2
_result,2,2026-07-23 17:02:48+00:00,2026-07-23 22:48:25.083254+00:00,2026-07-23 21:05:44.366690+00:00,security_metrics,ml_engine,e07fec3b,-0.5,0.07550461280541432,1,0.0017171091167256236,Stage 2 - ICS Impact,Damage to Property,T0828,Loss of Safety,Modbus,Level 2
_result,2,2026-07-23 17:02:48+00:00,2026-07-23 22:48:25.083254+00:00,2026-07-23 21:06:01.088346+00:00,security_metrics,ml_engine,e07fec3b,-0.5,0.18320892185749277,1,0.002033351920545101,Stage 2 - ICS Impact,Damage to Property,T0828,Loss of Safety,Modbus,Level 2
_result,2,2026-07-23 17:02:48+00:00,2026-07-23 22:48:25.083254+00:00,2026-07-23 21:06:17.810499+00:00,security_metrics,ml_engine,e07fec3b,-0.5,0.1770172861712872,1,0.0017267258372157812,Stage 2 - ICS Impact,Damage to Property,T0828,Loss of Safety,Modbus,Level 2
_result,2,2026-07-23 17:02:48+00:00,2026-07-23 22:48:25.083254+00:00,2026-07-23 21:06:34.660970+00:00,security_metrics,ml_engine,e07fec3b,-0.5,0.03640238198122325,1,0.001354230334982276,Stage 2 - ICS Impact,Damage to Property,T0828,Loss of Safety,Modbus,Level 2
_result,2,2026-07-23 17:02:48+00:00,2026-07-23 22:48:25.083254+00:00,2026-07-23 21:06:51.359579+00:00,security_metrics,ml_engine,e07fec3b,-0.5,0.09112084370283169,1,0.002547051291912794,Stage 2 - ICS Impact,Damage to Property,T0828,Loss of Safety,Modbus,Level 2
_result,2,2026-07-23 17:02:48+00:00,2026-07-23 22:48:25.083254+00:00,2026-07-23 21:07:08.055349+00:00,security_metrics,ml_engine,e07fec3b,-0.5,0.1325543138613604,1,0.002779095433652401,Stage 2 - ICS Impact,Damage to Property,T0828,Loss of Safety,Modbus,Level 2
_result,2,2026-07-23 17:02:48+00:00,2026-07-23 22:48:25.083254+00:00,2026-07-23 21:07:24.902645+00:00,security_metrics,ml_engine,e07fec3b,-0.5,0.060483735178431974,1,0.003172875614836812,Stage 2 - ICS Impact,Damage to Property,T0828,Loss of Safety,Modbus,Level 2
_result,2,2026-07-23 17:02:48+00:00,2026-07-23 22:48:25.083254+00:00,2026-07-23 21:07:41.625160+00:00,security_metrics,ml_engine,e07fec3b,-0.5,0.15474736917960247,1,0.0020087130833417177,Stage 2 - ICS Impact,Damage to Property,T0828,Loss of Safety,Modbus,Level 2
_result,2,2026-07-23 17:02:48+00:00,2026-07-23 22:48:25.083254+00:00,2026-07-23 21:07:58.325011+00:00,security_metrics,ml_engine,e07fec3b,-0.5,0.17273997668853452,1,0.002466395730152726,Stage 2 - ICS Impact,Damage to Property,T0828,Loss of Safety,Modbus,Level 2
_result,2,2026-07-23 17:02:48+00:00,2026-07-23 22:48:25.083254+00:00,2026-07-23 21:08:15.015123+00:00,security_metrics,ml_engine,e07fec3b,-0.5,0.15333582726076322,1,0.00211999099701643,Stage 2 - ICS Impact,Damage to Property,T0828,Loss of Safety,Modbus,Level 2
_result,2,2026-07-23 17:02:48+00:00,2026-07-23 22:48:25.083254+00:00,2026-07-23 21:08:31.879601+00:00,security_metrics,ml_engine,e07fec3b,-0.5,0.06720706840512392,1,0.001470638788305223,Stage 2 - ICS Impact,Damage to Property,T0828,Loss of Safety,Modbus,Level 2
_result,2,2026-07-23 17:02:48+00:00,2026-07-23 22:48:25.083254+00:00,2026-07-23 21:08:48.593426+00:00,security_metrics,ml_engine,e07fec3b,-0.5,0.08686570889893397,1,0.0012950331438332796,Stage 2 - ICS Impact,Damage to Property,T0828,Loss of Safety,Modbus,Level 2
_result,2,2026-07-23 17:02:48+00:00,2026-07-23 22:48:25.083254+00:00,2026-07-23 21:09:05.314040+00:00,security_metrics,ml_engine,e07fec3b,-0.5,0.19006002958468832,1,0.0022226658184081316,Stage 2 - ICS Impact,Damage to Property,T0828,Loss of Safety,Modbus,Level 2
_result,2,2026-07-23 17:02:48+00:00,2026-07-23 22:48:25.083254+00:00,2026-07-23 21:09:22.147332+00:00,security_metrics,ml_engine,e07fec3b,-0.5,0.07134926426641464,1,0.0012178033357486129,Stage 2 - ICS Impact,Damage to Property,T0828,Loss of Safety,Modbus,Level 2
_result,2,2026-07-23 17:02:48+00:00,2026-07-23 22:48:25.083254+00:00,2026-07-23 21:09:38.847666+00:00,security_metrics,ml_engine,e07fec3b,-0.5,0.17290604212027888,1,0.0030531424563378096,Stage 2 - ICS Impact,Damage to Property,T0828,Loss of Safety,Modbus,Level 2
_result,2,2026-07-23 17:02:48+00:00,2026-07-23 22:48:25.083254+00:00,2026-07-23 21:09:55.635245+00:00,security_metrics,ml_engine,e07fec3b,-0.5,0.15434635855534595,1,0.0026339676696807146,Stage 2 - ICS Impact,Damage to Property,T0828,Loss of Safety,Modbus,Level 2
_result,2,2026-07-23 17:02:48+00:00,2026-07-23 22:48:25.083254+00:00,2026-07-23 21:10:12.439029+00:00,security_metrics,ml_engine,e07fec3b,-0.5,0.16675527413589936,1,0.0018046190962195396,Stage 2 - ICS Impact,Damage to Property,T0828,Loss of Safety,Modbus,Level 2
_result,2,2026-07-23 17:02:48+00:00,2026-07-23 22:48:25.083254+00:00,2026-07-23 21:10:29.104763+00:00,security_metrics,ml_engine,e07fec3b,-0.5,0.08252911083008108,1,0.0022073055151849985,Stage 2 - ICS Impact,Damage to Property,T0828,Loss of Safety,Modbus,Level 2
_result,2,2026-07-23 17:02:48+00:00,2026-07-23 22:48:25.083254+00:00,2026-07-23 21:10:45.784748+00:00,security_metrics,ml_engine,e07fec3b,-0.5,0.2052670529181243,1,0.010041987523436546,Stage 2 - ICS Impact,Damage to Property,T0828,Loss of Safety,Modbus,Level 2
_result,2,2026-07-23 17:02:48+00:00,2026-07-23 22:48:25.083254+00:00,2026-07-23 21:11:02.562575+00:00,security_metrics,ml_engine,e07fec3b,-0.5,0.15832668935558392,1,0.0020538668613880873,Stage 2 - ICS Impact,Damage to Property,T0828,Loss of Safety,Modbus,Level 2
_result,2,2026-07-23 17:02:48+00:00,2026-07-23 22:48:25.083254+00:00,2026-07-23 21:11:19.408782+00:00,security_metrics,ml_engine,e07fec3b,-0.5,0.16198748476051578,1,0.003466973314061761,Stage 2 - ICS Impact,Damage to Property,T0828,Loss of Safety,Modbus,Level 2
_result,2,2026-07-23 17:02:48+00:00,2026-07-23 22:48:25.083254+00:00,2026-07-23 21:11:36.097983+00:00,security_metrics,ml_engine,e07fec3b,-0.5,0.09848520441332664,1,0.21500049531459808,Stage 2 - ICS Impact,Damage to Property,T0828,Loss of Safety,Modbus,Level 2
_result,2,2026-07-23 17:02:48+00:00,2026-07-23 22:48:25.083254+00:00,2026-07-23 21:11:52.801667+00:00,security_metrics,ml_engine,e07fec3b,-0.5,0.07207289155207985,1,0.17716366052627563,Stage 2 - ICS Impact,Damage to Property,T0828,Loss of Safety,Modbus,Level 2
_result,2,2026-07-23 17:02:48+00:00,2026-07-23 22:48:25.083254+00:00,2026-07-23 21:12:09.694980+00:00,security_metrics,ml_engine,e07fec3b,-0.5,0.09734667295760835,1,0.1743272840976715,Stage 2 - ICS Impact,Damage to Property,T0828,Loss of Safety,Modbus,Level 2
_result,2,2026-07-23 17:02:48+00:00,2026-07-23 22:48:25.083254+00:00,2026-07-23 21:12:26.405544+00:00,security_metrics,ml_engine,e07fec3b,-0.5,0.15418429342734674,1,0.08139851689338684,Stage 2 - ICS Impact,Damage to Property,T0828,Loss of Safety,Modbus,Level 2
_result,2,2026-07-23 17:02:48+00:00,2026-07-23 22:48:25.083254+00:00,2026-07-23 21:12:43.189332+00:00,security_metrics,ml_engine,e07fec3b,-0.5,0.18927005958299375,1,0.001358384732156992,Stage 2 - ICS Impact,Damage to Property,T0828,Loss of Safety,Modbus,Level 2
_result,2,2026-07-23 17:02:48+00:00,2026-07-23 22:48:25.083254+00:00,2026-07-23 21:13:00.093010+00:00,security_metrics,ml_engine,e07fec3b,-0.5,0.1518636824187944,1,0.0015109910164028406,Stage 2 - ICS Impact,Damage to Property,T0828,Loss of Safety,Modbus,Level 2
_result,2,2026-07-23 17:02:48+00:00,2026-07-23 22:48:25.083254+00:00,2026-07-23 21:13:16.756039+00:00,security_metrics,ml_engine,e07fec3b,-0.5,0.14471307591646954,1,0.0025597107596695423,Stage 2 - ICS Impact,Damage to Property,T0828,Loss of Safety,Modbus,Level 2
_result,2,2026-07-23 17:02:48+00:00,2026-07-23 22:48:25.083254+00:00,2026-07-23 21:13:33.444642+00:00,security_metrics,ml_engine,e07fec3b,-0.5,0.05917624546433753,1,0.00404885970056057,Stage 2 - ICS Impact,Damage to Property,T0828,Loss of Safety,Modbus,Level 2
_result,2,2026-07-23 17:02:48+00:00,2026-07-23 22:48:25.083254+00:00,2026-07-23 21:13:50.318218+00:00,security_metrics,ml_engine,e07fec3b,-0.5,0.035028247429735315,1,0.004078691825270653,Stage 2 - ICS Impact,Damage to Property,T0828,Loss of Safety,Modbus,Level 2
_result,2,2026-07-23 17:02:48+00:00,2026-07-23 22:48:25.083254+00:00,2026-07-23 21:14:07.118212+00:00,security_metrics,ml_engine,e07fec3b,-0.5,0.14749443253730632,1,0.0028077249880880117,Stage 2 - ICS Impact,Damage to Property,T0828,Loss of Safety,Modbus,Level 2
_result,2,2026-07-23 17:02:48+00:00,2026-07-23 22:48:25.083254+00:00,2026-07-23 21:14:23.915972+00:00,security_metrics,ml_engine,e07fec3b,-0.5,0.20657158798719277,1,0.0010028911055997014,Stage 2 - ICS Impact,Damage to Property,T0828,Loss of Safety,Modbus,Level 2
_result,2,2026-07-23 17:02:48+00:00,2026-07-23 22:48:25.083254+00:00,2026-07-23 21:14:40.618300+00:00,security_metrics,ml_engine,e07fec3b,-0.5,0.20124154248670012,1,0.001261242083273828,Stage 2 - ICS Impact,Damage to Property,T0828,Loss of Safety,Modbus,Level 2
_result,2,2026-07-23 17:02:48+00:00,2026-07-23 22:48:25.083254+00:00,2026-07-23 21:14:57.582509+00:00,security_metrics,ml_engine,e07fec3b,-0.5,-0.007685664742601794,1,0.006665894761681557,Stage 2 - ICS Impact,Damage to Property,T0828,Loss of Safety,Modbus,Level 2
_result,2,2026-07-23 17:02:48+00:00,2026-07-23 22:48:25.083254+00:00,2026-07-23 21:15:14.329014+00:00,security_metrics,ml_engine,e07fec3b,-0.5,0.18971552908482064,1,0.011347987689077854,Stage 2 - ICS Impact,Damage to Property,T0828,Loss of Safety,Modbus,Level 2
_result,2,2026-07-23 17:02:48+00:00,2026-07-23 22:48:25.083254+00:00,2026-07-23 21:15:30.985674+00:00,security_metrics,ml_engine,e07fec3b,-0.5,0.17785886286993502,1,0.002942357910797,Stage 2 - ICS Impact,Damage to Property,T0828,Loss of Safety,Modbus,Level 2
_result,2,2026-07-23 17:02:48+00:00,2026-07-23 22:48:25.083254+00:00,2026-07-23 21:15:47.828083+00:00,security_metrics,ml_engine,e07fec3b,-0.5,0.18685914675294252,1,0.003200033912435174,Stage 2 - ICS Impact,Damage to Property,T0828,Loss of Safety,Modbus,Level 2
_result,2,2026-07-23 17:02:48+00:00,2026-07-23 22:48:25.083254+00:00,2026-07-23 21:16:04.499699+00:00,security_metrics,ml_engine,e07fec3b,-0.5,0.2007724792999404,1,0.006856582593172789,Stage 2 - ICS Impact,Damage to Property,T0828,Loss of Safety,Modbus,Level 2
_result,2,2026-07-23 17:02:48+00:00,2026-07-23 22:48:25.083254+00:00,2026-07-23 21:16:21.187149+00:00,security_metrics,ml_engine,e07fec3b,-0.5,0.013535719296913218,1,0.0036120873410254717,Stage 2 - ICS Impact,Damage to Property,T0828,Loss of Safety,Modbus,Level 2
_result,2,2026-07-23 17:02:48+00:00,2026-07-23 22:48:25.083254+00:00,2026-07-23 21:16:38.008829+00:00,security_metrics,ml_engine,e07fec3b,-0.5,0.16218480686241699,1,0.0027772116009145975,Stage 2 - ICS Impact,Damage to Property,T0828,Loss of Safety,Modbus,Level 2
_result,2,2026-07-23 17:02:48+00:00,2026-07-23 22:48:25.083254+00:00,2026-07-23 21:16:54.810863+00:00,security_metrics,ml_engine,e07fec3b,-0.5,0.1773974679441631,1,0.0023904230911284685,Stage 2 - ICS Impact,Damage to Property,T0828,Loss of Safety,Modbus,Level 2
_result,2,2026-07-23 17:02:48+00:00,2026-07-23 22:48:25.083254+00:00,2026-07-23 21:17:11.506691+00:00,security_metrics,ml_engine,e07fec3b,-0.5,0.15638054605064394,1,0.003148794872686267,Stage 2 - ICS Impact,Damage to Property,T0828,Loss of Safety,Modbus,Level 2
_result,2,2026-07-23 17:02:48+00:00,2026-07-23 22:48:25.083254+00:00,2026-07-23 21:17:28.197403+00:00,security_metrics,ml_engine,e07fec3b,-0.5,0.18457200517293793,1,0.004458514973521233,Stage 2 - ICS Impact,Damage to Property,T0828,Loss of Safety,Modbus,Level 2
_result,2,2026-07-23 17:02:48+00:00,2026-07-23 22:48:25.083254+00:00,2026-07-23 21:17:44.974955+00:00,security_metrics,ml_engine,e07fec3b,-0.5,0.18218493150545728,1,0.005808940157294273,Stage 2 - ICS Impact,Damage to Property,T0828,Loss of Safety,Modbus,Level 2
_result,2,2026-07-23 17:02:48+00:00,2026-07-23 22:48:25.083254+00:00,2026-07-23 21:18:01.658355+00:00,security_metrics,ml_engine,e07fec3b,-0.5,0.1821979621631355,1,0.0026196760591119528,Stage 2 - ICS Impact,Damage to Property,T0828,Loss of Safety,Modbus,Level 2
_result,2,2026-07-23 17:02:48+00:00,2026-07-23 22:48:25.083254+00:00,2026-07-23 21:18:18.341024+00:00,security_metrics,ml_engine,e07fec3b,-0.5,0.17617048627038867,1,0.0018982342444360256,Stage 2 - ICS Impact,Damage to Property,T0828,Loss of Safety,Modbus,Level 2
_result,2,2026-07-23 17:02:48+00:00,2026-07-23 22:48:25.083254+00:00,2026-07-23 21:18:35.185825+00:00,security_metrics,ml_engine,e07fec3b,-0.5,0.2051241726081478,1,0.0033250385895371437,Stage 2 - ICS Impact,Damage to Property,T0828,Loss of Safety,Modbus,Level 2
_result,2,2026-07-23 17:02:48+00:00,2026-07-23 22:48:25.083254+00:00,2026-07-23 21:18:51.844896+00:00,security_metrics,ml_engine,e07fec3b,-0.5,0.20666633350509045,1,0.002436817390844226,Stage 2 - ICS Impact,Damage to Property,T0828,Loss of Safety,Modbus,Level 2
_result,2,2026-07-23 17:02:48+00:00,2026-07-23 22:48:25.083254+00:00,2026-07-23 21:19:08.558624+00:00,security_metrics,ml_engine,e07fec3b,-0.5,0.1921301514505226,1,0.0024536980781704187,Stage 2 - ICS Impact,Damage to Property,T0828,Loss of Safety,Modbus,Level 2
_result,2,2026-07-23 17:02:48+00:00,2026-07-23 22:48:25.083254+00:00,2026-07-23 21:19:42.281850+00:00,security_metrics,ml_engine,e07fec3b,-0.5,0.0496975639703523,1,0.0064283800311386585,Stage 2 - ICS Impact,Damage to Property,T0828,Loss of Safety,Modbus,Level 2
_result,2,2026-07-23 17:02:48+00:00,2026-07-23 22:48:25.083254+00:00,2026-07-23 21:19:59.007426+00:00,security_metrics,ml_engine,e07fec3b,-0.5,0.12470769620540045,1,0.0030739540234208107,Stage 2 - ICS Impact,Damage to Property,T0828,Loss of Safety,Modbus,Level 2
_result,2,2026-07-23 17:02:48+00:00,2026-07-23 22:48:25.083254+00:00,2026-07-23 21:20:15.858708+00:00,security_metrics,ml_engine,e07fec3b,-0.5,0.1442266272863924,1,0.002790448721498251,Stage 2 - ICS Impact,Damage to Property,T0828,Loss of Safety,Modbus,Level 2
_result,2,2026-07-23 17:02:48+00:00,2026-07-23 22:48:25.083254+00:00,2026-07-23 21:20:32.576230+00:00,security_metrics,ml_engine,e07fec3b,-0.5,0.03087626495621143,1,0.006074792239814997,Stage 2 - ICS Impact,Damage to Property,T0828,Loss of Safety,Modbus,Level 2
_result,2,2026-07-23 17:02:48+00:00,2026-07-23 22:48:25.083254+00:00,2026-07-23 21:20:49.272336+00:00,security_metrics,ml_engine,e07fec3b,-0.5,0.1379513461251714,1,0.002230818383395672,Stage 2 - ICS Impact,Damage to Property,T0828,Loss of Safety,Modbus,Level 2
_result,2,2026-07-23 17:02:48+00:00,2026-07-23 22:48:25.083254+00:00,2026-07-23 21:21:05.955787+00:00,security_metrics,ml_engine,e07fec3b,-0.5,0.1694534038358655,1,0.0019721905700862408,Stage 2 - ICS Impact,Damage to Property,T0828,Loss of Safety,Modbus,Level 2
_result,2,2026-07-23 17:02:48+00:00,2026-07-23 22:48:25.083254+00:00,2026-07-23 21:21:22.768630+00:00,security_metrics,ml_engine,e07fec3b,-0.5,0.17139009931642735,1,0.004069403745234013,Stage 2 - ICS Impact,Damage to Property,T0828,Loss of Safety,Modbus,Level 2
_result,2,2026-07-23 17:02:48+00:00,2026-07-23 22:48:25.083254+00:00,2026-07-23 21:21:39.454941+00:00,security_metrics,ml_engine,e07fec3b,-0.5,0.17908847767962155,1,0.0015058021526783705,Stage 2 - ICS Impact,Damage to Property,T0828,Loss of Safety,Modbus,Level 2
_result,2,2026-07-23 17:02:48+00:00,2026-07-23 22:48:25.083254+00:00,2026-07-23 21:21:56.199392+00:00,security_metrics,ml_engine,e07fec3b,-0.5,0.09242809304336996,1,0.0027494197711348534,Stage 2 - ICS Impact,Damage to Property,T0828,Loss of Safety,Modbus,Level 2
_result,2,2026-07-23 17:02:48+00:00,2026-07-23 22:48:25.083254+00:00,2026-07-23 21:22:13.056654+00:00,security_metrics,ml_engine,e07fec3b,-0.5,0.1945512492276189,1,0.0032699229195713997,Stage 2 - ICS Impact,Damage to Property,T0828,Loss of Safety,Modbus,Level 2
_result,2,2026-07-23 17:02:48+00:00,2026-07-23 22:48:25.083254+00:00,2026-07-23 21:22:29.797597+00:00,security_metrics,ml_engine,e07fec3b,-0.5,0.11283790525349202,1,0.002231637481600046,Stage 2 - ICS Impact,Damage to Property,T0828,Loss of Safety,Modbus,Level 2
_result,2,2026-07-23 17:02:48+00:00,2026-07-23 22:48:25.083254+00:00,2026-07-23 21:22:46.577712+00:00,security_metrics,ml_engine,e07fec3b,-0.5,0.027060734833321054,1,0.003341815434396267,Stage 2 - ICS Impact,Damage to Property,T0828,Loss of Safety,Modbus,Level 2
_result,2,2026-07-23 17:02:48+00:00,2026-07-23 22:48:25.083254+00:00,2026-07-23 21:23:03.447407+00:00,security_metrics,ml_engine,e07fec3b,-0.5,0.18166471974292542,1,0.0032751793041825294,Stage 2 - ICS Impact,Damage to Property,T0828,Loss of Safety,Modbus,Level 2
_result,2,2026-07-23 17:02:48+00:00,2026-07-23 22:48:25.083254+00:00,2026-07-23 21:23:20.227055+00:00,security_metrics,ml_engine,e07fec3b,-0.5,0.16971408733061888,1,0.006541622802615166,Stage 2 - ICS Impact,Damage to Property,T0828,Loss of Safety,Modbus,Level 2
_result,2,2026-07-23 17:02:48+00:00,2026-07-23 22:48:25.083254+00:00,2026-07-23 21:23:36.980895+00:00,security_metrics,ml_engine,e07fec3b,-0.5,0.17459022338974123,1,0.002207755343988538,Stage 2 - ICS Impact,Damage to Property,T0828,Loss of Safety,Modbus,Level 2
_result,2,2026-07-23 17:02:48+00:00,2026-07-23 22:48:25.083254+00:00,2026-07-23 21:23:53.736517+00:00,security_metrics,ml_engine,e07fec3b,-0.5,0.15638093210136655,1,0.0014138950500637293,Stage 2 - ICS Impact,Damage to Property,T0828,Loss of Safety,Modbus,Level 2
_result,3,2026-07-23 17:02:48+00:00,2026-07-23 22:48:25.083254+00:00,2026-07-23 21:33:06.505370+00:00,security_metrics,ml_engine,f48278d9,-0.5,-0.00907820652938962,1,0.1473713368177414,Stage 2 - ICS Impact,Damage to Property,T0828,Loss of Safety,Modbus,Level 2
_result,3,2026-07-23 17:02:48+00:00,2026-07-23 22:48:25.083254+00:00,2026-07-23 22:07:30.100461+00:00,security_metrics,ml_engine,f48278d9,-0.5,0.1092045764173154,1,0.008660692721605301,Stage 2 - ICS Impact,Damage to Property,T0828,Loss of Safety,Modbus,Level 2
_result,3,2026-07-23 17:02:48+00:00,2026-07-23 22:48:25.083254+00:00,2026-07-23 22:07:46.950232+00:00,security_metrics,ml_engine,f48278d9,-0.5,0.18533339175615138,1,0.001857557101175189,Stage 2 - ICS Impact,Damage to Property,T0828,Loss of Safety,Modbus,Level 2
_result,3,2026-07-23 17:02:48+00:00,2026-07-23 22:48:25.083254+00:00,2026-07-23 22:08:03.710697+00:00,security_metrics,ml_engine,f48278d9,-0.5,0.01974132219007607,1,0.0025598425418138504,Stage 2 - ICS Impact,Damage to Property,T0828,Loss of Safety,Modbus,Level 2
_result,3,2026-07-23 17:02:48+00:00,2026-07-23 22:48:25.083254+00:00,2026-07-23 22:08:20.494731+00:00,security_metrics,ml_engine,f48278d9,-0.5,0.17690526647752075,1,0.0027440001722425222,Stage 2 - ICS Impact,Damage to Property,T0828,Loss of Safety,Modbus,Level 2
_result,3,2026-07-23 17:02:48+00:00,2026-07-23 22:48:25.083254+00:00,2026-07-23 22:08:37.200806+00:00,security_metrics,ml_engine,f48278d9,-0.5,0.13693132709858047,1,0.0033793223556131124,Stage 2 - ICS Impact,Damage to Property,T0828,Loss of Safety,Modbus,Level 2
_result,3,2026-07-23 17:02:48+00:00,2026-07-23 22:48:25.083254+00:00,2026-07-23 22:08:53.997677+00:00,security_metrics,ml_engine,f48278d9,-0.5,0.1349424345457817,1,0.0032365648075938225,Stage 2 - ICS Impact,Damage to Property,T0828,Loss of Safety,Modbus,Level 2
_result,3,2026-07-23 17:02:48+00:00,2026-07-23 22:48:25.083254+00:00,2026-07-23 22:09:10.695125+00:00,security_metrics,ml_engine,f48278d9,-0.5,0.0857662380837998,1,0.022242790088057518,Stage 2 - ICS Impact,Damage to Property,T0828,Loss of Safety,Modbus,Level 2
_result,3,2026-07-23 17:02:48+00:00,2026-07-23 22:48:25.083254+00:00,2026-07-23 22:09:27.400651+00:00,security_metrics,ml_engine,f48278d9,-0.5,0.1092045764173154,1,0.002498054876923561,Stage 2 - ICS Impact,Damage to Property,T0828,Loss of Safety,Modbus,Level 2
_result,3,2026-07-23 17:02:48+00:00,2026-07-23 22:48:25.083254+00:00,2026-07-23 22:09:44.214560+00:00,security_metrics,ml_engine,f48278d9,-0.5,0.18320892185749277,1,0.00041004919330589473,Stage 2 - ICS Impact,Damage to Property,T0828,Loss of Safety,Modbus,Level 2
_result,3,2026-07-23 17:02:48+00:00,2026-07-23 22:48:25.083254+00:00,2026-07-23 22:10:00.947935+00:00,security_metrics,ml_engine,f48278d9,-0.5,0.20483729021952074,1,0.003869808977469802,Stage 2 - ICS Impact,Damage to Property,T0828,Loss of Safety,Modbus,Level 2
_result,3,2026-07-23 17:02:48+00:00,2026-07-23 22:48:25.083254+00:00,2026-07-23 22:10:17.724584+00:00,security_metrics,ml_engine,f48278d9,-0.5,0.15560113203003206,1,0.004409598186612129,Stage 2 - ICS Impact,Damage to Property,T0828,Loss of Safety,Modbus,Level 2
_result,3,2026-07-23 17:02:48+00:00,2026-07-23 22:48:25.083254+00:00,2026-07-23 22:10:34.482696+00:00,security_metrics,ml_engine,f48278d9,-0.5,0.17960049530310673,1,0.0023938030935823917,Stage 2 - ICS Impact,Damage to Property,T0828,Loss of Safety,Modbus,Level 2
_result,3,2026-07-23 17:02:48+00:00,2026-07-23 22:48:25.083254+00:00,2026-07-23 22:10:51.186971+00:00,security_metrics,ml_engine,f48278d9,-0.5,0.15638054605064394,1,0.0029849770944565535,Stage 2 - ICS Impact,Damage to Property,T0828,Loss of Safety,Modbus,Level 2
_result,3,2026-07-23 17:02:48+00:00,2026-07-23 22:48:25.083254+00:00,2026-07-23 22:11:07.971920+00:00,security_metrics,ml_engine,f48278d9,-0.5,0.20454932188320024,1,0.002644002204760909,Stage 2 - ICS Impact,Damage to Property,T0828,Loss of Safety,Modbus,Level 2
_result,3,2026-07-23 17:02:48+00:00,2026-07-23 22:48:25.083254+00:00,2026-07-23 22:11:24.666124+00:00,security_metrics,ml_engine,f48278d9,-0.5,0.16397052492213338,1,0.002444509183987975,Stage 2 - ICS Impact,Damage to Property,T0828,Loss of Safety,Modbus,Level 2
_result,3,2026-07-23 17:02:48+00:00,2026-07-23 22:48:25.083254+00:00,2026-07-23 22:11:41.428605+00:00,security_metrics,ml_engine,f48278d9,-0.5,0.1998246459238287,1,0.002736726775765419,Stage 2 - ICS Impact,Damage to Property,T0828,Loss of Safety,Modbus,Level 2
_result,3,2026-07-23 17:02:48+00:00,2026-07-23 22:48:25.083254+00:00,2026-07-23 22:11:58.125752+00:00,security_metrics,ml_engine,f48278d9,-0.5,0.12869225465422263,1,0.0019102637888863683,Stage 2 - ICS Impact,Damage to Property,T0828,Loss of Safety,Modbus,Level 2
_result,3,2026-07-23 17:02:48+00:00,2026-07-23 22:48:25.083254+00:00,2026-07-23 22:12:14.876493+00:00,security_metrics,ml_engine,f48278d9,-0.5,0.10660234029759452,1,0.003102259011939168,Stage 2 - ICS Impact,Damage to Property,T0828,Loss of Safety,Modbus,Level 2
_result,3,2026-07-23 17:02:48+00:00,2026-07-23 22:48:25.083254+00:00,2026-07-23 22:12:31.652713+00:00,security_metrics,ml_engine,f48278d9,-0.5,0.19480965438852293,1,0.0020020960364490747,Stage 2 - ICS Impact,Damage to Property,T0828,Loss of Safety,Modbus,Level 2
_result,3,2026-07-23 17:02:48+00:00,2026-07-23 22:48:25.083254+00:00,2026-07-23 22:12:48.366547+00:00,security_metrics,ml_engine,f48278d9,-0.5,0.09858023241374614,1,0.005799520760774612,Stage 2 - ICS Impact,Damage to Property,T0828,Loss of Safety,Modbus,Level 2
_result,3,2026-07-23 17:02:48+00:00,2026-07-23 22:48:25.083254+00:00,2026-07-23 22:13:05.158888+00:00,security_metrics,ml_engine,f48278d9,-0.5,0.07762087237809545,1,0.0028890324756503105,Stage 2 - ICS Impact,Damage to Property,T0828,Loss of Safety,Modbus,Level 2
_result,3,2026-07-23 17:02:48+00:00,2026-07-23 22:48:25.083254+00:00,2026-07-23 22:13:21.824422+00:00,security_metrics,ml_engine,f48278d9,-0.5,0.16265583197489752,1,0.002319769002497196,Stage 2 - ICS Impact,Damage to Property,T0828,Loss of Safety,Modbus,Level 2
_result,3,2026-07-23 17:02:48+00:00,2026-07-23 22:48:25.083254+00:00,2026-07-23 22:14:28.887007+00:00,security_metrics,ml_engine,f48278d9,-0.5,0.1579570281841522,1,0.0017259246669709682,Stage 2 - ICS Impact,Damage to Property,T0828,Loss of Safety,Modbus,Level 2
_result,3,2026-07-23 17:02:48+00:00,2026-07-23 22:48:25.083254+00:00,2026-07-23 22:14:45.678771+00:00,security_metrics,ml_engine,f48278d9,-0.5,0.15618223113221302,1,0.003229960799217224,Stage 2 - ICS Impact,Damage to Property,T0828,Loss of Safety,Modbus,Level 2
_result,3,2026-07-23 17:02:48+00:00,2026-07-23 22:48:25.083254+00:00,2026-07-23 22:15:02.456973+00:00,security_metrics,ml_engine,f48278d9,-0.5,0.1899286393998555,1,0.0017254650592803955,Stage 2 - ICS Impact,Damage to Property,T0828,Loss of Safety,Modbus,Level 2
_result,3,2026-07-23 17:02:48+00:00,2026-07-23 22:48:25.083254+00:00,2026-07-23 22:15:19.271191+00:00,security_metrics,ml_engine,f48278d9,-0.5,0.06426868799529317,1,0.0023537585511803627,Stage 2 - ICS Impact,Damage to Property,T0828,Loss of Safety,Modbus,Level 2
_result,3,2026-07-23 17:02:48+00:00,2026-07-23 22:48:25.083254+00:00,2026-07-23 22:15:35.988725+00:00,security_metrics,ml_engine,f48278d9,-0.5,0.15175339903226914,1,0.0048388149589300156,Stage 2 - ICS Impact,Damage to Property,T0828,Loss of Safety,Modbus,Level 2
_result,3,2026-07-23 17:02:48+00:00,2026-07-23 22:48:25.083254+00:00,2026-07-23 22:15:52.832455+00:00,security_metrics,ml_engine,f48278d9,-0.5,0.16181177149844866,1,0.003010649001225829,Stage 2 - ICS Impact,Damage to Property,T0828,Loss of Safety,Modbus,Level 2
_result,3,2026-07-23 17:02:48+00:00,2026-07-23 22:48:25.083254+00:00,2026-07-23 22:16:09.581804+00:00,security_metrics,ml_engine,f48278d9,-0.5,0.06087351512298056,1,0.003494399134069681,Stage 2 - ICS Impact,Damage to Property,T0828,Loss of Safety,Modbus,Level 2
_result,3,2026-07-23 17:02:48+00:00,2026-07-23 22:48:25.083254+00:00,2026-07-23 22:16:26.316547+00:00,security_metrics,ml_engine,f48278d9,-0.5,0.1893515396607865,1,0.0026201591826975346,Stage 2 - ICS Impact,Damage to Property,T0828,Loss of Safety,Modbus,Level 2
_result,3,2026-07-23 17:02:48+00:00,2026-07-23 22:48:25.083254+00:00,2026-07-23 22:16:43.087212+00:00,security_metrics,ml_engine,f48278d9,-0.5,0.034091092992633465,1,0.0017070408212020993,Stage 2 - ICS Impact,Damage to Property,T0828,Loss of Safety,Modbus,Level 2
_result,3,2026-07-23 17:02:48+00:00,2026-07-23 22:48:25.083254+00:00,2026-07-23 22:16:59.850503+00:00,security_metrics,ml_engine,f48278d9,-0.5,0.09365425732657162,1,0.002005531219765544,Stage 2 - ICS Impact,Damage to Property,T0828,Loss of Safety,Modbus,Level 2
_result,3,2026-07-23 17:02:48+00:00,2026-07-23 22:48:25.083254+00:00,2026-07-23 22:17:16.656730+00:00,security_metrics,ml_engine,f48278d9,-0.5,0.17459022338974123,1,0.003141369903460145,Stage 2 - ICS Impact,Damage to Property,T0828,Loss of Safety,Modbus,Level 2
_result,3,2026-07-23 17:02:48+00:00,2026-07-23 22:48:25.083254+00:00,2026-07-23 22:17:33.414266+00:00,security_metrics,ml_engine,f48278d9,-0.5,0.10424954570217337,1,0.0046576629392802715,Stage 2 - ICS Impact,Damage to Property,T0828,Loss of Safety,Modbus,Level 2
_result,3,2026-07-23 17:02:48+00:00,2026-07-23 22:48:25.083254+00:00,2026-07-23 22:17:50.117155+00:00,security_metrics,ml_engine,f48278d9,-0.5,0.20124154248670012,1,0.0030012447386980057,Stage 2 - ICS Impact,Damage to Property,T0828,Loss of Safety,Modbus,Level 2
_result,3,2026-07-23 17:02:48+00:00,2026-07-23 22:48:25.083254+00:00,2026-07-23 22:18:06.955835+00:00,security_metrics,ml_engine,f48278d9,-0.5,0.06182734028736514,1,0.009286273270845413,Stage 2 - ICS Impact,Damage to Property,T0828,Loss of Safety,Modbus,Level 2
_result,3,2026-07-23 17:02:48+00:00,2026-07-23 22:48:25.083254+00:00,2026-07-23 22:18:23.723035+00:00,security_metrics,ml_engine,f48278d9,-0.5,0.18903528048441115,1,0.01192350871860981,Stage 2 - ICS Impact,Damage to Property,T0828,Loss of Safety,Modbus,Level 2
_result,3,2026-07-23 17:02:48+00:00,2026-07-23 22:48:25.083254+00:00,2026-07-23 22:18:40.533898+00:00,security_metrics,ml_engine,f48278d9,-0.5,0.12401965489775413,1,0.002149246633052826,Stage 2 - ICS Impact,Damage to Property,T0828,Loss of Safety,Modbus,Level 2
_result,3,2026-07-23 17:02:48+00:00,2026-07-23 22:48:25.083254+00:00,2026-07-23 22:18:57.331591+00:00,security_metrics,ml_engine,f48278d9,-0.5,0.08476357516298072,1,0.0016041825292631984,Stage 2 - ICS Impact,Damage to Property,T0828,Loss of Safety,Modbus,Level 2
_result,3,2026-07-23 17:02:48+00:00,2026-07-23 22:48:25.083254+00:00,2026-07-23 22:19:14.202064+00:00,security_metrics,ml_engine,f48278d9,-0.5,0.11869790312724293,1,0.002139979973435402,Stage 2 - ICS Impact,Damage to Property,T0828,Loss of Safety,Modbus,Level 2
_result,3,2026-07-23 17:02:48+00:00,2026-07-23 22:48:25.083254+00:00,2026-07-23 22:19:30.969197+00:00,security_metrics,ml_engine,f48278d9,-0.5,0.11279909648682851,1,0.0014187793713063002,Stage 2 - ICS Impact,Damage to Property,T0828,Loss of Safety,Modbus,Level 2
_result,3,2026-07-23 17:02:48+00:00,2026-07-23 22:48:25.083254+00:00,2026-07-23 22:19:47.751896+00:00,security_metrics,ml_engine,f48278d9,-0.5,0.18542141799131834,1,0.0013109947321936488,Stage 2 - ICS Impact,Damage to Property,T0828,Loss of Safety,Modbus,Level 2
_result,3,2026-07-23 17:02:48+00:00,2026-07-23 22:48:25.083254+00:00,2026-07-23 22:20:04.601297+00:00,security_metrics,ml_engine,f48278d9,-0.5,0.17028728689064504,1,0.0032589519396424294,Stage 2 - ICS Impact,Damage to Property,T0828,Loss of Safety,Modbus,Level 2
_result,3,2026-07-23 17:02:48+00:00,2026-07-23 22:48:25.083254+00:00,2026-07-23 22:21:11.752419+00:00,security_metrics,ml_engine,f48278d9,-0.5,0.07592101286827702,1,0.002329888055101037,Stage 2 - ICS Impact,Damage to Property,T0828,Loss of Safety,Modbus,Level 2
_result,3,2026-07-23 17:02:48+00:00,2026-07-23 22:48:25.083254+00:00,2026-07-23 22:21:28.558762+00:00,security_metrics,ml_engine,f48278d9,-0.5,0.05189360496462536,1,0.0018603682983666658,Stage 2 - ICS Impact,Damage to Property,T0828,Loss of Safety,Modbus,Level 2
_result,3,2026-07-23 17:02:48+00:00,2026-07-23 22:48:25.083254+00:00,2026-07-23 22:21:45.291831+00:00,security_metrics,ml_engine,f48278d9,-0.5,0.19540429442072849,1,0.006048366893082857,Stage 2 - ICS Impact,Damage to Property,T0828,Loss of Safety,Modbus,Level 2
_result,3,2026-07-23 17:02:48+00:00,2026-07-23 22:48:25.083254+00:00,2026-07-23 22:22:02.137745+00:00,security_metrics,ml_engine,f48278d9,-0.5,0.1826326006947135,1,0.003088617231696844,Stage 2 - ICS Impact,Damage to Property,T0828,Loss of Safety,Modbus,Level 2
_result,3,2026-07-23 17:02:48+00:00,2026-07-23 22:48:25.083254+00:00,2026-07-23 22:22:18.866389+00:00,security_metrics,ml_engine,f48278d9,-0.5,0.1515591431342353,1,0.003128589363768697,Stage 2 - ICS Impact,Damage to Property,T0828,Loss of Safety,Modbus,Level 2
_result,3,2026-07-23 17:02:48+00:00,2026-07-23 22:48:25.083254+00:00,2026-07-23 22:22:35.605075+00:00,security_metrics,ml_engine,f48278d9,-0.5,0.16106380034471912,1,0.0021188550163060427,Stage 2 - ICS Impact,Damage to Property,T0828,Loss of Safety,Modbus,Level 2
_result,3,2026-07-23 17:02:48+00:00,2026-07-23 22:48:25.083254+00:00,2026-07-23 22:22:52.430252+00:00,security_metrics,ml_engine,f48278d9,-0.5,0.19784892312101515,1,0.0019557133782655,Stage 2 - ICS Impact,Damage to Property,T0828,Loss of Safety,Modbus,Level 2
_result,3,2026-07-23 17:02:48+00:00,2026-07-23 22:48:25.083254+00:00,2026-07-23 22:23:09.208239+00:00,security_metrics,ml_engine,f48278d9,-0.5,0.20182417730261054,1,0.0016617767978459597,Stage 2 - ICS Impact,Damage to Property,T0828,Loss of Safety,Modbus,Level 2
_result,3,2026-07-23 17:02:48+00:00,2026-07-23 22:48:25.083254+00:00,2026-07-23 22:23:26.036265+00:00,security_metrics,ml_engine,f48278d9,-0.5,0.20248484881999823,1,0.0013939705677330494,Stage 2 - ICS Impact,Damage to Property,T0828,Loss of Safety,Modbus,Level 2
_result,3,2026-07-23 17:02:48+00:00,2026-07-23 22:48:25.083254+00:00,2026-07-23 22:23:42.815366+00:00,security_metrics,ml_engine,f48278d9,-0.5,0.19480965438852293,1,0.00253983773291111,Stage 2 - ICS Impact,Damage to Property,T0828,Loss of Safety,Modbus,Level 2
_result,3,2026-07-23 17:02:48+00:00,2026-07-23 22:48:25.083254+00:00,2026-07-23 22:23:59.580651+00:00,security_metrics,ml_engine,f48278d9,-0.5,0.18903528048441115,1,0.004110390320420265,Stage 2 - ICS Impact,Damage to Property,T0828,Loss of Safety,Modbus,Level 2
_result,3,2026-07-23 17:02:48+00:00,2026-07-23 22:48:25.083254+00:00,2026-07-23 22:24:16.435097+00:00,security_metrics,ml_engine,f48278d9,-0.5,0.1957311075235355,1,0.0030102732125669718,Stage 2 - ICS Impact,Damage to Property,T0828,Loss of Safety,Modbus,Level 2
_result,3,2026-07-23 17:02:48+00:00,2026-07-23 22:48:25.083254+00:00,2026-07-23 22:24:33.226452+00:00,security_metrics,ml_engine,f48278d9,-0.5,0.025083461911783345,1,0.0034344433806836605,Stage 2 - ICS Impact,Damage to Property,T0828,Loss of Safety,Modbus,Level 2
_result,3,2026-07-23 17:02:48+00:00,2026-07-23 22:48:25.083254+00:00,2026-07-23 22:24:50.066741+00:00,security_metrics,ml_engine,f48278d9,-0.5,0.16426718029419346,1,0.0028543698135763407,Stage 2 - ICS Impact,Damage to Property,T0828,Loss of Safety,Modbus,Level 2
_result,3,2026-07-23 17:02:48+00:00,2026-07-23 22:48:25.083254+00:00,2026-07-23 22:25:06.839315+00:00,security_metrics,ml_engine,f48278d9,-0.5,0.15018620976531827,1,0.002293093129992485,Stage 2 - ICS Impact,Damage to Property,T0828,Loss of Safety,Modbus,Level 2
_result,3,2026-07-23 17:02:48+00:00,2026-07-23 22:48:25.083254+00:00,2026-07-23 22:25:23.686124+00:00,security_metrics,ml_engine,f48278d9,-0.5,0.12533844074126266,1,0.0020540019031614065,Stage 2 - ICS Impact,Damage to Property,T0828,Loss of Safety,Modbus,Level 2
_result,3,2026-07-23 17:02:48+00:00,2026-07-23 22:48:25.083254+00:00,2026-07-23 22:25:40.471733+00:00,security_metrics,ml_engine,f48278d9,-0.5,0.15856277657978296,1,0.002889049705117941,Stage 2 - ICS Impact,Damage to Property,T0828,Loss of Safety,Modbus,Level 2
_result,3,2026-07-23 17:02:48+00:00,2026-07-23 22:48:25.083254+00:00,2026-07-23 22:25:57.273783+00:00,security_metrics,ml_engine,f48278d9,-0.5,0.20437414853929448,1,0.002900636987760663,Stage 2 - ICS Impact,Damage to Property,T0828,Loss of Safety,Modbus,Level 2
_result,3,2026-07-23 17:02:48+00:00,2026-07-23 22:48:25.083254+00:00,2026-07-23 22:26:14.140282+00:00,security_metrics,ml_engine,f48278d9,-0.5,0.16511822738664705,1,0.003179294988512993,Stage 2 - ICS Impact,Damage to Property,T0828,Loss of Safety,Modbus,Level 2
_result,3,2026-07-23 17:02:48+00:00,2026-07-23 22:48:25.083254+00:00,2026-07-23 22:26:30.937405+00:00,security_metrics,ml_engine,f48278d9,-0.5,0.20666633350509045,1,0.002051546238362789,Stage 2 - ICS Impact,Damage to Property,T0828,Loss of Safety,Modbus,Level 2
_result,3,2026-07-23 17:02:48+00:00,2026-07-23 22:48:25.083254+00:00,2026-07-23 22:26:47.803184+00:00,security_metrics,ml_engine,f48278d9,-0.5,0.17442470886123546,1,0.00041331647662445903,Stage 2 - ICS Impact,Damage to Property,T0828,Loss of Safety,Modbus,Level 2
_result,3,2026-07-23 17:02:48+00:00,2026-07-23 22:48:25.083254+00:00,2026-07-23 22:27:04.594274+00:00,security_metrics,ml_engine,f48278d9,-0.5,0.1867506091119741,1,0.003090005600824952,Stage 2 - ICS Impact,Damage to Property,T0828,Loss of Safety,Modbus,Level 2
_result,3,2026-07-23 17:02:48+00:00,2026-07-23 22:48:25.083254+00:00,2026-07-23 22:27:21.367343+00:00,security_metrics,ml_engine,f48278d9,-0.5,0.20173168449384188,1,0.0025577503256499767,Stage 2 - ICS Impact,Damage to Property,T0828,Loss of Safety,Modbus,Level 2
_result,3,2026-07-23 17:02:48+00:00,2026-07-23 22:48:25.083254+00:00,2026-07-23 22:27:38.198851+00:00,security_metrics,ml_engine,f48278d9,-0.5,0.1212507566264216,1,0.0021847542375326157,Stage 2 - ICS Impact,Damage to Property,T0828,Loss of Safety,Modbus,Level 2
_result,3,2026-07-23 17:02:48+00:00,2026-07-23 22:48:25.083254+00:00,2026-07-23 22:27:55.050272+00:00,security_metrics,ml_engine,f48278d9,-0.5,0.10068334892504427,1,0.0020084111019968987,Stage 2 - ICS Impact,Damage to Property,T0828,Loss of Safety,Modbus,Level 2
_result,3,2026-07-23 17:02:48+00:00,2026-07-23 22:48:25.083254+00:00,2026-07-23 22:28:45.518223+00:00,security_metrics,ml_engine,f48278d9,-0.5,0.14496998965854385,1,0.0035939801018685102,Stage 2 - ICS Impact,Damage to Property,T0828,Loss of Safety,Modbus,Level 2
_result,3,2026-07-23 17:02:48+00:00,2026-07-23 22:48:25.083254+00:00,2026-07-23 22:29:02.392743+00:00,security_metrics,ml_engine,f48278d9,-0.5,0.18014768021799116,1,0.002204308519139886,Stage 2 - ICS Impact,Damage to Property,T0828,Loss of Safety,Modbus,Level 2
_result,3,2026-07-23 17:02:48+00:00,2026-07-23 22:48:25.083254+00:00,2026-07-23 22:29:19.137193+00:00,security_metrics,ml_engine,f48278d9,-0.5,0.19243433122819475,1,0.001417395193129778,Stage 2 - ICS Impact,Damage to Property,T0828,Loss of Safety,Modbus,Level 2
_result,3,2026-07-23 17:02:48+00:00,2026-07-23 22:48:25.083254+00:00,2026-07-23 22:29:35.962576+00:00,security_metrics,ml_engine,f48278d9,-0.5,0.15241257135145242,1,0.00041408996912650764,Stage 2 - ICS Impact,Damage to Property,T0828,Loss of Safety,Modbus,Level 2
_result,3,2026-07-23 17:02:48+00:00,2026-07-23 22:48:25.083254+00:00,2026-07-23 22:29:52.756914+00:00,security_metrics,ml_engine,f48278d9,-0.5,0.1861526955940349,1,0.0027940094005316496,Stage 2 - ICS Impact,Damage to Property,T0828,Loss of Safety,Modbus,Level 2
_result,3,2026-07-23 17:02:48+00:00,2026-07-23 22:48:25.083254+00:00,2026-07-23 22:30:09.515359+00:00,security_metrics,ml_engine,f48278d9,-0.5,0.1773974679441631,1,0.0015703513054177165,Stage 2 - ICS Impact,Damage to Property,T0828,Loss of Safety,Modbus,Level 2
_result,3,2026-07-23 17:02:48+00:00,2026-07-23 22:48:25.083254+00:00,2026-07-23 22:30:26.394104+00:00,security_metrics,ml_engine,f48278d9,-0.5,0.1747433120674874,1,0.002558828564360738,Stage 2 - ICS Impact,Damage to Property,T0828,Loss of Safety,Modbus,Level 2
_result,3,2026-07-23 17:02:48+00:00,2026-07-23 22:48:25.083254+00:00,2026-07-23 22:30:43.204211+00:00,security_metrics,ml_engine,f48278d9,-0.5,0.13915889352610894,1,0.0014147567562758923,Stage 2 - ICS Impact,Damage to Property,T0828,Loss of Safety,Modbus,Level 2
_result,3,2026-07-23 17:02:48+00:00,2026-07-23 22:48:25.083254+00:00,2026-07-23 22:31:00.075186+00:00,security_metrics,ml_engine,f48278d9,-0.5,0.17856345321621842,1,0.0016024942742660642,Stage 2 - ICS Impact,Damage to Property,T0828,Loss of Safety,Modbus,Level 2
_result,3,2026-07-23 17:02:48+00:00,2026-07-23 22:48:25.083254+00:00,2026-07-23 22:31:16.853132+00:00,security_metrics,ml_engine,f48278d9,-0.5,0.17701776473778963,1,0.002925517037510872,Stage 2 - ICS Impact,Damage to Property,T0828,Loss of Safety,Modbus,Level 2
_result,3,2026-07-23 17:02:48+00:00,2026-07-23 22:48:25.083254+00:00,2026-07-23 22:31:33.719930+00:00,security_metrics,ml_engine,f48278d9,-0.5,0.16250347109504093,1,0.0009684674441814423,Stage 2 - ICS Impact,Damage to Property,T0828,Loss of Safety,Modbus,Level 2
_result,3,2026-07-23 17:02:48+00:00,2026-07-23 22:48:25.083254+00:00,2026-07-23 22:31:50.630601+00:00,security_metrics,ml_engine,f48278d9,-0.5,0.2063303233172209,1,0.002791274106130004,Stage 2 - ICS Impact,Damage to Property,T0828,Loss of Safety,Modbus,Level 2
_result,3,2026-07-23 17:02:48+00:00,2026-07-23 22:48:25.083254+00:00,2026-07-23 22:32:07.470998+00:00,security_metrics,ml_engine,f48278d9,-0.5,0.19047368602875198,1,0.0019185713026672602,Stage 2 - ICS Impact,Damage to Property,T0828,Loss of Safety,Modbus,Level 2
_result,3,2026-07-23 17:02:48+00:00,2026-07-23 22:48:25.083254+00:00,2026-07-23 22:32:24.392473+00:00,security_metrics,ml_engine,f48278d9,-0.5,0.2026961995408526,1,0.00209515611641109,Stage 2 - ICS Impact,Damage to Property,T0828,Loss of Safety,Modbus,Level 2
_result,3,2026-07-23 17:02:48+00:00,2026-07-23 22:48:25.083254+00:00,2026-07-23 22:32:41.231466+00:00,security_metrics,ml_engine,f48278d9,-0.5,0.15954279572674857,1,0.0013243735302239656,Stage 2 - ICS Impact,Damage to Property,T0828,Loss of Safety,Modbus,Level 2
_result,3,2026-07-23 17:02:48+00:00,2026-07-23 22:48:25.083254+00:00,2026-07-23 22:32:58.061049+00:00,security_metrics,ml_engine,f48278d9,-0.5,0.2035328342855502,1,0.003221461782231927,Stage 2 - ICS Impact,Damage to Property,T0828,Loss of Safety,Modbus,Level 2
_result,3,2026-07-23 17:02:48+00:00,2026-07-23 22:48:25.083254+00:00,2026-07-23 22:33:15.017666+00:00,security_metrics,ml_engine,f48278d9,-0.5,0.06470099059694545,1,0.0032468063291162252,Stage 2 - ICS Impact,Damage to Property,T0828,Loss of Safety,Modbus,Level 2
_result,3,2026-07-23 17:02:48+00:00,2026-07-23 22:48:25.083254+00:00,2026-07-23 22:33:31.835491+00:00,security_metrics,ml_engine,f48278d9,-0.5,0.1827475963672796,1,0.004207557067275047,Stage 2 - ICS Impact,Damage to Property,T0828,Loss of Safety,Modbus,Level 2
_result,3,2026-07-23 17:02:48+00:00,2026-07-23 22:48:25.083254+00:00,2026-07-23 22:33:48.789113+00:00,security_metrics,ml_engine,f48278d9,-0.5,0.06534583715016162,1,0.0025596851482987404,Stage 2 - ICS Impact,Damage to Property,T0828,Loss of Safety,Modbus,Level 2
_result,3,2026-07-23 17:02:48+00:00,2026-07-23 22:48:25.083254+00:00,2026-07-23 22:34:05.628092+00:00,security_metrics,ml_engine,f48278d9,-0.5,0.17273997668853452,1,0.002491414314135909,Stage 2 - ICS Impact,Damage to Property,T0828,Loss of Safety,Modbus,Level 2
_result,3,2026-07-23 17:02:48+00:00,2026-07-23 22:48:25.083254+00:00,2026-07-23 22:34:22.484861+00:00,security_metrics,ml_engine,f48278d9,-0.5,0.07644998790402924,1,0.003759997896850109,Stage 2 - ICS Impact,Damage to Property,T0828,Loss of Safety,Modbus,Level 2
_result,3,2026-07-23 17:02:48+00:00,2026-07-23 22:48:25.083254+00:00,2026-07-23 22:34:39.307356+00:00,security_metrics,ml_engine,f48278d9,-0.5,0.11972243652840164,1,0.00225200317800045,Stage 2 - ICS Impact,Damage to Property,T0828,Loss of Safety,Modbus,Level 2
_result,3,2026-07-23 17:02:48+00:00,2026-07-23 22:48:25.083254+00:00,2026-07-23 22:34:56.155764+00:00,security_metrics,ml_engine,f48278d9,-0.5,0.08675602345837852,1,0.16556397080421448,Stage 2 - ICS Impact,Damage to Property,T0828,Loss of Safety,Modbus,Level 2
_result,3,2026-07-23 17:02:48+00:00,2026-07-23 22:48:25.083254+00:00,2026-07-23 22:35:13.049525+00:00,security_metrics,ml_engine,f48278d9,-0.5,-0.06992316221583605,1,0.11607000231742859,Stage 2 - ICS Impact,Damage to Property,T0828,Loss of Safety,Modbus,Level 2
_result,3,2026-07-23 17:02:48+00:00,2026-07-23 22:48:25.083254+00:00,2026-07-23 22:35:29.873546+00:00,security_metrics,ml_engine,f48278d9,-0.5,0.06080323525790832,1,0.21079280972480774,Stage 2 - ICS Impact,Damage to Property,T0828,Loss of Safety,Modbus,Level 2
_result,3,2026-07-23 17:02:48+00:00,2026-07-23 22:48:25.083254+00:00,2026-07-23 22:35:46.710190+00:00,security_metrics,ml_engine,f48278d9,-0.5,0.19480965438852293,1,0.0026193747762590647,Stage 2 - ICS Impact,Damage to Property,T0828,Loss of Safety,Modbus,Level 2
_result,3,2026-07-23 17:02:48+00:00,2026-07-23 22:48:25.083254+00:00,2026-07-23 22:36:03.480303+00:00,security_metrics,ml_engine,f48278d9,-0.5,0.19905716295712467,1,0.002374323783442378,Stage 2 - ICS Impact,Damage to Property,T0828,Loss of Safety,Modbus,Level 2
_result,3,2026-07-23 17:02:48+00:00,2026-07-23 22:48:25.083254+00:00,2026-07-23 22:36:20.329635+00:00,security_metrics,ml_engine,f48278d9,-0.5,0.12348859474360696,1,0.002908824011683464,Stage 2 - ICS Impact,Damage to Property,T0828,Loss of Safety,Modbus,Level 2
_result,3,2026-07-23 17:02:48+00:00,2026-07-23 22:48:25.083254+00:00,2026-07-23 22:36:37.119117+00:00,security_metrics,ml_engine,f48278d9,-0.5,0.1747433120674874,1,0.002881814492866397,Stage 2 - ICS Impact,Damage to Property,T0828,Loss of Safety,Modbus,Level 2
_result,3,2026-07-23 17:02:48+00:00,2026-07-23 22:48:25.083254+00:00,2026-07-23 22:36:53.868739+00:00,security_metrics,ml_engine,f48278d9,-0.5,0.18185256708250563,1,0.0013791949022561312,Stage 2 - ICS Impact,Damage to Property,T0828,Loss of Safety,Modbus,Level 2
_result,3,2026-07-23 17:02:48+00:00,2026-07-23 22:48:25.083254+00:00,2026-07-23 22:37:10.735856+00:00,security_metrics,ml_engine,f48278d9,-0.5,0.14749443253730632,1,0.002273741876706481,Stage 2 - ICS Impact,Damage to Property,T0828,Loss of Safety,Modbus,Level 2
_result,3,2026-07-23 17:02:48+00:00,2026-07-23 22:48:25.083254+00:00,2026-07-23 22:37:27.493999+00:00,security_metrics,ml_engine,f48278d9,-0.5,0.18014768021799116,1,0.002660909900441766,Stage 2 - ICS Impact,Damage to Property,T0828,Loss of Safety,Modbus,Level 2
_result,3,2026-07-23 17:02:48+00:00,2026-07-23 22:48:25.083254+00:00,2026-07-23 22:37:44.408386+00:00,security_metrics,ml_engine,f48278d9,-0.5,0.14769948174185732,1,0.00736199039965868,Stage 2 - ICS Impact,Damage to Property,T0828,Loss of Safety,Modbus,Level 2
_result,3,2026-07-23 17:02:48+00:00,2026-07-23 22:48:25.083254+00:00,2026-07-23 22:38:01.185375+00:00,security_metrics,ml_engine,f48278d9,-0.5,0.19402792179048234,1,0.005557423457503319,Stage 2 - ICS Impact,Damage to Property,T0828,Loss of Safety,Modbus,Level 2
_result,3,2026-07-23 17:02:48+00:00,2026-07-23 22:48:25.083254+00:00,2026-07-23 22:38:18.004629+00:00,security_metrics,ml_engine,f48278d9,-0.5,0.1867506091119741,1,0.0033455288503319025,Stage 2 - ICS Impact,Damage to Property,T0828,Loss of Safety,Modbus,Level 2
_result,3,2026-07-23 17:02:48+00:00,2026-07-23 22:48:25.083254+00:00,2026-07-23 22:38:34.863079+00:00,security_metrics,ml_engine,f48278d9,-0.5,0.19858553631150655,1,0.0014462784165516496,Stage 2 - ICS Impact,Damage to Property,T0828,Loss of Safety,Modbus,Level 2
_result,3,2026-07-23 17:02:48+00:00,2026-07-23 22:48:25.083254+00:00,2026-07-23 22:38:51.655344+00:00,security_metrics,ml_engine,f48278d9,-0.5,0.1957311075235355,1,0.0031250682659447193,Stage 2 - ICS Impact,Damage to Property,T0828,Loss of Safety,Modbus,Level 2
_result,3,2026-07-23 17:02:48+00:00,2026-07-23 22:48:25.083254+00:00,2026-07-23 22:39:08.468611+00:00,security_metrics,ml_engine,f48278d9,-0.5,0.19541141854250005,1,0.0025575351901352406,Stage 2 - ICS Impact,Damage to Property,T0828,Loss of Safety,Modbus,Level 2
_result,3,2026-07-23 17:02:48+00:00,2026-07-23 22:48:25.083254+00:00,2026-07-23 22:39:25.365108+00:00,security_metrics,ml_engine,f48278d9,-0.5,0.1415444992682896,1,0.0004124749393668026,Stage 2 - ICS Impact,Damage to Property,T0828,Loss of Safety,Modbus,Level 2
_result,3,2026-07-23 17:02:48+00:00,2026-07-23 22:48:25.083254+00:00,2026-07-23 22:39:42.318291+00:00,security_metrics,ml_engine,f48278d9,-0.5,0.2051241726081478,1,0.002492989879101515,Stage 2 - ICS Impact,Damage to Property,T0828,Loss of Safety,Modbus,Level 2
_result,3,2026-07-23 17:02:48+00:00,2026-07-23 22:48:25.083254+00:00,2026-07-23 22:39:59.102876+00:00,security_metrics,ml_engine,f48278d9,-0.5,0.1696428377352191,1,0.0020122367423027754,Stage 2 - ICS Impact,Damage to Property,T0828,Loss of Safety,Modbus,Level 2
_result,3,2026-07-23 17:02:48+00:00,2026-07-23 22:48:25.083254+00:00,2026-07-23 22:40:15.859221+00:00,security_metrics,ml_engine,f48278d9,-0.5,0.08644838039612468,1,0.003043285571038723,Stage 2 - ICS Impact,Damage to Property,T0828,Loss of Safety,Modbus,Level 2
_result,3,2026-07-23 17:02:48+00:00,2026-07-23 22:48:25.083254+00:00,2026-07-23 22:40:32.736573+00:00,security_metrics,ml_engine,f48278d9,-0.5,0.1865814286704695,1,0.0013830489479005337,Stage 2 - ICS Impact,Damage to Property,T0828,Loss of Safety,Modbus,Level 2
_result,3,2026-07-23 17:02:48+00:00,2026-07-23 22:48:25.083254+00:00,2026-07-23 22:40:49.532771+00:00,security_metrics,ml_engine,f48278d9,-0.5,0.03878263779452695,1,0.0034783000592142344,Stage 2 - ICS Impact,Damage to Property,T0828,Loss of Safety,Modbus,Level 2
_result,3,2026-07-23 17:02:48+00:00,2026-07-23 22:48:25.083254+00:00,2026-07-23 22:41:06.363082+00:00,security_metrics,ml_engine,f48278d9,-0.5,0.19640793396053546,1,0.003322141245007515,Stage 2 - ICS Impact,Damage to Property,T0828,Loss of Safety,Modbus,Level 2
_result,3,2026-07-23 17:02:48+00:00,2026-07-23 22:48:25.083254+00:00,2026-07-23 22:41:23.120390+00:00,security_metrics,ml_engine,f48278d9,-0.5,0.2059861258713746,1,0.001913127489387989,Stage 2 - ICS Impact,Damage to Property,T0828,Loss of Safety,Modbus,Level 2
_result,3,2026-07-23 17:02:48+00:00,2026-07-23 22:48:25.083254+00:00,2026-07-23 22:41:39.881507+00:00,security_metrics,ml_engine,f48278d9,-0.5,0.09761386560045715,1,0.002958552213385701,Stage 2 - ICS Impact,Damage to Property,T0828,Loss of Safety,Modbus,Level 2
_result,3,2026-07-23 17:02:48+00:00,2026-07-23 22:48:25.083254+00:00,2026-07-23 22:41:56.728857+00:00,security_metrics,ml_engine,f48278d9,-0.5,0.19451603028311054,1,0.002935039345175028,Stage 2 - ICS Impact,Damage to Property,T0828,Loss of Safety,Modbus,Level 2
_result,3,2026-07-23 17:02:48+00:00,2026-07-23 22:48:25.083254+00:00,2026-07-23 22:42:13.504513+00:00,security_metrics,ml_engine,f48278d9,-0.5,0.19243433122819475,1,0.0021340453531593084,Stage 2 - ICS Impact,Damage to Property,T0828,Loss of Safety,Modbus,Level 2
_result,3,2026-07-23 17:02:48+00:00,2026-07-23 22:48:25.083254+00:00,2026-07-23 22:42:30.422364+00:00,security_metrics,ml_engine,f48278d9,-0.5,0.20182417730261054,1,0.0034415810368955135,Stage 2 - ICS Impact,Damage to Property,T0828,Loss of Safety,Modbus,Level 2
_result,3,2026-07-23 17:02:48+00:00,2026-07-23 22:48:25.083254+00:00,2026-07-23 22:42:47.209732+00:00,security_metrics,ml_engine,f48278d9,-0.5,0.1944582225960475,1,0.002106405794620514,Stage 2 - ICS Impact,Damage to Property,T0828,Loss of Safety,Modbus,Level 2
_result,3,2026-07-23 17:02:48+00:00,2026-07-23 22:48:25.083254+00:00,2026-07-23 22:43:04.001752+00:00,security_metrics,ml_engine,f48278d9,-0.5,0.19784892312101515,1,0.003067702054977417,Stage 2 - ICS Impact,Damage to Property,T0828,Loss of Safety,Modbus,Level 2
_result,3,2026-07-23 17:02:48+00:00,2026-07-23 22:48:25.083254+00:00,2026-07-23 22:43:20.862379+00:00,security_metrics,ml_engine,f48278d9,-0.5,0.013485518199276347,1,0.1027047410607338,Stage 2 - ICS Impact,Damage to Property,T0828,Loss of Safety,Modbus,Level 2
_result,3,2026-07-23 17:02:48+00:00,2026-07-23 22:48:25.083254+00:00,2026-07-23 22:43:37.643540+00:00,security_metrics,ml_engine,f48278d9,-0.5,0.15224985192580803,1,0.020656000822782516,Stage 2 - ICS Impact,Damage to Property,T0828,Loss of Safety,Modbus,Level 2
_result,3,2026-07-23 17:02:48+00:00,2026-07-23 22:48:25.083254+00:00,2026-07-23 22:43:54.542713+00:00,security_metrics,ml_engine,f48278d9,-0.5,0.19469044986457856,1,0.002843225607648492,Stage 2 - ICS Impact,Damage to Property,T0828,Loss of Safety,Modbus,Level 2
_result,3,2026-07-23 17:02:48+00:00,2026-07-23 22:48:25.083254+00:00,2026-07-23 22:44:11.382489+00:00,security_metrics,ml_engine,f48278d9,-0.5,0.09159533300511191,1,0.0015136492438614368,Stage 2 - ICS Impact,Damage to Property,T0828,Loss of Safety,Modbus,Level 2
_result,3,2026-07-23 17:02:48+00:00,2026-07-23 22:48:25.083254+00:00,2026-07-23 22:44:28.174087+00:00,security_metrics,ml_engine,f48278d9,-0.5,0.16157403904265194,1,0.002535599982365966,Stage 2 - ICS Impact,Damage to Property,T0828,Loss of Safety,Modbus,Level 2
_result,3,2026-07-23 17:02:48+00:00,2026-07-23 22:48:25.083254+00:00,2026-07-23 22:44:45.058790+00:00,security_metrics,ml_engine,f48278d9,-0.5,0.14749443253730632,1,0.003129583550617099,Stage 2 - ICS Impact,Damage to Property,T0828,Loss of Safety,Modbus,Level 2
_result,3,2026-07-23 17:02:48+00:00,2026-07-23 22:48:25.083254+00:00,2026-07-23 22:45:01.908573+00:00,security_metrics,ml_engine,f48278d9,-0.5,0.12043725112920334,1,0.001421824679709971,Stage 2 - ICS Impact,Damage to Property,T0828,Loss of Safety,Modbus,Level 2
_result,3,2026-07-23 17:02:48+00:00,2026-07-23 22:48:25.083254+00:00,2026-07-23 22:45:18.906781+00:00,security_metrics,ml_engine,f48278d9,-0.5,0.12107749358876407,1,0.0013418156886473298,Stage 2 - ICS Impact,Damage to Property,T0828,Loss of Safety,Modbus,Level 2
_result,3,2026-07-23 17:02:48+00:00,2026-07-23 22:48:25.083254+00:00,2026-07-23 22:45:35.687064+00:00,security_metrics,ml_engine,f48278d9,-0.5,0.1587267303675851,1,0.0023122024722397327,Stage 2 - ICS Impact,Damage to Property,T0828,Loss of Safety,Modbus,Level 2
_result,3,2026-07-23 17:02:48+00:00,2026-07-23 22:48:25.083254+00:00,2026-07-23 22:45:52.542152+00:00,security_metrics,ml_engine,f48278d9,-0.5,0.15145412922272422,1,0.001690344070084393,Stage 2 - ICS Impact,Damage to Property,T0828,Loss of Safety,Modbus,Level 2
_result,3,2026-07-23 17:02:48+00:00,2026-07-23 22:48:25.083254+00:00,2026-07-23 22:46:09.430513+00:00,security_metrics,ml_engine,f48278d9,-0.5,0.1932012343393083,1,0.0012731929309666157,Stage 2 - ICS Impact,Damage to Property,T0828,Loss of Safety,Modbus,Level 2
_result,3,2026-07-23 17:02:48+00:00,2026-07-23 22:48:25.083254+00:00,2026-07-23 22:46:26.199814+00:00,security_metrics,ml_engine,f48278d9,-0.5,0.19858553631150655,1,0.0010041804052889347,Stage 2 - ICS Impact,Damage to Property,T0828,Loss of Safety,Modbus,Level 2
_result,3,2026-07-23 17:02:48+00:00,2026-07-23 22:48:25.083254+00:00,2026-07-23 22:46:43.110220+00:00,security_metrics,ml_engine,f48278d9,-0.5,0.1773974679441631,1,0.0017282062908634543,Stage 2 - ICS Impact,Damage to Property,T0828,Loss of Safety,Modbus,Level 2
_result,3,2026-07-23 17:02:48+00:00,2026-07-23 22:48:25.083254+00:00,2026-07-23 22:46:59.953067+00:00,security_metrics,ml_engine,f48278d9,-0.5,0.11189907926188392,1,0.0018614967120811343,Stage 2 - ICS Impact,Damage to Property,T0828,Loss of Safety,Modbus,Level 2
_result,3,2026-07-23 17:02:48+00:00,2026-07-23 22:48:25.083254+00:00,2026-07-23 22:47:16.862196+00:00,security_metrics,ml_engine,f48278d9,-0.5,0.11938602544117705,1,0.001908788806758821,Stage 2 - ICS Impact,Damage to Property,T0828,Loss of Safety,Modbus,Level 2
_result,3,2026-07-23 17:02:48+00:00,2026-07-23 22:48:25.083254+00:00,2026-07-23 22:47:33.680335+00:00,security_metrics,ml_engine,f48278d9,-0.5,0.18434468399454262,1,0.0011817009653896093,Stage 2 - ICS Impact,Damage to Property,T0828,Loss of Safety,Modbus,Level 2
_result,3,2026-07-23 17:02:48+00:00,2026-07-23 22:48:25.083254+00:00,2026-07-23 22:47:50.487214+00:00,security_metrics,ml_engine,f48278d9,-0.5,0.16720246892700608,1,0.0036096973344683647,Stage 2 - ICS Impact,Damage to Property,T0828,Loss of Safety,Modbus,Level 2
_result,3,2026-07-23 17:02:48+00:00,2026-07-23 22:48:25.083254+00:00,2026-07-23 22:48:07.399317+00:00,security_metrics,ml_engine,f48278d9,-0.5,0.14130700295135767,1,0.003061328548938036,Stage 2 - ICS Impact,Damage to Property,T0828,Loss of Safety,Modbus,Level 2
_result,3,2026-07-23 17:02:48+00:00,2026-07-23 22:48:25.083254+00:00,2026-07-23 22:48:24.206402+00:00,security_metrics,ml_engine,f48278d9,-0.5,0.1971182331642412,1,0.002448414219543338,Stage 2 - ICS Impact,Damage to Property,T0828,Loss of Safety,Modbus,Level 2
_result,4,2026-07-23 17:02:48+00:00,2026-07-23 22:48:25.083254+00:00,2026-07-23 20:06:37.987890+00:00,security_metrics,ml_engine,e07fec3b,-0.5,-0.05355730457684271,1,0.15379714965820312,Stage 2 - ICS Impact,Evasion,T0820,Exploitation for Evasion,Modbus,Level 2
_result,4,2026-07-23 17:02:48+00:00,2026-07-23 22:48:25.083254+00:00,2026-07-23 20:38:05.214418+00:00,security_metrics,ml_engine,e07fec3b,-0.5,-0.06566123482703612,1,0.16130810976028442,Stage 2 - ICS Impact,Evasion,T0820,Exploitation for Evasion,Modbus,Level 2
_result,5,2026-07-23 17:02:48+00:00,2026-07-23 22:48:25.083254+00:00,2026-07-23 21:54:03.508066+00:00,security_metrics,ml_engine,f48278d9,-0.5,-0.03553144390514795,1,0.1479453444480896,Stage 2 - ICS Impact,Evasion,T0820,Exploitation for Evasion,Modbus,Level 2
_result,5,2026-07-23 17:02:48+00:00,2026-07-23 22:48:25.083254+00:00,2026-07-23 22:13:38.513352+00:00,security_metrics,ml_engine,f48278d9,-0.5,-0.06566123482703612,1,0.1494261622428894,Stage 2 - ICS Impact,Evasion,T0820,Exploitation for Evasion,Modbus,Level 2
_result,5,2026-07-23 17:02:48+00:00,2026-07-23 22:48:25.083254+00:00,2026-07-23 22:14:12.044683+00:00,security_metrics,ml_engine,f48278d9,-0.5,-0.06566123482703612,1,0.14536958932876587,Stage 2 - ICS Impact,Evasion,T0820,Exploitation for Evasion,Modbus,Level 2
_result,5,2026-07-23 17:02:48+00:00,2026-07-23 22:48:25.083254+00:00,2026-07-23 22:20:38.246968+00:00,security_metrics,ml_engine,f48278d9,-0.5,-0.06566123482703612,1,0.16661880910396576,Stage 2 - ICS Impact,Evasion,T0820,Exploitation for Evasion,Modbus,Level 2
_result,5,2026-07-23 17:02:48+00:00,2026-07-23 22:48:25.083254+00:00,2026-07-23 22:28:11.882365+00:00,security_metrics,ml_engine,f48278d9,-0.5,-0.06566123482703612,1,0.16261284053325653,Stage 2 - ICS Impact,Evasion,T0820,Exploitation for Evasion,Modbus,Level 2
_result,6,2026-07-23 17:02:48+00:00,2026-07-23 22:48:25.083254+00:00,2026-07-23 20:05:14.383620+00:00,security_metrics,ml_engine,e07fec3b,-0.5,0.017297301847064017,1,0.11628387123346329,Stage 2 - ICS Impact,Impair Process Control,T0836,Modify Parameter,Modbus,Level 2
_result,6,2026-07-23 17:02:48+00:00,2026-07-23 22:48:25.083254+00:00,2026-07-23 20:06:54.586470+00:00,security_metrics,ml_engine,e07fec3b,-0.5,0.024152765118030328,1,0.14018787443637848,Stage 2 - ICS Impact,Impair Process Control,T0836,Modify Parameter,Modbus,Level 2
_result,6,2026-07-23 17:02:48+00:00,2026-07-23 22:48:25.083254+00:00,2026-07-23 20:37:48.456557+00:00,security_metrics,ml_engine,e07fec3b,-0.5,-0.03367696206454229,1,0.16123105585575104,Stage 2 - ICS Impact,Impair Process Control,T0836,Modify Parameter,Modbus,Level 2
_result,6,2026-07-23 17:02:48+00:00,2026-07-23 22:48:25.083254+00:00,2026-07-23 20:38:21.923395+00:00,security_metrics,ml_engine,e07fec3b,-0.5,-0.0035335991694247504,1,0.13829614222049713,Stage 2 - ICS Impact,Impair Process Control,T0836,Modify Parameter,Modbus,Level 2
_result,7,2026-07-23 17:02:48+00:00,2026-07-23 22:48:25.083254+00:00,2026-07-23 22:07:13.125915+00:00,security_metrics,ml_engine,f48278d9,-0.5,0.03176378342448749,1,0.09231188148260117,Stage 2 - ICS Impact,Impair Process Control,T0836,Modify Parameter,Modbus,Level 2
_result,7,2026-07-23 17:02:48+00:00,2026-07-23 22:48:25.083254+00:00,2026-07-23 22:13:55.304239+00:00,security_metrics,ml_engine,f48278d9,-0.5,-0.03367696206454229,1,0.15237833559513092,Stage 2 - ICS Impact,Impair Process Control,T0836,Modify Parameter,Modbus,Level 2
_result,7,2026-07-23 17:02:48+00:00,2026-07-23 22:48:25.083254+00:00,2026-07-23 22:20:21.379185+00:00,security_metrics,ml_engine,f48278d9,-0.5,-0.03367696206454229,1,0.13565154373645782,Stage 2 - ICS Impact,Impair Process Control,T0836,Modify Parameter,Modbus,Level 2
_result,7,2026-07-23 17:02:48+00:00,2026-07-23 22:48:25.083254+00:00,2026-07-23 22:20:55.019801+00:00,security_metrics,ml_engine,f48278d9,-0.5,0.04137218430608969,1,0.11958490312099457,Stage 2 - ICS Impact,Impair Process Control,T0836,Modify Parameter,Modbus,Level 2
_result,7,2026-07-23 17:02:48+00:00,2026-07-23 22:48:25.083254+00:00,2026-07-23 22:28:28.754363+00:00,security_metrics,ml_engine,f48278d9,-0.5,-0.03367696206454229,1,0.17949336767196655,Stage 2 - ICS Impact,Impair Process Control,T0836,Modify Parameter,Modbus,Level 2
