result,table,_start,_stop,_time,_measurement,sensor,session_id,anomaly_score,if_score,is_anomaly,lstm_error,kill_chain_stage,mitre_tactic,mitre_technique_id,mitre_technique_name,protocol,purdue_level
_result,0,2026-07-24 20:29:11.255273+00:00,2026-07-25 02:56:34.423623+00:00,2026-07-24 20:31:08.459439+00:00,security_metrics,ml_engine,a12aafb3,0.325215442527069,0.325215442527069,0,0.01943955011665821,,,,,,
_result,0,2026-07-24 20:29:11.255273+00:00,2026-07-25 02:56:34.423623+00:00,2026-07-24 20:31:23.579428+00:00,security_metrics,ml_engine,a12aafb3,0.38933586397781317,0.38933586397781317,0,0.019555043429136276,,,,,,
_result,0,2026-07-24 20:29:11.255273+00:00,2026-07-25 02:56:34.423623+00:00,2026-07-24 20:31:38.707461+00:00,security_metrics,ml_engine,a12aafb3,0.341274273401958,0.341274273401958,0,0.019682886078953743,,,,,,
_result,0,2026-07-24 20:29:11.255273+00:00,2026-07-25 02:56:34.423623+00:00,2026-07-24 20:31:53.869642+00:00,security_metrics,ml_engine,a12aafb3,0.406101826560573,0.406101826560573,0,0.01954939030110836,,,,,,
_result,0,2026-07-24 20:29:11.255273+00:00,2026-07-25 02:56:34.423623+00:00,2026-07-24 20:32:09.035911+00:00,security_metrics,ml_engine,a12aafb3,0.36357785993477176,0.36357785993477176,0,0.01973484829068184,,,,,,
_result,0,2026-07-24 20:29:11.255273+00:00,2026-07-25 02:56:34.423623+00:00,2026-07-24 20:32:24.200420+00:00,security_metrics,ml_engine,a12aafb3,0.3634151099913579,0.3634151099913579,0,0.019558707252144814,,,,,,
_result,0,2026-07-24 20:29:11.255273+00:00,2026-07-25 02:56:34.423623+00:00,2026-07-24 20:32:39.368274+00:00,security_metrics,ml_engine,a12aafb3,0.3777775342232511,0.3777775342232511,0,0.019391585141420364,,,,,,
_result,0,2026-07-24 20:29:11.255273+00:00,2026-07-25 02:56:34.423623+00:00,2026-07-24 20:32:54.538438+00:00,security_metrics,ml_engine,a12aafb3,0.33438886682175506,0.33438886682175506,0,0.01958465203642845,,,,,,
_result,0,2026-07-24 20:29:11.255273+00:00,2026-07-25 02:56:34.423623+00:00,2026-07-24 20:33:09.722226+00:00,security_metrics,ml_engine,a12aafb3,0.34723795341153246,0.34723795341153246,0,0.019449807703495026,,,,,,
_result,0,2026-07-24 20:29:11.255273+00:00,2026-07-25 02:56:34.423623+00:00,2026-07-24 20:33:24.899935+00:00,security_metrics,ml_engine,a12aafb3,0.3343923979179914,0.3343923979179914,0,0.019472777843475342,,,,,,
_result,0,2026-07-24 20:29:11.255273+00:00,2026-07-25 02:56:34.423623+00:00,2026-07-24 20:33:40.088585+00:00,security_metrics,ml_engine,a12aafb3,0.3694625457514414,0.3694625457514414,0,0.019495991989970207,,,,,,
_result,0,2026-07-24 20:29:11.255273+00:00,2026-07-25 02:56:34.423623+00:00,2026-07-24 20:33:55.274892+00:00,security_metrics,ml_engine,a12aafb3,0.33473012000926217,0.33473012000926217,0,0.019312340766191483,,,,,,
_result,0,2026-07-24 20:29:11.255273+00:00,2026-07-25 02:56:34.423623+00:00,2026-07-24 20:34:10.478887+00:00,security_metrics,ml_engine,a12aafb3,0.3362844841655806,0.3362844841655806,0,0.019406992942094803,,,,,,
_result,0,2026-07-24 20:29:11.255273+00:00,2026-07-25 02:56:34.423623+00:00,2026-07-24 20:34:25.670625+00:00,security_metrics,ml_engine,a12aafb3,0.3815873788208964,0.3815873788208964,0,0.019448745995759964,,,,,,
_result,0,2026-07-24 20:29:11.255273+00:00,2026-07-25 02:56:34.423623+00:00,2026-07-24 20:34:40.866352+00:00,security_metrics,ml_engine,a12aafb3,0.3348479530489135,0.3348479530489135,0,0.01958521641790867,,,,,,
_result,0,2026-07-24 20:29:11.255273+00:00,2026-07-25 02:56:34.423623+00:00,2026-07-24 20:34:56.064424+00:00,security_metrics,ml_engine,a12aafb3,0.32461404601285115,0.32461404601285115,0,0.019427483901381493,,,,,,
_result,0,2026-07-24 20:29:11.255273+00:00,2026-07-25 02:56:34.423623+00:00,2026-07-24 20:35:11.268455+00:00,security_metrics,ml_engine,a12aafb3,0.3686376418310442,0.3686376418310442,0,0.019494211301207542,,,,,,
_result,0,2026-07-24 20:29:11.255273+00:00,2026-07-25 02:56:34.423623+00:00,2026-07-24 20:35:26.473549+00:00,security_metrics,ml_engine,a12aafb3,0.3567470293713888,0.3567470293713888,0,0.019773731008172035,,,,,,
_result,0,2026-07-24 20:29:11.255273+00:00,2026-07-25 02:56:34.423623+00:00,2026-07-24 20:35:41.681234+00:00,security_metrics,ml_engine,a12aafb3,0.2775092786821609,0.2775092786821609,0,0.019288094714283943,,,,,,
_result,0,2026-07-24 20:29:11.255273+00:00,2026-07-25 02:56:34.423623+00:00,2026-07-24 20:35:56.896078+00:00,security_metrics,ml_engine,a12aafb3,0.3874702377523615,0.3874702377523615,0,0.01969589665532112,,,,,,
_result,0,2026-07-24 20:29:11.255273+00:00,2026-07-25 02:56:34.423623+00:00,2026-07-24 20:36:12.109404+00:00,security_metrics,ml_engine,a12aafb3,0.37202010582155476,0.37202010582155476,0,0.01973831281065941,,,,,,
_result,0,2026-07-24 20:29:11.255273+00:00,2026-07-25 02:56:34.423623+00:00,2026-07-24 20:36:27.332224+00:00,security_metrics,ml_engine,a12aafb3,0.37493031305313823,0.37493031305313823,0,0.019539639353752136,,,,,,
_result,0,2026-07-24 20:29:11.255273+00:00,2026-07-25 02:56:34.423623+00:00,2026-07-24 20:36:42.554541+00:00,security_metrics,ml_engine,a12aafb3,0.37733812246570125,0.37733812246570125,0,0.019650015980005264,,,,,,
_result,0,2026-07-24 20:29:11.255273+00:00,2026-07-25 02:56:34.423623+00:00,2026-07-24 20:36:57.776957+00:00,security_metrics,ml_engine,a12aafb3,0.3680819340765657,0.3680819340765657,0,0.019493117928504944,,,,,,
_result,0,2026-07-24 20:29:11.255273+00:00,2026-07-25 02:56:34.423623+00:00,2026-07-24 20:37:13.007945+00:00,security_metrics,ml_engine,a12aafb3,0.3825806959649034,0.3825806959649034,0,0.01981239765882492,,,,,,
_result,0,2026-07-24 20:29:11.255273+00:00,2026-07-25 02:56:34.423623+00:00,2026-07-24 20:37:28.232949+00:00,security_metrics,ml_engine,a12aafb3,0.32278658516186093,0.32278658516186093,0,0.019629547372460365,,,,,,
_result,0,2026-07-24 20:29:11.255273+00:00,2026-07-25 02:56:34.423623+00:00,2026-07-24 20:37:43.471689+00:00,security_metrics,ml_engine,a12aafb3,0.4019536107788815,0.4019536107788815,0,0.019416844472289085,,,,,,
_result,0,2026-07-24 20:29:11.255273+00:00,2026-07-25 02:56:34.423623+00:00,2026-07-24 20:37:58.710101+00:00,security_metrics,ml_engine,a12aafb3,0.36765706427271777,0.36765706427271777,0,0.019923508167266846,,,,,,
_result,0,2026-07-24 20:29:11.255273+00:00,2026-07-25 02:56:34.423623+00:00,2026-07-24 20:38:13.949142+00:00,security_metrics,ml_engine,a12aafb3,0.3105986818768472,0.3105986818768472,0,0.0193264652043581,,,,,,
_result,0,2026-07-24 20:29:11.255273+00:00,2026-07-25 02:56:34.423623+00:00,2026-07-24 20:38:29.191638+00:00,security_metrics,ml_engine,a12aafb3,0.3367823314168706,0.3367823314168706,0,0.01971699297428131,,,,,,
_result,0,2026-07-24 20:29:11.255273+00:00,2026-07-25 02:56:34.423623+00:00,2026-07-24 20:38:44.439617+00:00,security_metrics,ml_engine,a12aafb3,0.39667308587686256,0.39667308587686256,0,0.019113073125481606,,,,,,
_result,0,2026-07-24 20:29:11.255273+00:00,2026-07-25 02:56:34.423623+00:00,2026-07-24 20:38:59.690995+00:00,security_metrics,ml_engine,a12aafb3,0.378062147163863,0.378062147163863,0,0.01951020210981369,,,,,,
_result,0,2026-07-24 20:29:11.255273+00:00,2026-07-25 02:56:34.423623+00:00,2026-07-24 20:39:14.939037+00:00,security_metrics,ml_engine,a12aafb3,0.3264465626478477,0.3264465626478477,0,0.019662991166114807,,,,,,
_result,0,2026-07-24 20:29:11.255273+00:00,2026-07-25 02:56:34.423623+00:00,2026-07-24 20:39:30.191657+00:00,security_metrics,ml_engine,a12aafb3,0.3561241757337943,0.3561241757337943,0,0.01959116943180561,,,,,,
_result,0,2026-07-24 20:29:11.255273+00:00,2026-07-25 02:56:34.423623+00:00,2026-07-24 20:39:45.450714+00:00,security_metrics,ml_engine,a12aafb3,0.39779730169451766,0.39779730169451766,0,0.019107365980744362,,,,,,
_result,0,2026-07-24 20:29:11.255273+00:00,2026-07-25 02:56:34.423623+00:00,2026-07-24 20:40:00.713186+00:00,security_metrics,ml_engine,a12aafb3,0.3817683441885051,0.3817683441885051,0,0.01959872432053089,,,,,,
_result,0,2026-07-24 20:29:11.255273+00:00,2026-07-25 02:56:34.423623+00:00,2026-07-24 20:40:16.092753+00:00,security_metrics,ml_engine,a12aafb3,0.11286555610607041,0.11286555610607041,0,0.03070547617971897,,,,,,
_result,0,2026-07-24 20:29:11.255273+00:00,2026-07-25 02:56:34.423623+00:00,2026-07-24 20:40:31.365248+00:00,security_metrics,ml_engine,a12aafb3,0.40485768470036915,0.40485768470036915,0,0.01921500451862812,,,,,,
_result,0,2026-07-24 20:29:11.255273+00:00,2026-07-25 02:56:34.423623+00:00,2026-07-24 20:40:46.626760+00:00,security_metrics,ml_engine,a12aafb3,0.3980632025018463,0.3980632025018463,0,0.019267506897449493,,,,,,
_result,0,2026-07-24 20:29:11.255273+00:00,2026-07-25 02:56:34.423623+00:00,2026-07-24 20:41:01.906092+00:00,security_metrics,ml_engine,a12aafb3,0.3932991736798495,0.3932991736798495,0,0.019758617505431175,,,,,,
_result,0,2026-07-24 20:29:11.255273+00:00,2026-07-25 02:56:34.423623+00:00,2026-07-24 20:41:17.187783+00:00,security_metrics,ml_engine,a12aafb3,0.36990762858517234,0.36990762858517234,0,0.019454091787338257,,,,,,
_result,0,2026-07-24 20:29:11.255273+00:00,2026-07-25 02:56:34.423623+00:00,2026-07-24 20:41:32.469626+00:00,security_metrics,ml_engine,a12aafb3,0.3797827598913513,0.3797827598913513,0,0.019327400252223015,,,,,,
_result,0,2026-07-24 20:29:11.255273+00:00,2026-07-25 02:56:34.423623+00:00,2026-07-24 20:41:47.754615+00:00,security_metrics,ml_engine,a12aafb3,0.35047872180768797,0.35047872180768797,0,0.019714051857590675,,,,,,
_result,0,2026-07-24 20:29:11.255273+00:00,2026-07-25 02:56:34.423623+00:00,2026-07-24 20:42:03.043668+00:00,security_metrics,ml_engine,a12aafb3,0.3893870097654423,0.3893870097654423,0,0.0196312814950943,,,,,,
_result,0,2026-07-24 20:29:11.255273+00:00,2026-07-25 02:56:34.423623+00:00,2026-07-24 20:42:18.324463+00:00,security_metrics,ml_engine,a12aafb3,0.3296148836748913,0.3296148836748913,0,0.019751371815800667,,,,,,
_result,0,2026-07-24 20:29:11.255273+00:00,2026-07-25 02:56:34.423623+00:00,2026-07-24 20:42:33.625650+00:00,security_metrics,ml_engine,a12aafb3,0.40327057584232057,0.40327057584232057,0,0.019320737570524216,,,,,,
_result,0,2026-07-24 20:29:11.255273+00:00,2026-07-25 02:56:34.423623+00:00,2026-07-24 20:42:48.921854+00:00,security_metrics,ml_engine,a12aafb3,0.3954134731167146,0.3954134731167146,0,0.019400574266910553,,,,,,
_result,0,2026-07-24 20:29:11.255273+00:00,2026-07-25 02:56:34.423623+00:00,2026-07-24 20:43:04.225781+00:00,security_metrics,ml_engine,a12aafb3,0.39018284437482964,0.39018284437482964,0,0.01961328089237213,,,,,,
_result,0,2026-07-24 20:29:11.255273+00:00,2026-07-25 02:56:34.423623+00:00,2026-07-24 20:43:19.525017+00:00,security_metrics,ml_engine,a12aafb3,0.40383487505103904,0.40383487505103904,0,0.019345106557011604,,,,,,
_result,0,2026-07-24 20:29:11.255273+00:00,2026-07-25 02:56:34.423623+00:00,2026-07-24 20:43:34.836521+00:00,security_metrics,ml_engine,a12aafb3,0.3610397625584424,0.3610397625584424,0,0.01911897212266922,,,,,,
_result,0,2026-07-24 20:29:11.255273+00:00,2026-07-25 02:56:34.423623+00:00,2026-07-24 20:43:50.151516+00:00,security_metrics,ml_engine,a12aafb3,0.27267760417741477,0.27267760417741477,0,0.01894119195640087,,,,,,
_result,0,2026-07-24 20:29:11.255273+00:00,2026-07-25 02:56:34.423623+00:00,2026-07-24 20:44:05.462384+00:00,security_metrics,ml_engine,a12aafb3,0.40381392769283103,0.40381392769283103,0,0.019288010895252228,,,,,,
_result,0,2026-07-24 20:29:11.255273+00:00,2026-07-25 02:56:34.423623+00:00,2026-07-24 20:44:20.779212+00:00,security_metrics,ml_engine,a12aafb3,0.40155442024905613,0.40155442024905613,0,0.01928122341632843,,,,,,
_result,0,2026-07-24 20:29:11.255273+00:00,2026-07-25 02:56:34.423623+00:00,2026-07-24 20:44:36.106895+00:00,security_metrics,ml_engine,a12aafb3,0.4066428575862448,0.4066428575862448,0,0.0193761195987463,,,,,,
_result,0,2026-07-24 20:29:11.255273+00:00,2026-07-25 02:56:34.423623+00:00,2026-07-24 20:44:51.426945+00:00,security_metrics,ml_engine,a12aafb3,0.3581590006380436,0.3581590006380436,0,0.019480036571621895,,,,,,
_result,0,2026-07-24 20:29:11.255273+00:00,2026-07-25 02:56:34.423623+00:00,2026-07-24 20:45:06.749038+00:00,security_metrics,ml_engine,a12aafb3,0.3878700853323472,0.3878700853323472,0,0.019371261820197105,,,,,,
_result,0,2026-07-24 20:29:11.255273+00:00,2026-07-25 02:56:34.423623+00:00,2026-07-24 20:45:22.082655+00:00,security_metrics,ml_engine,a12aafb3,0.3747942091388803,0.3747942091388803,0,0.01996137946844101,,,,,,
_result,0,2026-07-24 20:29:11.255273+00:00,2026-07-25 02:56:34.423623+00:00,2026-07-24 20:45:37.414772+00:00,security_metrics,ml_engine,a12aafb3,0.28451833749067257,0.28451833749067257,0,0.01942644827067852,,,,,,
_result,0,2026-07-24 20:29:11.255273+00:00,2026-07-25 02:56:34.423623+00:00,2026-07-24 20:45:52.761929+00:00,security_metrics,ml_engine,a12aafb3,0.37390277492572427,0.37390277492572427,0,0.019222823902964592,,,,,,
_result,0,2026-07-24 20:29:11.255273+00:00,2026-07-25 02:56:34.423623+00:00,2026-07-24 20:46:08.101283+00:00,security_metrics,ml_engine,a12aafb3,0.4039150169284007,0.4039150169284007,0,0.019226476550102234,,,,,,
_result,0,2026-07-24 20:29:11.255273+00:00,2026-07-25 02:56:34.423623+00:00,2026-07-24 20:46:23.444653+00:00,security_metrics,ml_engine,a12aafb3,0.3920367224718151,0.3920367224718151,0,0.01943475566804409,,,,,,
_result,0,2026-07-24 20:29:11.255273+00:00,2026-07-25 02:56:34.423623+00:00,2026-07-24 20:46:38.793178+00:00,security_metrics,ml_engine,a12aafb3,0.3736657198416775,0.3736657198416775,0,0.01939994841814041,,,,,,
_result,0,2026-07-24 20:29:11.255273+00:00,2026-07-25 02:56:34.423623+00:00,2026-07-24 20:46:54.153291+00:00,security_metrics,ml_engine,a12aafb3,0.3682878765763168,0.3682878765763168,0,0.019548295065760612,,,,,,
_result,0,2026-07-24 20:29:11.255273+00:00,2026-07-25 02:56:34.423623+00:00,2026-07-24 20:47:09.520722+00:00,security_metrics,ml_engine,a12aafb3,0.3895301101921172,0.3895301101921172,0,0.019491007551550865,,,,,,
_result,0,2026-07-24 20:29:11.255273+00:00,2026-07-25 02:56:34.423623+00:00,2026-07-24 20:47:24.870942+00:00,security_metrics,ml_engine,a12aafb3,0.33842581257843773,0.33842581257843773,0,0.019688088446855545,,,,,,
_result,0,2026-07-24 20:29:11.255273+00:00,2026-07-25 02:56:34.423623+00:00,2026-07-24 20:47:40.236415+00:00,security_metrics,ml_engine,a12aafb3,0.39495549427153265,0.39495549427153265,0,0.019848698750138283,,,,,,
_result,0,2026-07-24 20:29:11.255273+00:00,2026-07-25 02:56:34.423623+00:00,2026-07-24 20:47:55.604294+00:00,security_metrics,ml_engine,a12aafb3,0.3940050603052499,0.3940050603052499,0,0.01920769363641739,,,,,,
_result,0,2026-07-24 20:29:11.255273+00:00,2026-07-25 02:56:34.423623+00:00,2026-07-24 20:48:10.979937+00:00,security_metrics,ml_engine,a12aafb3,0.3948684544731651,0.3948684544731651,0,0.019213777035474777,,,,,,
_result,0,2026-07-24 20:29:11.255273+00:00,2026-07-25 02:56:34.423623+00:00,2026-07-24 20:48:26.500270+00:00,security_metrics,ml_engine,a12aafb3,0.3239396536735131,0.3239396536735131,0,0.019676508381962776,,,,,,
_result,0,2026-07-24 20:29:11.255273+00:00,2026-07-25 02:56:34.423623+00:00,2026-07-24 20:48:41.891616+00:00,security_metrics,ml_engine,a12aafb3,0.37589672924712103,0.37589672924712103,0,0.019024496898055077,,,,,,
_result,0,2026-07-24 20:29:11.255273+00:00,2026-07-25 02:56:34.423623+00:00,2026-07-24 20:48:57.275354+00:00,security_metrics,ml_engine,a12aafb3,0.38939927960573567,0.38939927960573567,0,0.01970164105296135,,,,,,
_result,0,2026-07-24 20:29:11.255273+00:00,2026-07-25 02:56:34.423623+00:00,2026-07-24 20:49:12.664751+00:00,security_metrics,ml_engine,a12aafb3,0.33041174426062925,0.33041174426062925,0,0.019584350287914276,,,,,,
_result,0,2026-07-24 20:29:11.255273+00:00,2026-07-25 02:56:34.423623+00:00,2026-07-24 20:49:28.085523+00:00,security_metrics,ml_engine,a12aafb3,0.32127538682841605,0.32127538682841605,0,0.01973167434334755,,,,,,
_result,0,2026-07-24 20:29:11.255273+00:00,2026-07-25 02:56:34.423623+00:00,2026-07-24 20:49:43.491886+00:00,security_metrics,ml_engine,a12aafb3,0.38377343671675507,0.38377343671675507,0,0.019793298095464706,,,,,,
_result,0,2026-07-24 20:29:11.255273+00:00,2026-07-25 02:56:34.423623+00:00,2026-07-24 20:49:58.907642+00:00,security_metrics,ml_engine,a12aafb3,0.39788413154142527,0.39788413154142527,0,0.019143879413604736,,,,,,
_result,0,2026-07-24 20:29:11.255273+00:00,2026-07-25 02:56:34.423623+00:00,2026-07-24 20:50:14.300676+00:00,security_metrics,ml_engine,a12aafb3,0.3641793160345857,0.3641793160345857,0,0.019685985520482063,,,,,,
_result,0,2026-07-24 20:29:11.255273+00:00,2026-07-25 02:56:34.423623+00:00,2026-07-24 20:50:29.701845+00:00,security_metrics,ml_engine,a12aafb3,0.31648296181246965,0.31648296181246965,0,0.019368411973118782,,,,,,
_result,0,2026-07-24 20:29:11.255273+00:00,2026-07-25 02:56:34.423623+00:00,2026-07-24 20:50:45.104698+00:00,security_metrics,ml_engine,a12aafb3,0.33231635496802314,0.33231635496802314,0,0.019318217411637306,,,,,,
_result,0,2026-07-24 20:29:11.255273+00:00,2026-07-25 02:56:34.423623+00:00,2026-07-24 20:51:00.510723+00:00,security_metrics,ml_engine,a12aafb3,0.3778056511446832,0.3778056511446832,0,0.01960477977991104,,,,,,
_result,0,2026-07-24 20:29:11.255273+00:00,2026-07-25 02:56:34.423623+00:00,2026-07-24 20:51:15.918465+00:00,security_metrics,ml_engine,a12aafb3,0.40276226300642504,0.40276226300642504,0,0.01901208609342575,,,,,,
_result,0,2026-07-24 20:29:11.255273+00:00,2026-07-25 02:56:34.423623+00:00,2026-07-24 20:51:31.362812+00:00,security_metrics,ml_engine,a12aafb3,0.4037155833618275,0.4037155833618275,0,0.019390078261494637,,,,,,
_result,0,2026-07-24 20:29:11.255273+00:00,2026-07-25 02:56:34.423623+00:00,2026-07-24 20:51:46.779566+00:00,security_metrics,ml_engine,a12aafb3,0.3893723357416846,0.3893723357416846,0,0.01971179060637951,,,,,,
_result,0,2026-07-24 20:29:11.255273+00:00,2026-07-25 02:56:34.423623+00:00,2026-07-24 20:52:02.204046+00:00,security_metrics,ml_engine,a12aafb3,0.3816471285971074,0.3816471285971074,0,0.019393209367990494,,,,,,
_result,0,2026-07-24 20:29:11.255273+00:00,2026-07-25 02:56:34.423623+00:00,2026-07-24 20:52:17.634280+00:00,security_metrics,ml_engine,a12aafb3,0.3919003909844641,0.3919003909844641,0,0.019638391211628914,,,,,,
_result,0,2026-07-24 20:29:11.255273+00:00,2026-07-25 02:56:34.423623+00:00,2026-07-24 20:52:33.053061+00:00,security_metrics,ml_engine,a12aafb3,0.37282458743344055,0.37282458743344055,0,0.01977023109793663,,,,,,
_result,0,2026-07-24 20:29:11.255273+00:00,2026-07-25 02:56:34.423623+00:00,2026-07-24 20:52:48.477076+00:00,security_metrics,ml_engine,a12aafb3,0.31747180793160495,0.31747180793160495,0,0.01937275007367134,,,,,,
_result,0,2026-07-24 20:29:11.255273+00:00,2026-07-25 02:56:34.423623+00:00,2026-07-24 20:53:03.907619+00:00,security_metrics,ml_engine,a12aafb3,0.3398920914319207,0.3398920914319207,0,0.019588638097047806,,,,,,
_result,0,2026-07-24 20:29:11.255273+00:00,2026-07-25 02:56:34.423623+00:00,2026-07-24 20:53:19.339755+00:00,security_metrics,ml_engine,a12aafb3,0.4062196818722193,0.4062196818722193,0,0.019614137709140778,,,,,,
_result,0,2026-07-24 20:29:11.255273+00:00,2026-07-25 02:56:34.423623+00:00,2026-07-24 20:53:34.869007+00:00,security_metrics,ml_engine,a12aafb3,0.3986362993978422,0.3986362993978422,0,0.019270194694399834,,,,,,
_result,0,2026-07-24 20:29:11.255273+00:00,2026-07-25 02:56:34.423623+00:00,2026-07-24 20:53:50.312539+00:00,security_metrics,ml_engine,a12aafb3,0.3699222292402752,0.3699222292402752,0,0.019836468622088432,,,,,,
_result,0,2026-07-24 20:29:11.255273+00:00,2026-07-25 02:56:34.423623+00:00,2026-07-24 20:54:05.752998+00:00,security_metrics,ml_engine,a12aafb3,0.2787767050601258,0.2787767050601258,0,0.019304070621728897,,,,,,
_result,0,2026-07-24 20:29:11.255273+00:00,2026-07-25 02:56:34.423623+00:00,2026-07-24 20:54:21.197850+00:00,security_metrics,ml_engine,a12aafb3,0.39097239740730355,0.39097239740730355,0,0.019580280408263206,,,,,,
_result,0,2026-07-24 20:29:11.255273+00:00,2026-07-25 02:56:34.423623+00:00,2026-07-24 20:54:36.656918+00:00,security_metrics,ml_engine,a12aafb3,0.37218059649507396,0.37218059649507396,0,0.01964925229549408,,,,,,
_result,0,2026-07-24 20:29:11.255273+00:00,2026-07-25 02:56:34.423623+00:00,2026-07-24 20:54:52.110400+00:00,security_metrics,ml_engine,a12aafb3,0.3977387156314346,0.3977387156314346,0,0.01953033171594143,,,,,,
_result,0,2026-07-24 20:29:11.255273+00:00,2026-07-25 02:56:34.423623+00:00,2026-07-24 20:55:07.567793+00:00,security_metrics,ml_engine,a12aafb3,0.38549112158427484,0.38549112158427484,0,0.019282471388578415,,,,,,
_result,0,2026-07-24 20:29:11.255273+00:00,2026-07-25 02:56:34.423623+00:00,2026-07-24 20:55:23.040365+00:00,security_metrics,ml_engine,a12aafb3,0.3765769683210794,0.3765769683210794,0,0.01946367509663105,,,,,,
_result,0,2026-07-24 20:29:11.255273+00:00,2026-07-25 02:56:34.423623+00:00,2026-07-24 20:55:38.504274+00:00,security_metrics,ml_engine,a12aafb3,0.380929265769457,0.380929265769457,0,0.019331615418195724,,,,,,
_result,0,2026-07-24 20:29:11.255273+00:00,2026-07-25 02:56:34.423623+00:00,2026-07-24 20:55:53.972274+00:00,security_metrics,ml_engine,a12aafb3,0.21997013085276118,0.21997013085276118,0,0.024542780593037605,,,,,,
_result,0,2026-07-24 20:29:11.255273+00:00,2026-07-25 02:56:34.423623+00:00,2026-07-24 20:56:09.443701+00:00,security_metrics,ml_engine,a12aafb3,0.36193015145802476,0.36193015145802476,0,0.01955740712583065,,,,,,
_result,0,2026-07-24 20:29:11.255273+00:00,2026-07-25 02:56:34.423623+00:00,2026-07-24 20:56:24.915114+00:00,security_metrics,ml_engine,a12aafb3,0.39468063237363504,0.39468063237363504,0,0.01998468115925789,,,,,,
_result,0,2026-07-24 20:29:11.255273+00:00,2026-07-25 02:56:34.423623+00:00,2026-07-24 20:56:40.396670+00:00,security_metrics,ml_engine,a12aafb3,0.3880356206048669,0.3880356206048669,0,0.01945919170975685,,,,,,
_result,0,2026-07-24 20:29:11.255273+00:00,2026-07-25 02:56:34.423623+00:00,2026-07-24 20:56:55.883913+00:00,security_metrics,ml_engine,a12aafb3,0.38439440647641737,0.38439440647641737,0,0.019627965986728668,,,,,,
_result,0,2026-07-24 20:29:11.255273+00:00,2026-07-25 02:56:34.423623+00:00,2026-07-24 20:57:11.372640+00:00,security_metrics,ml_engine,a12aafb3,0.4064369737713391,0.4064369737713391,0,0.01947767287492752,,,,,,
_result,0,2026-07-24 20:29:11.255273+00:00,2026-07-25 02:56:34.423623+00:00,2026-07-24 20:57:26.974716+00:00,security_metrics,ml_engine,a12aafb3,0.3800456558042974,0.3800456558042974,0,0.01967892237007618,,,,,,
_result,0,2026-07-24 20:29:11.255273+00:00,2026-07-25 02:56:34.423623+00:00,2026-07-24 20:57:42.461636+00:00,security_metrics,ml_engine,a12aafb3,0.3591195687681399,0.3591195687681399,0,0.019626934081315994,,,,,,
_result,0,2026-07-24 20:29:11.255273+00:00,2026-07-25 02:56:34.423623+00:00,2026-07-24 20:57:57.980409+00:00,security_metrics,ml_engine,a12aafb3,0.36761793475789045,0.36761793475789045,0,0.01978261210024357,,,,,,
_result,0,2026-07-24 20:29:11.255273+00:00,2026-07-25 02:56:34.423623+00:00,2026-07-24 20:58:13.476788+00:00,security_metrics,ml_engine,a12aafb3,0.37765813372819396,0.37765813372819396,0,0.019690310582518578,,,,,,
_result,0,2026-07-24 20:29:11.255273+00:00,2026-07-25 02:56:34.423623+00:00,2026-07-24 20:58:28.979936+00:00,security_metrics,ml_engine,a12aafb3,0.3875423259023851,0.3875423259023851,0,0.019241858273744583,,,,,,
_result,0,2026-07-24 20:29:11.255273+00:00,2026-07-25 02:56:34.423623+00:00,2026-07-24 20:58:44.485405+00:00,security_metrics,ml_engine,a12aafb3,0.384645647694147,0.384645647694147,0,0.019575826823711395,,,,,,
_result,0,2026-07-24 20:29:11.255273+00:00,2026-07-25 02:56:34.423623+00:00,2026-07-24 20:59:00.010301+00:00,security_metrics,ml_engine,a12aafb3,0.30064393966670677,0.30064393966670677,0,0.019419798627495766,,,,,,
_result,0,2026-07-24 20:29:11.255273+00:00,2026-07-25 02:56:34.423623+00:00,2026-07-24 20:59:15.525543+00:00,security_metrics,ml_engine,a12aafb3,0.3885373885190098,0.3885373885190098,0,0.01944657415151596,,,,,,
_result,0,2026-07-24 20:29:11.255273+00:00,2026-07-25 02:56:34.423623+00:00,2026-07-24 20:59:31.040689+00:00,security_metrics,ml_engine,a12aafb3,0.3939555238744192,0.3939555238744192,0,0.019663948565721512,,,,,,
_result,0,2026-07-24 20:29:11.255273+00:00,2026-07-25 02:56:34.423623+00:00,2026-07-24 20:59:46.552696+00:00,security_metrics,ml_engine,a12aafb3,0.3071635987775657,0.3071635987775657,0,0.019594449549913406,,,,,,
_result,0,2026-07-24 20:29:11.255273+00:00,2026-07-25 02:56:34.423623+00:00,2026-07-24 21:00:02.057738+00:00,security_metrics,ml_engine,a12aafb3,0.39307030806596016,0.39307030806596016,0,0.019293680787086487,,,,,,
_result,0,2026-07-24 20:29:11.255273+00:00,2026-07-25 02:56:34.423623+00:00,2026-07-24 21:00:17.579831+00:00,security_metrics,ml_engine,a12aafb3,0.33185230481208594,0.33185230481208594,0,0.019948536530137062,,,,,,
_result,0,2026-07-24 20:29:11.255273+00:00,2026-07-25 02:56:34.423623+00:00,2026-07-24 21:00:33.135232+00:00,security_metrics,ml_engine,a12aafb3,0.396592361932053,0.396592361932053,0,0.01942421868443489,,,,,,
_result,0,2026-07-24 20:29:11.255273+00:00,2026-07-25 02:56:34.423623+00:00,2026-07-24 21:00:48.773187+00:00,security_metrics,ml_engine,a12aafb3,0.36539737074542655,0.36539737074542655,0,0.0199291855096817,,,,,,
_result,0,2026-07-24 20:29:11.255273+00:00,2026-07-25 02:56:34.423623+00:00,2026-07-24 21:01:04.293240+00:00,security_metrics,ml_engine,a12aafb3,0.4023637814814969,0.4023637814814969,0,0.01947765424847603,,,,,,
_result,0,2026-07-24 20:29:11.255273+00:00,2026-07-25 02:56:34.423623+00:00,2026-07-24 21:01:19.823170+00:00,security_metrics,ml_engine,a12aafb3,0.2977576330146574,0.2977576330146574,0,0.0195364598184824,,,,,,
_result,0,2026-07-24 20:29:11.255273+00:00,2026-07-25 02:56:34.423623+00:00,2026-07-24 21:01:35.350043+00:00,security_metrics,ml_engine,a12aafb3,0.3827942675825997,0.3827942675825997,0,0.019126085564494133,,,,,,
_result,0,2026-07-24 20:29:11.255273+00:00,2026-07-25 02:56:34.423623+00:00,2026-07-24 21:01:50.909604+00:00,security_metrics,ml_engine,a12aafb3,0.2794687561716443,0.2794687561716443,0,0.019838042557239532,,,,,,
_result,0,2026-07-24 20:29:11.255273+00:00,2026-07-25 02:56:34.423623+00:00,2026-07-24 21:02:06.462191+00:00,security_metrics,ml_engine,a12aafb3,0.3869283989135645,0.3869283989135645,0,0.019407261162996292,,,,,,
_result,0,2026-07-24 20:29:11.255273+00:00,2026-07-25 02:56:34.423623+00:00,2026-07-24 21:02:22.008550+00:00,security_metrics,ml_engine,a12aafb3,0.38108364948137263,0.38108364948137263,0,0.019709346815943718,,,,,,
_result,0,2026-07-24 20:29:11.255273+00:00,2026-07-25 02:56:34.423623+00:00,2026-07-24 21:02:37.567089+00:00,security_metrics,ml_engine,a12aafb3,0.39157528991963675,0.39157528991963675,0,0.01983315870165825,,,,,,
_result,0,2026-07-24 20:29:11.255273+00:00,2026-07-25 02:56:34.423623+00:00,2026-07-24 21:02:53.133380+00:00,security_metrics,ml_engine,a12aafb3,0.2158057708288711,0.2158057708288711,0,0.02489742450416088,,,,,,
_result,0,2026-07-24 20:29:11.255273+00:00,2026-07-25 02:56:34.423623+00:00,2026-07-24 21:03:08.695452+00:00,security_metrics,ml_engine,a12aafb3,0.3948684544731651,0.3948684544731651,0,0.01919199898838997,,,,,,
_result,0,2026-07-24 20:29:11.255273+00:00,2026-07-25 02:56:34.423623+00:00,2026-07-24 21:03:24.270803+00:00,security_metrics,ml_engine,a12aafb3,0.39307030806596016,0.39307030806596016,0,0.019469983875751495,,,,,,
_result,0,2026-07-24 20:29:11.255273+00:00,2026-07-25 02:56:34.423623+00:00,2026-07-24 21:03:39.842541+00:00,security_metrics,ml_engine,a12aafb3,0.2976972164729385,0.2976972164729385,0,0.019406260922551155,,,,,,
_result,0,2026-07-24 20:29:11.255273+00:00,2026-07-25 02:56:34.423623+00:00,2026-07-24 21:03:55.408293+00:00,security_metrics,ml_engine,a12aafb3,0.3984303597664867,0.3984303597664867,0,0.019351091235876083,,,,,,
_result,0,2026-07-24 20:29:11.255273+00:00,2026-07-25 02:56:34.423623+00:00,2026-07-24 21:04:11.109493+00:00,security_metrics,ml_engine,a12aafb3,0.34524735982756183,0.34524735982756183,0,0.019339367747306824,,,,,,
_result,0,2026-07-24 20:29:11.255273+00:00,2026-07-25 02:56:34.423623+00:00,2026-07-24 21:04:26.699980+00:00,security_metrics,ml_engine,a12aafb3,0.3422952269089605,0.3422952269089605,0,0.019354794174432755,,,,,,
_result,0,2026-07-24 20:29:11.255273+00:00,2026-07-25 02:56:34.423623+00:00,2026-07-24 21:04:42.285436+00:00,security_metrics,ml_engine,a12aafb3,0.39612264771855604,0.39612264771855604,0,0.019635286182165146,,,,,,
_result,0,2026-07-24 20:29:11.255273+00:00,2026-07-25 02:56:34.423623+00:00,2026-07-24 21:04:57.861256+00:00,security_metrics,ml_engine,a12aafb3,0.33228316880973713,0.33228316880973713,0,0.019578104838728905,,,,,,
_result,0,2026-07-24 20:29:11.255273+00:00,2026-07-25 02:56:34.423623+00:00,2026-07-24 21:05:13.461651+00:00,security_metrics,ml_engine,a12aafb3,0.3932991736798495,0.3932991736798495,0,0.019582979381084442,,,,,,
_result,0,2026-07-24 20:29:11.255273+00:00,2026-07-25 02:56:34.423623+00:00,2026-07-24 21:05:29.079518+00:00,security_metrics,ml_engine,a12aafb3,0.36836747173264817,0.36836747173264817,0,0.01995042711496353,,,,,,
_result,0,2026-07-24 20:29:11.255273+00:00,2026-07-25 02:56:34.423623+00:00,2026-07-24 21:05:44.676117+00:00,security_metrics,ml_engine,a12aafb3,0.3644145494831056,0.3644145494831056,0,0.01960928365588188,,,,,,
_result,0,2026-07-24 20:29:11.255273+00:00,2026-07-25 02:56:34.423623+00:00,2026-07-24 21:06:00.288004+00:00,security_metrics,ml_engine,a12aafb3,0.3701795625592503,0.3701795625592503,0,0.01920379512012005,,,,,,
_result,0,2026-07-24 20:29:11.255273+00:00,2026-07-25 02:56:34.423623+00:00,2026-07-24 21:06:15.905365+00:00,security_metrics,ml_engine,a12aafb3,0.32994182276277156,0.32994182276277156,0,0.019471772015094757,,,,,,
_result,0,2026-07-24 20:29:11.255273+00:00,2026-07-25 02:56:34.423623+00:00,2026-07-24 21:06:31.514777+00:00,security_metrics,ml_engine,a12aafb3,0.37616168740368655,0.37616168740368655,0,0.01966134086251259,,,,,,
_result,0,2026-07-24 20:29:11.255273+00:00,2026-07-25 02:56:34.423623+00:00,2026-07-24 21:06:47.239397+00:00,security_metrics,ml_engine,a12aafb3,0.37839679693549705,0.37839679693549705,0,0.019919896498322487,,,,,,
_result,0,2026-07-24 20:29:11.255273+00:00,2026-07-25 02:56:34.423623+00:00,2026-07-24 21:07:02.844715+00:00,security_metrics,ml_engine,a12aafb3,0.3735659701060518,0.3735659701060518,0,0.019095171242952347,,,,,,
_result,0,2026-07-24 20:29:11.255273+00:00,2026-07-25 02:56:34.423623+00:00,2026-07-24 21:07:18.475594+00:00,security_metrics,ml_engine,a12aafb3,0.3704958162000663,0.3704958162000663,0,0.019425837323069572,,,,,,
_result,0,2026-07-24 20:29:11.255273+00:00,2026-07-25 02:56:34.423623+00:00,2026-07-24 21:07:34.079137+00:00,security_metrics,ml_engine,a12aafb3,0.3796905682850468,0.3796905682850468,0,0.019765695556998253,,,,,,
_result,0,2026-07-24 20:29:11.255273+00:00,2026-07-25 02:56:34.423623+00:00,2026-07-24 21:07:49.709008+00:00,security_metrics,ml_engine,a12aafb3,0.38105269724451546,0.38105269724451546,0,0.01955833099782467,,,,,,
_result,0,2026-07-24 20:29:11.255273+00:00,2026-07-25 02:56:34.423623+00:00,2026-07-24 21:08:05.370128+00:00,security_metrics,ml_engine,a12aafb3,0.32435051399844506,0.32435051399844506,0,0.019939739257097244,,,,,,
_result,0,2026-07-24 20:29:11.255273+00:00,2026-07-25 02:56:34.423623+00:00,2026-07-24 21:08:21.001264+00:00,security_metrics,ml_engine,a12aafb3,0.3447429486654955,0.3447429486654955,0,0.01933005265891552,,,,,,
_result,0,2026-07-24 20:29:11.255273+00:00,2026-07-25 02:56:34.423623+00:00,2026-07-24 21:08:36.642904+00:00,security_metrics,ml_engine,a12aafb3,0.3760711932705104,0.3760711932705104,0,0.01967700570821762,,,,,,
_result,0,2026-07-24 20:29:11.255273+00:00,2026-07-25 02:56:34.423623+00:00,2026-07-24 21:08:52.281186+00:00,security_metrics,ml_engine,a12aafb3,0.31421181529779907,0.31421181529779907,0,0.019832374528050423,,,,,,
_result,0,2026-07-24 20:29:11.255273+00:00,2026-07-25 02:56:34.423623+00:00,2026-07-24 21:09:07.928156+00:00,security_metrics,ml_engine,a12aafb3,0.31084119019957807,0.31084119019957807,0,0.019781384617090225,,,,,,
_result,0,2026-07-24 20:29:11.255273+00:00,2026-07-25 02:56:34.423623+00:00,2026-07-24 21:09:23.680575+00:00,security_metrics,ml_engine,a12aafb3,0.3738224136931224,0.3738224136931224,0,0.019490711390972137,,,,,,
_result,0,2026-07-24 20:29:11.255273+00:00,2026-07-25 02:56:34.423623+00:00,2026-07-24 21:09:39.332141+00:00,security_metrics,ml_engine,a12aafb3,0.34661879426543857,0.34661879426543857,0,0.019802099093794823,,,,,,
_result,0,2026-07-24 20:29:11.255273+00:00,2026-07-25 02:56:34.423623+00:00,2026-07-24 21:09:54.985298+00:00,security_metrics,ml_engine,a12aafb3,0.37391568617681625,0.37391568617681625,0,0.019465593621134758,,,,,,
_result,0,2026-07-24 20:29:11.255273+00:00,2026-07-25 02:56:34.423623+00:00,2026-07-24 21:10:10.646898+00:00,security_metrics,ml_engine,a12aafb3,0.40021551591393945,0.40021551591393945,0,0.01932860165834427,,,,,,
_result,0,2026-07-24 20:29:11.255273+00:00,2026-07-25 02:56:34.423623+00:00,2026-07-24 21:10:26.305620+00:00,security_metrics,ml_engine,a12aafb3,0.35455364455787214,0.35455364455787214,0,0.01942434161901474,,,,,,
_result,0,2026-07-24 20:29:11.255273+00:00,2026-07-25 02:56:34.423623+00:00,2026-07-24 21:10:41.976801+00:00,security_metrics,ml_engine,a12aafb3,0.4015531688929008,0.4015531688929008,0,0.01954701915383339,,,,,,
_result,0,2026-07-24 20:29:11.255273+00:00,2026-07-25 02:56:34.423623+00:00,2026-07-24 21:10:57.639250+00:00,security_metrics,ml_engine,a12aafb3,0.31701356051995144,0.31701356051995144,0,0.019541947171092033,,,,,,
_result,0,2026-07-24 20:29:11.255273+00:00,2026-07-25 02:56:34.423623+00:00,2026-07-24 21:11:13.314844+00:00,security_metrics,ml_engine,a12aafb3,0.17099432329790554,0.17099432329790554,0,0.024807842448353767,,,,,,
_result,0,2026-07-24 20:29:11.255273+00:00,2026-07-25 02:56:34.423623+00:00,2026-07-24 21:11:28.985393+00:00,security_metrics,ml_engine,a12aafb3,0.36887891850518895,0.36887891850518895,0,0.019367991015315056,,,,,,
_result,0,2026-07-24 20:29:11.255273+00:00,2026-07-25 02:56:34.423623+00:00,2026-07-24 21:11:44.656713+00:00,security_metrics,ml_engine,a12aafb3,0.4029888147672042,0.4029888147672042,0,0.01961584948003292,,,,,,
_result,0,2026-07-24 20:29:11.255273+00:00,2026-07-25 02:56:34.423623+00:00,2026-07-24 21:12:00.437924+00:00,security_metrics,ml_engine,a12aafb3,0.3586763075264726,0.3586763075264726,0,0.019602661952376366,,,,,,
_result,0,2026-07-24 20:29:11.255273+00:00,2026-07-25 02:56:34.423623+00:00,2026-07-24 21:12:16.110374+00:00,security_metrics,ml_engine,a12aafb3,0.3028619207829983,0.3028619207829983,0,0.01935630850493908,,,,,,
_result,0,2026-07-24 20:29:11.255273+00:00,2026-07-25 02:56:34.423623+00:00,2026-07-24 21:12:31.807667+00:00,security_metrics,ml_engine,a12aafb3,0.37725092641759866,0.37725092641759866,0,0.018978644162416458,,,,,,
_result,0,2026-07-24 20:29:11.255273+00:00,2026-07-25 02:56:34.423623+00:00,2026-07-24 21:12:47.492452+00:00,security_metrics,ml_engine,a12aafb3,0.3680819340765657,0.3680819340765657,0,0.019627517089247704,,,,,,
_result,0,2026-07-24 20:29:11.255273+00:00,2026-07-25 02:56:34.423623+00:00,2026-07-24 21:13:03.185211+00:00,security_metrics,ml_engine,a12aafb3,0.4044172904904933,0.4044172904904933,0,0.01935376599431038,,,,,,
_result,0,2026-07-24 20:29:11.255273+00:00,2026-07-25 02:56:34.423623+00:00,2026-07-24 21:13:18.883438+00:00,security_metrics,ml_engine,a12aafb3,0.21240047583210664,0.21240047583210664,0,0.024668307974934578,,,,,,
_result,0,2026-07-24 20:29:11.255273+00:00,2026-07-25 02:56:34.423623+00:00,2026-07-24 21:13:34.575836+00:00,security_metrics,ml_engine,a12aafb3,0.38674149897993454,0.38674149897993454,0,0.01972765289247036,,,,,,
_result,0,2026-07-24 20:29:11.255273+00:00,2026-07-25 02:56:34.423623+00:00,2026-07-24 21:13:50.286445+00:00,security_metrics,ml_engine,a12aafb3,0.24622830045029254,0.24622830045029254,0,0.024851417168974876,,,,,,
_result,0,2026-07-24 20:29:11.255273+00:00,2026-07-25 02:56:34.423623+00:00,2026-07-24 21:14:05.993097+00:00,security_metrics,ml_engine,a12aafb3,0.39615682042804656,0.39615682042804656,0,0.01926339417695999,,,,,,
_result,0,2026-07-24 20:29:11.255273+00:00,2026-07-25 02:56:34.423623+00:00,2026-07-24 21:14:21.807526+00:00,security_metrics,ml_engine,a12aafb3,0.37733812246570125,0.37733812246570125,0,0.01942233368754387,,,,,,
_result,0,2026-07-24 20:29:11.255273+00:00,2026-07-25 02:56:34.423623+00:00,2026-07-24 21:14:37.517534+00:00,security_metrics,ml_engine,a12aafb3,0.3017914457086432,0.3017914457086432,0,0.019633665680885315,,,,,,
_result,0,2026-07-24 20:29:11.255273+00:00,2026-07-25 02:56:34.423623+00:00,2026-07-24 21:14:53.246438+00:00,security_metrics,ml_engine,a12aafb3,0.3503910965043997,0.3503910965043997,0,0.019737187772989273,,,,,,
_result,0,2026-07-24 20:29:11.255273+00:00,2026-07-25 02:56:34.423623+00:00,2026-07-24 21:15:08.965001+00:00,security_metrics,ml_engine,a12aafb3,0.3748204868429584,0.3748204868429584,0,0.019522737711668015,,,,,,
_result,0,2026-07-24 20:29:11.255273+00:00,2026-07-25 02:56:34.423623+00:00,2026-07-24 21:15:24.690481+00:00,security_metrics,ml_engine,a12aafb3,0.3634151099913579,0.3634151099913579,0,0.019850954413414,,,,,,
_result,0,2026-07-24 20:29:11.255273+00:00,2026-07-25 02:56:34.423623+00:00,2026-07-24 21:15:40.452018+00:00,security_metrics,ml_engine,a12aafb3,0.3867434446682708,0.3867434446682708,0,0.01951596513390541,,,,,,
_result,0,2026-07-24 20:29:11.255273+00:00,2026-07-25 02:56:34.423623+00:00,2026-07-24 21:15:56.178784+00:00,security_metrics,ml_engine,a12aafb3,0.33563693549763174,0.33563693549763174,0,0.019589655101299286,,,,,,
_result,0,2026-07-24 20:29:11.255273+00:00,2026-07-25 02:56:34.423623+00:00,2026-07-24 21:16:11.903890+00:00,security_metrics,ml_engine,a12aafb3,0.40650633354122556,0.40650633354122556,0,0.019170096144080162,,,,,,
_result,0,2026-07-24 20:29:11.255273+00:00,2026-07-25 02:56:34.423623+00:00,2026-07-24 21:16:27.745357+00:00,security_metrics,ml_engine,a12aafb3,0.3571240794262358,0.3571240794262358,0,0.019589141011238098,,,,,,
_result,0,2026-07-24 20:29:11.255273+00:00,2026-07-25 02:56:34.423623+00:00,2026-07-24 21:16:43.493342+00:00,security_metrics,ml_engine,a12aafb3,0.31978543998397063,0.31978543998397063,0,0.01971897855401039,,,,,,
_result,0,2026-07-24 20:29:11.255273+00:00,2026-07-25 02:56:34.423623+00:00,2026-07-24 21:16:59.238089+00:00,security_metrics,ml_engine,a12aafb3,0.3946722225601404,0.3946722225601404,0,0.019368698820471764,,,,,,
_result,0,2026-07-24 20:29:11.255273+00:00,2026-07-25 02:56:34.423623+00:00,2026-07-24 21:17:14.989573+00:00,security_metrics,ml_engine,a12aafb3,0.3620334684514278,0.3620334684514278,0,0.019407222047448158,,,,,,
_result,0,2026-07-24 20:29:11.255273+00:00,2026-07-25 02:56:34.423623+00:00,2026-07-24 21:17:30.745596+00:00,security_metrics,ml_engine,a12aafb3,0.39006082680411264,0.39006082680411264,0,0.019517753273248672,,,,,,
_result,0,2026-07-24 20:29:11.255273+00:00,2026-07-25 02:56:34.423623+00:00,2026-07-24 21:17:46.515485+00:00,security_metrics,ml_engine,a12aafb3,0.3040244525619489,0.3040244525619489,0,0.019404752179980278,,,,,,
_result,0,2026-07-24 20:29:11.255273+00:00,2026-07-25 02:56:34.423623+00:00,2026-07-24 21:18:02.278048+00:00,security_metrics,ml_engine,a12aafb3,0.40373561011472214,0.40373561011472214,0,0.01941036432981491,,,,,,
_result,0,2026-07-24 20:29:11.255273+00:00,2026-07-25 02:56:34.423623+00:00,2026-07-24 21:18:18.138525+00:00,security_metrics,ml_engine,a12aafb3,0.35560646137950414,0.35560646137950414,0,0.01954871602356434,,,,,,
_result,0,2026-07-24 20:29:11.255273+00:00,2026-07-25 02:56:34.423623+00:00,2026-07-24 21:18:33.901113+00:00,security_metrics,ml_engine,a12aafb3,0.15733264224819987,0.15733264224819987,0,0.0251877810806036,,,,,,
_result,0,2026-07-24 20:29:11.255273+00:00,2026-07-25 02:56:34.423623+00:00,2026-07-24 21:18:49.673609+00:00,security_metrics,ml_engine,a12aafb3,0.352147422297779,0.352147422297779,0,0.019851626828312874,,,,,,
_result,0,2026-07-24 20:29:11.255273+00:00,2026-07-25 02:56:34.423623+00:00,2026-07-24 21:19:05.462649+00:00,security_metrics,ml_engine,a12aafb3,0.36061907119993114,0.36061907119993114,0,0.01970769837498665,,,,,,
_result,0,2026-07-24 20:29:11.255273+00:00,2026-07-25 02:56:34.423623+00:00,2026-07-24 21:19:21.240750+00:00,security_metrics,ml_engine,a12aafb3,0.36923583136663807,0.36923583136663807,0,0.019753875210881233,,,,,,
_result,0,2026-07-24 20:29:11.255273+00:00,2026-07-25 02:56:34.423623+00:00,2026-07-24 21:19:37.020202+00:00,security_metrics,ml_engine,a12aafb3,0.3721709438000176,0.3721709438000176,0,0.01944764144718647,,,,,,
_result,0,2026-07-24 20:29:11.255273+00:00,2026-07-25 02:56:34.423623+00:00,2026-07-24 21:19:52.823504+00:00,security_metrics,ml_engine,a12aafb3,0.38702330444392347,0.38702330444392347,0,0.019197897985577583,,,,,,
_result,0,2026-07-24 20:29:11.255273+00:00,2026-07-25 02:56:34.423623+00:00,2026-07-24 21:20:08.712676+00:00,security_metrics,ml_engine,a12aafb3,0.40176879354168826,0.40176879354168826,0,0.01901712827384472,,,,,,
_result,0,2026-07-24 20:29:11.255273+00:00,2026-07-25 02:56:34.423623+00:00,2026-07-24 21:20:24.502053+00:00,security_metrics,ml_engine,a12aafb3,0.39596127716516105,0.39596127716516105,0,0.019508128985762596,,,,,,
_result,0,2026-07-24 20:29:11.255273+00:00,2026-07-25 02:56:34.423623+00:00,2026-07-24 21:20:40.287362+00:00,security_metrics,ml_engine,a12aafb3,0.39307030806596016,0.39307030806596016,0,0.019642125815153122,,,,,,
_result,0,2026-07-24 20:29:11.255273+00:00,2026-07-25 02:56:34.423623+00:00,2026-07-24 21:20:56.093793+00:00,security_metrics,ml_engine,a12aafb3,0.3874702377523615,0.3874702377523615,0,0.01973675936460495,,,,,,
_result,0,2026-07-24 20:29:11.255273+00:00,2026-07-25 02:56:34.423623+00:00,2026-07-24 21:21:11.901146+00:00,security_metrics,ml_engine,a12aafb3,0.277329632180698,0.277329632180698,0,0.019477220252156258,,,,,,
_result,0,2026-07-24 20:29:11.255273+00:00,2026-07-25 02:56:34.423623+00:00,2026-07-24 21:21:27.706093+00:00,security_metrics,ml_engine,a12aafb3,0.2826381669786083,0.2826381669786083,0,0.019648276269435883,,,,,,
_result,0,2026-07-24 20:29:11.255273+00:00,2026-07-25 02:56:34.423623+00:00,2026-07-24 21:21:43.533733+00:00,security_metrics,ml_engine,a12aafb3,0.38818056812116747,0.38818056812116747,0,0.01905965618789196,,,,,,
_result,0,2026-07-24 20:29:11.255273+00:00,2026-07-25 02:56:34.423623+00:00,2026-07-24 21:21:59.453223+00:00,security_metrics,ml_engine,a12aafb3,0.37689556501716076,0.37689556501716076,0,0.019366508349776268,,,,,,
_result,0,2026-07-24 20:29:11.255273+00:00,2026-07-25 02:56:34.423623+00:00,2026-07-24 21:22:15.269571+00:00,security_metrics,ml_engine,a12aafb3,0.3640380555638795,0.3640380555638795,0,0.019112680107355118,,,,,,
_result,0,2026-07-24 20:29:11.255273+00:00,2026-07-25 02:56:34.423623+00:00,2026-07-24 21:22:31.086508+00:00,security_metrics,ml_engine,a12aafb3,0.297612032142083,0.297612032142083,0,0.01983015239238739,,,,,,
_result,0,2026-07-24 20:29:11.255273+00:00,2026-07-25 02:56:34.423623+00:00,2026-07-24 21:22:46.912019+00:00,security_metrics,ml_engine,a12aafb3,0.3562323823027173,0.3562323823027173,0,0.019482595846056938,,,,,,
_result,0,2026-07-24 20:29:11.255273+00:00,2026-07-25 02:56:34.423623+00:00,2026-07-24 21:23:02.735085+00:00,security_metrics,ml_engine,a12aafb3,0.3977792996298445,0.3977792996298445,0,0.01960749551653862,,,,,,
_result,0,2026-07-24 20:29:11.255273+00:00,2026-07-25 02:56:34.423623+00:00,2026-07-24 21:23:18.548921+00:00,security_metrics,ml_engine,a12aafb3,0.21871378340294223,0.21871378340294223,0,0.02479403093457222,,,,,,
_result,0,2026-07-24 20:29:11.255273+00:00,2026-07-25 02:56:34.423623+00:00,2026-07-24 21:23:34.372948+00:00,security_metrics,ml_engine,a12aafb3,0.33761480627300283,0.33761480627300283,0,0.01954876445233822,,,,,,
_result,0,2026-07-24 20:29:11.255273+00:00,2026-07-25 02:56:34.423623+00:00,2026-07-24 21:23:50.308582+00:00,security_metrics,ml_engine,a12aafb3,0.3362844841655806,0.3362844841655806,0,0.019922861829400063,,,,,,
_result,0,2026-07-24 20:29:11.255273+00:00,2026-07-25 02:56:34.423623+00:00,2026-07-24 21:24:06.139651+00:00,security_metrics,ml_engine,a12aafb3,0.38212611149083464,0.38212611149083464,0,0.01973862200975418,,,,,,
_result,0,2026-07-24 20:29:11.255273+00:00,2026-07-25 02:56:34.423623+00:00,2026-07-24 21:24:22.018964+00:00,security_metrics,ml_engine,a12aafb3,0.3821188269052955,0.3821188269052955,0,0.0193646177649498,,,,,,
_result,0,2026-07-24 20:29:11.255273+00:00,2026-07-25 02:56:34.423623+00:00,2026-07-24 21:24:37.860491+00:00,security_metrics,ml_engine,a12aafb3,0.3985074452767284,0.3985074452767284,0,0.01966468058526516,,,,,,
_result,0,2026-07-24 20:29:11.255273+00:00,2026-07-25 02:56:34.423623+00:00,2026-07-24 21:24:53.705257+00:00,security_metrics,ml_engine,a12aafb3,0.36096356696389703,0.36096356696389703,0,0.019367383792996407,,,,,,
_result,0,2026-07-24 20:29:11.255273+00:00,2026-07-25 02:56:34.423623+00:00,2026-07-24 21:25:09.557724+00:00,security_metrics,ml_engine,a12aafb3,0.3124837188799488,0.3124837188799488,0,0.019585661590099335,,,,,,
_result,0,2026-07-24 20:29:11.255273+00:00,2026-07-25 02:56:34.423623+00:00,2026-07-24 21:25:25.424057+00:00,security_metrics,ml_engine,a12aafb3,0.36189853384958437,0.36189853384958437,0,0.019810214638710022,,,,,,
_result,0,2026-07-24 20:29:11.255273+00:00,2026-07-25 02:56:34.423623+00:00,2026-07-24 21:25:41.376979+00:00,security_metrics,ml_engine,a12aafb3,0.37991717240238954,0.37991717240238954,0,0.01966315321624279,,,,,,
_result,0,2026-07-24 20:29:11.255273+00:00,2026-07-25 02:56:34.423623+00:00,2026-07-24 21:25:57.240631+00:00,security_metrics,ml_engine,a12aafb3,0.3999962455696405,0.3999962455696405,0,0.01959933713078499,,,,,,
_result,0,2026-07-24 20:29:11.255273+00:00,2026-07-25 02:56:34.423623+00:00,2026-07-24 21:26:13.117122+00:00,security_metrics,ml_engine,a12aafb3,0.3482065392526119,0.3482065392526119,0,0.019880646839737892,,,,,,
_result,0,2026-07-24 20:29:11.255273+00:00,2026-07-25 02:56:34.423623+00:00,2026-07-24 21:26:28.992803+00:00,security_metrics,ml_engine,a12aafb3,0.3577102037024851,0.3577102037024851,0,0.018901893869042397,,,,,,
_result,0,2026-07-24 20:29:11.255273+00:00,2026-07-25 02:56:34.423623+00:00,2026-07-24 21:26:44.857480+00:00,security_metrics,ml_engine,a12aafb3,0.3793574103398379,0.3793574103398379,0,0.019489699974656105,,,,,,
_result,0,2026-07-24 20:29:11.255273+00:00,2026-07-25 02:56:34.423623+00:00,2026-07-24 21:27:00.729891+00:00,security_metrics,ml_engine,a12aafb3,0.38606294792455614,0.38606294792455614,0,0.01939770206809044,,,,,,
_result,0,2026-07-24 20:29:11.255273+00:00,2026-07-25 02:56:34.423623+00:00,2026-07-24 21:27:16.712489+00:00,security_metrics,ml_engine,a12aafb3,0.38601493988616603,0.38601493988616603,0,0.019778361544013023,,,,,,
_result,0,2026-07-24 20:29:11.255273+00:00,2026-07-25 02:56:34.423623+00:00,2026-07-24 21:27:32.581469+00:00,security_metrics,ml_engine,a12aafb3,0.3864026119940657,0.3864026119940657,0,0.019371261820197105,,,,,,
_result,0,2026-07-24 20:29:11.255273+00:00,2026-07-25 02:56:34.423623+00:00,2026-07-24 21:27:48.459746+00:00,security_metrics,ml_engine,a12aafb3,0.39700355457630154,0.39700355457630154,0,0.019455503672361374,,,,,,
_result,0,2026-07-24 20:29:11.255273+00:00,2026-07-25 02:56:34.423623+00:00,2026-07-24 21:28:04.345814+00:00,security_metrics,ml_engine,a12aafb3,0.38032909310540614,0.38032909310540614,0,0.01928008534014225,,,,,,
_result,0,2026-07-24 20:29:11.255273+00:00,2026-07-25 02:56:34.423623+00:00,2026-07-24 21:28:20.230208+00:00,security_metrics,ml_engine,a12aafb3,0.4063562365693013,0.4063562365693013,0,0.01960390992462635,,,,,,
_result,0,2026-07-24 20:29:11.255273+00:00,2026-07-25 02:56:34.423623+00:00,2026-07-24 21:28:36.105468+00:00,security_metrics,ml_engine,a12aafb3,0.2787767050601258,0.2787767050601258,0,0.019115757197141647,,,,,,
_result,0,2026-07-24 20:29:11.255273+00:00,2026-07-25 02:56:34.423623+00:00,2026-07-24 21:28:52.125299+00:00,security_metrics,ml_engine,a12aafb3,0.3814852133807832,0.3814852133807832,0,0.01945413649082184,,,,,,
_result,0,2026-07-24 20:29:11.255273+00:00,2026-07-25 02:56:34.423623+00:00,2026-07-24 21:29:08.048105+00:00,security_metrics,ml_engine,a12aafb3,0.3999962455696405,0.3999962455696405,0,0.019261138513684273,,,,,,
_result,0,2026-07-24 20:29:11.255273+00:00,2026-07-25 02:56:34.423623+00:00,2026-07-24 21:30:06.107120+00:00,security_metrics,ml_engine,a12aafb3,0.019408679390085504,0.019408679390085504,0,7.966118573676795e-05,,,,,,
_result,0,2026-07-24 20:29:11.255273+00:00,2026-07-25 02:56:34.423623+00:00,2026-07-24 21:30:21.994087+00:00,security_metrics,ml_engine,a12aafb3,0.18797265546347386,0.18797265546347386,0,0.00043151809950359166,,,,,,
_result,0,2026-07-24 20:29:11.255273+00:00,2026-07-25 02:56:34.423623+00:00,2026-07-24 21:30:37.905424+00:00,security_metrics,ml_engine,a12aafb3,0.0874085214830086,0.0874085214830086,0,8.888985757948831e-05,,,,,,
_result,0,2026-07-24 20:29:11.255273+00:00,2026-07-25 02:56:34.423623+00:00,2026-07-24 21:30:53.838424+00:00,security_metrics,ml_engine,a12aafb3,0.1724992594371081,0.1724992594371081,0,2.902897358580958e-05,,,,,,
_result,0,2026-07-24 20:29:11.255273+00:00,2026-07-25 02:56:34.423623+00:00,2026-07-24 21:31:09.748017+00:00,security_metrics,ml_engine,a12aafb3,0.17996737980515903,0.17996737980515903,0,0.000358374702045694,,,,,,
_result,0,2026-07-24 20:29:11.255273+00:00,2026-07-25 02:56:34.423623+00:00,2026-07-24 21:31:25.675297+00:00,security_metrics,ml_engine,a12aafb3,0.06856134866693764,0.06856134866693764,0,0.0008261229377239943,,,,,,
_result,0,2026-07-24 20:29:11.255273+00:00,2026-07-25 02:56:34.423623+00:00,2026-07-24 21:31:41.680911+00:00,security_metrics,ml_engine,a12aafb3,0.08057708374885375,0.08057708374885375,0,0.00011706324585247785,,,,,,
_result,0,2026-07-24 20:29:11.255273+00:00,2026-07-25 02:56:34.423623+00:00,2026-07-24 21:31:57.588705+00:00,security_metrics,ml_engine,a12aafb3,0.19942396473796858,0.19942396473796858,0,8.313910075230524e-05,,,,,,
_result,0,2026-07-24 20:29:11.255273+00:00,2026-07-25 02:56:34.423623+00:00,2026-07-24 21:32:13.515845+00:00,security_metrics,ml_engine,a12aafb3,0.08403276578649022,0.08403276578649022,0,9.903933823807165e-05,,,,,,
_result,0,2026-07-24 20:29:11.255273+00:00,2026-07-25 02:56:34.423623+00:00,2026-07-24 21:32:29.439877+00:00,security_metrics,ml_engine,a12aafb3,0.159579386624631,0.159579386624631,0,0.000101918623840902,,,,,,
_result,0,2026-07-24 20:29:11.255273+00:00,2026-07-25 02:56:34.423623+00:00,2026-07-24 21:32:45.382960+00:00,security_metrics,ml_engine,a12aafb3,0.2076384502101984,0.2076384502101984,0,5.2409901400096714e-05,,,,,,
_result,0,2026-07-24 20:29:11.255273+00:00,2026-07-25 02:56:34.423623+00:00,2026-07-24 21:33:01.313612+00:00,security_metrics,ml_engine,a12aafb3,0.1436598772472586,0.1436598772472586,0,9.0761597675737e-05,,,,,,
_result,0,2026-07-24 20:29:11.255273+00:00,2026-07-25 02:56:34.423623+00:00,2026-07-24 21:33:17.376538+00:00,security_metrics,ml_engine,a12aafb3,0.14183442005462055,0.14183442005462055,0,8.516600064467639e-05,,,,,,
_result,0,2026-07-24 20:29:11.255273+00:00,2026-07-25 02:56:34.423623+00:00,2026-07-24 21:33:33.330237+00:00,security_metrics,ml_engine,a12aafb3,-0.011979929730718819,-0.011979929730718819,0,0.00011870318121509627,,,,,,
_result,0,2026-07-24 20:29:11.255273+00:00,2026-07-25 02:56:34.423623+00:00,2026-07-24 21:33:49.281826+00:00,security_metrics,ml_engine,a12aafb3,0.07404388214994828,0.07404388214994828,0,8.441491809207946e-05,,,,,,
_result,0,2026-07-24 20:29:11.255273+00:00,2026-07-25 02:56:34.423623+00:00,2026-07-24 21:34:05.252711+00:00,security_metrics,ml_engine,a12aafb3,0.1130373164232425,0.1130373164232425,0,7.885789818828925e-05,,,,,,
_result,0,2026-07-24 20:29:11.255273+00:00,2026-07-25 02:56:34.423623+00:00,2026-07-24 21:34:21.189776+00:00,security_metrics,ml_engine,a12aafb3,0.10699672220688727,0.10699672220688727,0,0.00011568758054636419,,,,,,
_result,0,2026-07-24 20:29:11.255273+00:00,2026-07-25 02:56:34.423623+00:00,2026-07-24 21:34:37.171602+00:00,security_metrics,ml_engine,a12aafb3,0.19879512830278334,0.19879512830278334,0,0.00010227178427157924,,,,,,
_result,0,2026-07-24 20:29:11.255273+00:00,2026-07-25 02:56:34.423623+00:00,2026-07-24 21:34:53.264477+00:00,security_metrics,ml_engine,a12aafb3,0.20342024376389195,0.20342024376389195,0,6.862983718747273e-05,,,,,,
_result,0,2026-07-24 20:29:11.255273+00:00,2026-07-25 02:56:34.423623+00:00,2026-07-24 21:35:09.218899+00:00,security_metrics,ml_engine,a12aafb3,0.17607872986095935,0.17607872986095935,0,4.6347722673090175e-05,,,,,,
_result,0,2026-07-24 20:29:11.255273+00:00,2026-07-25 02:56:34.423623+00:00,2026-07-24 21:35:25.170020+00:00,security_metrics,ml_engine,a12aafb3,0.08809796983536688,0.08809796983536688,0,7.332684617722407e-05,,,,,,
_result,0,2026-07-24 20:29:11.255273+00:00,2026-07-25 02:56:34.423623+00:00,2026-07-24 21:35:40.196395+00:00,security_metrics,ml_engine,a12aafb3,-1.0,,1,,,,,,,
_result,0,2026-07-24 20:29:11.255273+00:00,2026-07-25 02:56:34.423623+00:00,2026-07-24 21:35:41.145579+00:00,security_metrics,ml_engine,a12aafb3,0.14594417863264486,0.14594417863264486,0,0.04007239267230034,,,,,,
_result,0,2026-07-24 20:29:11.255273+00:00,2026-07-25 02:56:34.423623+00:00,2026-07-24 21:35:56.172047+00:00,security_metrics,ml_engine,a12aafb3,-1.0,,1,,,,,,,
_result,0,2026-07-24 20:29:11.255273+00:00,2026-07-25 02:56:34.423623+00:00,2026-07-24 21:35:56.219893+00:00,security_metrics,ml_engine,a12aafb3,-0.95,,1,,,,,,,
_result,0,2026-07-24 20:29:11.255273+00:00,2026-07-25 02:56:34.423623+00:00,2026-07-24 21:36:12.181643+00:00,security_metrics,ml_engine,a12aafb3,-1.0,,1,,,,,,,
_result,0,2026-07-24 20:29:11.255273+00:00,2026-07-25 02:56:34.423623+00:00,2026-07-24 21:36:12.183280+00:00,security_metrics,ml_engine,a12aafb3,-1.0,,1,,,,,,,
_result,0,2026-07-24 20:29:11.255273+00:00,2026-07-25 02:56:34.423623+00:00,2026-07-24 21:36:12.184917+00:00,security_metrics,ml_engine,a12aafb3,-1.0,,1,,,,,,,
_result,0,2026-07-24 20:29:11.255273+00:00,2026-07-25 02:56:34.423623+00:00,2026-07-24 21:36:12.186408+00:00,security_metrics,ml_engine,a12aafb3,-1.0,,1,,,,,,,
_result,0,2026-07-24 20:29:11.255273+00:00,2026-07-25 02:56:34.423623+00:00,2026-07-24 21:36:12.187951+00:00,security_metrics,ml_engine,a12aafb3,-1.0,,1,,,,,,,
_result,0,2026-07-24 20:29:11.255273+00:00,2026-07-25 02:56:34.423623+00:00,2026-07-24 21:36:28.183142+00:00,security_metrics,ml_engine,a12aafb3,-1.0,,1,,,,,,,
_result,0,2026-07-24 20:29:11.255273+00:00,2026-07-25 02:56:34.423623+00:00,2026-07-24 21:36:28.184721+00:00,security_metrics,ml_engine,a12aafb3,-1.0,,1,,,,,,,
_result,0,2026-07-24 20:29:11.255273+00:00,2026-07-25 02:56:34.423623+00:00,2026-07-24 21:36:28.186136+00:00,security_metrics,ml_engine,a12aafb3,-1.0,,1,,,,,,,
_result,0,2026-07-24 20:29:11.255273+00:00,2026-07-25 02:56:34.423623+00:00,2026-07-24 21:36:28.187560+00:00,security_metrics,ml_engine,a12aafb3,-1.0,,1,,,,,,,
_result,0,2026-07-24 20:29:11.255273+00:00,2026-07-25 02:56:34.423623+00:00,2026-07-24 21:36:28.189059+00:00,security_metrics,ml_engine,a12aafb3,-1.0,,1,,,,,,,
_result,0,2026-07-24 20:29:11.255273+00:00,2026-07-25 02:56:34.423623+00:00,2026-07-24 21:36:45.247477+00:00,security_metrics,ml_engine,a12aafb3,0.18517007332290464,0.18517007332290464,0,2.006137219723314e-05,,,,,,
_result,0,2026-07-24 20:29:11.255273+00:00,2026-07-25 02:56:34.423623+00:00,2026-07-24 21:37:00.278036+00:00,security_metrics,ml_engine,a12aafb3,-1.0,,1,,,,,,,
_result,0,2026-07-24 20:29:11.255273+00:00,2026-07-25 02:56:34.423623+00:00,2026-07-24 21:37:00.279592+00:00,security_metrics,ml_engine,a12aafb3,-1.0,,1,,,,,,,
_result,0,2026-07-24 20:29:11.255273+00:00,2026-07-25 02:56:34.423623+00:00,2026-07-24 21:37:17.193682+00:00,security_metrics,ml_engine,a12aafb3,-0.1184173574782178,-0.1184173574782178,0,0.17046190798282623,,,,,,
_result,0,2026-07-24 20:29:11.255273+00:00,2026-07-25 02:56:34.423623+00:00,2026-07-24 21:38:04.299498+00:00,security_metrics,ml_engine,a12aafb3,-0.95,,1,,,,,,,
_result,0,2026-07-24 20:29:11.255273+00:00,2026-07-25 02:56:34.423623+00:00,2026-07-24 21:40:12.841306+00:00,security_metrics,ml_engine,a12aafb3,-0.95,,1,,,,,,,
_result,0,2026-07-24 20:29:11.255273+00:00,2026-07-25 02:56:34.423623+00:00,2026-07-24 21:42:21.450475+00:00,security_metrics,ml_engine,a12aafb3,-0.95,,1,,,,,,,
_result,0,2026-07-24 20:29:11.255273+00:00,2026-07-25 02:56:34.423623+00:00,2026-07-24 21:47:12.276169+00:00,security_metrics,ml_engine,a12aafb3,-1.0,,1,,,,,,,
_result,0,2026-07-24 20:29:11.255273+00:00,2026-07-25 02:56:34.423623+00:00,2026-07-24 21:47:12.277883+00:00,security_metrics,ml_engine,a12aafb3,-1.0,,1,,,,,,,
_result,0,2026-07-24 20:29:11.255273+00:00,2026-07-25 02:56:34.423623+00:00,2026-07-24 21:47:28.453630+00:00,security_metrics,ml_engine,a12aafb3,-1.0,,1,,,,,,,
_result,0,2026-07-24 20:29:11.255273+00:00,2026-07-25 02:56:34.423623+00:00,2026-07-24 21:47:28.455175+00:00,security_metrics,ml_engine,a12aafb3,-1.0,,1,,,,,,,
_result,0,2026-07-24 20:29:11.255273+00:00,2026-07-25 02:56:34.423623+00:00,2026-07-24 21:47:28.456745+00:00,security_metrics,ml_engine,a12aafb3,-1.0,,1,,,,,,,
_result,0,2026-07-24 20:29:11.255273+00:00,2026-07-25 02:56:34.423623+00:00,2026-07-24 21:47:44.695016+00:00,security_metrics,ml_engine,a12aafb3,-1.0,,1,,,,,,,
_result,0,2026-07-24 20:29:11.255273+00:00,2026-07-25 02:56:34.423623+00:00,2026-07-24 21:47:44.696440+00:00,security_metrics,ml_engine,a12aafb3,-1.0,,1,,,,,,,
_result,0,2026-07-24 20:29:11.255273+00:00,2026-07-25 02:56:34.423623+00:00,2026-07-24 21:47:44.697893+00:00,security_metrics,ml_engine,a12aafb3,-1.0,,1,,,,,,,
_result,0,2026-07-24 20:29:11.255273+00:00,2026-07-25 02:56:34.423623+00:00,2026-07-24 21:47:44.744960+00:00,security_metrics,ml_engine,a12aafb3,-0.95,,1,,,,,,,
_result,0,2026-07-24 20:29:11.255273+00:00,2026-07-25 02:56:34.423623+00:00,2026-07-24 21:48:01.017313+00:00,security_metrics,ml_engine,a12aafb3,-1.0,,1,,,,,,,
_result,0,2026-07-24 20:29:11.255273+00:00,2026-07-25 02:56:34.423623+00:00,2026-07-24 21:48:01.019005+00:00,security_metrics,ml_engine,a12aafb3,-1.0,,1,,,,,,,
_result,0,2026-07-24 20:29:11.255273+00:00,2026-07-25 02:56:34.423623+00:00,2026-07-24 21:49:54.291536+00:00,security_metrics,ml_engine,a12aafb3,-0.95,,1,,,,,,,
_result,0,2026-07-24 20:29:11.255273+00:00,2026-07-25 02:56:34.423623+00:00,2026-07-24 21:52:04.010444+00:00,security_metrics,ml_engine,a12aafb3,-0.95,,1,,,,,,,
_result,0,2026-07-24 20:29:11.255273+00:00,2026-07-25 02:56:34.423623+00:00,2026-07-24 22:02:40.871748+00:00,security_metrics,ml_engine,a12aafb3,-1.0,,1,,,,,,,
_result,0,2026-07-24 20:29:11.255273+00:00,2026-07-25 02:56:34.423623+00:00,2026-07-24 22:02:40.873365+00:00,security_metrics,ml_engine,a12aafb3,-1.0,,1,,,,,,,
_result,0,2026-07-24 20:29:11.255273+00:00,2026-07-25 02:56:34.423623+00:00,2026-07-24 22:02:57.245097+00:00,security_metrics,ml_engine,a12aafb3,-1.0,,1,,,,,,,
_result,0,2026-07-24 20:29:11.255273+00:00,2026-07-25 02:56:34.423623+00:00,2026-07-24 22:02:57.246640+00:00,security_metrics,ml_engine,a12aafb3,-1.0,,1,,,,,,,
_result,0,2026-07-24 20:29:11.255273+00:00,2026-07-25 02:56:34.423623+00:00,2026-07-24 22:02:57.248143+00:00,security_metrics,ml_engine,a12aafb3,-1.0,,1,,,,,,,
_result,0,2026-07-24 20:29:11.255273+00:00,2026-07-25 02:56:34.423623+00:00,2026-07-24 22:03:13.637508+00:00,security_metrics,ml_engine,a12aafb3,-1.0,,1,,,,,,,
_result,0,2026-07-24 20:29:11.255273+00:00,2026-07-25 02:56:34.423623+00:00,2026-07-24 22:03:13.639216+00:00,security_metrics,ml_engine,a12aafb3,-1.0,,1,,,,,,,
_result,0,2026-07-24 20:29:11.255273+00:00,2026-07-25 02:56:34.423623+00:00,2026-07-24 22:03:13.640752+00:00,security_metrics,ml_engine,a12aafb3,-1.0,,1,,,,,,,
_result,0,2026-07-24 20:29:11.255273+00:00,2026-07-25 02:56:34.423623+00:00,2026-07-24 22:03:30.020883+00:00,security_metrics,ml_engine,a12aafb3,-1.0,,1,,,,,,,
_result,0,2026-07-24 20:29:11.255273+00:00,2026-07-25 02:56:34.423623+00:00,2026-07-24 22:03:30.022440+00:00,security_metrics,ml_engine,a12aafb3,-1.0,,1,,,,,,,
_result,0,2026-07-24 20:29:11.255273+00:00,2026-07-25 02:56:34.423623+00:00,2026-07-24 22:03:30.023956+00:00,security_metrics,ml_engine,a12aafb3,-1.0,,1,,,,,,,
_result,0,2026-07-24 20:29:11.255273+00:00,2026-07-25 02:56:34.423623+00:00,2026-07-24 22:03:46.559207+00:00,security_metrics,ml_engine,a12aafb3,-1.0,,1,,,,,,,
_result,0,2026-07-24 20:29:11.255273+00:00,2026-07-25 02:56:34.423623+00:00,2026-07-24 22:10:54.618172+00:00,security_metrics,ml_engine,a12aafb3,-1.0,,1,,,,,,,
_result,0,2026-07-24 20:29:11.255273+00:00,2026-07-25 02:56:34.423623+00:00,2026-07-24 22:10:54.619776+00:00,security_metrics,ml_engine,a12aafb3,-1.0,,1,,,,,,,
_result,0,2026-07-24 20:29:11.255273+00:00,2026-07-25 02:56:34.423623+00:00,2026-07-24 22:10:54.621333+00:00,security_metrics,ml_engine,a12aafb3,-1.0,,1,,,,,,,
_result,0,2026-07-24 20:29:11.255273+00:00,2026-07-25 02:56:34.423623+00:00,2026-07-24 22:10:54.622812+00:00,security_metrics,ml_engine,a12aafb3,-1.0,,1,,,,,,,
_result,0,2026-07-24 20:29:11.255273+00:00,2026-07-25 02:56:34.423623+00:00,2026-07-24 22:11:12.643077+00:00,security_metrics,ml_engine,a12aafb3,0.19951196140911942,0.19951196140911942,0,1.8690665456233546e-05,,,,,,
_result,0,2026-07-24 20:29:11.255273+00:00,2026-07-25 02:56:34.423623+00:00,2026-07-24 22:11:29.106827+00:00,security_metrics,ml_engine,a12aafb3,0.19697143586251203,0.19697143586251203,0,2.3847036572988145e-05,,,,,,
_result,0,2026-07-24 20:29:11.255273+00:00,2026-07-25 02:56:34.423623+00:00,2026-07-24 22:11:45.594887+00:00,security_metrics,ml_engine,a12aafb3,0.18065469525198358,0.18065469525198358,0,2.0405717805260792e-05,,,,,,
_result,0,2026-07-24 20:29:11.255273+00:00,2026-07-25 02:56:34.423623+00:00,2026-07-24 22:12:02.067118+00:00,security_metrics,ml_engine,a12aafb3,0.18751555402180398,0.18751555402180398,0,2.3431986846844666e-05,,,,,,
_result,0,2026-07-24 20:29:11.255273+00:00,2026-07-25 02:56:34.423623+00:00,2026-07-24 22:12:18.687988+00:00,security_metrics,ml_engine,a12aafb3,0.17532448078455543,0.17532448078455543,0,2.6402529329061508e-05,,,,,,
_result,0,2026-07-24 20:29:11.255273+00:00,2026-07-25 02:56:34.423623+00:00,2026-07-24 22:12:35.173189+00:00,security_metrics,ml_engine,a12aafb3,0.2013037548953589,0.2013037548953589,0,1.841556695580948e-05,,,,,,
_result,0,2026-07-24 20:29:11.255273+00:00,2026-07-25 02:56:34.423623+00:00,2026-07-24 22:12:51.665524+00:00,security_metrics,ml_engine,a12aafb3,0.19714338548643884,0.19714338548643884,0,1.8444039596943185e-05,,,,,,
_result,0,2026-07-24 20:29:11.255273+00:00,2026-07-25 02:56:34.423623+00:00,2026-07-24 22:13:08.162743+00:00,security_metrics,ml_engine,a12aafb3,0.1927950951480561,0.1927950951480561,0,1.875474481494166e-05,,,,,,
_result,0,2026-07-24 20:29:11.255273+00:00,2026-07-25 02:56:34.423623+00:00,2026-07-24 22:13:24.764311+00:00,security_metrics,ml_engine,a12aafb3,0.18466341319802254,0.18466341319802254,0,2.1003286747145467e-05,,,,,,
_result,0,2026-07-24 20:29:11.255273+00:00,2026-07-25 02:56:34.423623+00:00,2026-07-24 22:13:41.307920+00:00,security_metrics,ml_engine,a12aafb3,0.17830519082222757,0.17830519082222757,0,2.30610094149597e-05,,,,,,
_result,0,2026-07-24 20:29:11.255273+00:00,2026-07-25 02:56:34.423623+00:00,2026-07-24 22:13:57.807267+00:00,security_metrics,ml_engine,a12aafb3,0.20139394336428051,0.20139394336428051,0,1.7825439499574713e-05,,,,,,
_result,0,2026-07-24 20:29:11.255273+00:00,2026-07-25 02:56:34.423623+00:00,2026-07-24 22:14:14.338857+00:00,security_metrics,ml_engine,a12aafb3,0.20194943179581337,0.20194943179581337,0,2.04411699087359e-05,,,,,,
_result,0,2026-07-24 20:29:11.255273+00:00,2026-07-25 02:56:34.423623+00:00,2026-07-24 22:14:31.057662+00:00,security_metrics,ml_engine,a12aafb3,0.15410942550695061,0.15410942550695061,0,2.0364006559248082e-05,,,,,,
_result,0,2026-07-24 20:29:11.255273+00:00,2026-07-25 02:56:34.423623+00:00,2026-07-24 22:14:47.584922+00:00,security_metrics,ml_engine,a12aafb3,0.1682980925201677,0.1682980925201677,0,1.7473304978921078e-05,,,,,,
_result,0,2026-07-24 20:29:11.255273+00:00,2026-07-25 02:56:34.423623+00:00,2026-07-24 22:15:04.179374+00:00,security_metrics,ml_engine,a12aafb3,0.18657819888658567,0.18657819888658567,0,1.9507710021571256e-05,,,,,,
_result,0,2026-07-24 20:29:11.255273+00:00,2026-07-25 02:56:34.423623+00:00,2026-07-24 22:15:20.736972+00:00,security_metrics,ml_engine,a12aafb3,0.201801329907907,0.201801329907907,0,2.129780114046298e-05,,,,,,
_result,0,2026-07-24 20:29:11.255273+00:00,2026-07-25 02:56:34.423623+00:00,2026-07-24 22:15:37.385510+00:00,security_metrics,ml_engine,a12aafb3,0.037669130752027935,0.037669130752027935,0,0.004783154930919409,,,,,,
_result,0,2026-07-24 20:29:11.255273+00:00,2026-07-25 02:56:34.423623+00:00,2026-07-24 22:15:53.901561+00:00,security_metrics,ml_engine,a12aafb3,0.18858231475103293,0.18858231475103293,0,2.0879804651485756e-05,,,,,,
_result,0,2026-07-24 20:29:11.255273+00:00,2026-07-25 02:56:34.423623+00:00,2026-07-24 22:16:10.457192+00:00,security_metrics,ml_engine,a12aafb3,0.16880594841084212,0.16880594841084212,0,2.0901677999063395e-05,,,,,,
_result,0,2026-07-24 20:29:11.255273+00:00,2026-07-25 02:56:34.423623+00:00,2026-07-24 22:16:27.004500+00:00,security_metrics,ml_engine,a12aafb3,0.1804957580776297,0.1804957580776297,0,2.2149763026391156e-05,,,,,,
_result,0,2026-07-24 20:29:11.255273+00:00,2026-07-25 02:56:34.423623+00:00,2026-07-24 22:16:43.666188+00:00,security_metrics,ml_engine,a12aafb3,0.18373321839523743,0.18373321839523743,0,2.3064865672495216e-05,,,,,,
_result,0,2026-07-24 20:29:11.255273+00:00,2026-07-25 02:56:34.423623+00:00,2026-07-24 22:17:00.208358+00:00,security_metrics,ml_engine,a12aafb3,0.18735645343515278,0.18735645343515278,0,0.0004821755865123123,,,,,,
_result,0,2026-07-24 20:29:11.255273+00:00,2026-07-25 02:56:34.423623+00:00,2026-07-24 22:17:16.731717+00:00,security_metrics,ml_engine,a12aafb3,0.17532448078455543,0.17532448078455543,0,2.0413050151546486e-05,,,,,,
_result,0,2026-07-24 20:29:11.255273+00:00,2026-07-25 02:56:34.423623+00:00,2026-07-24 22:17:33.410733+00:00,security_metrics,ml_engine,a12aafb3,0.19107226948657396,0.19107226948657396,0,1.9290020645712502e-05,,,,,,
_result,0,2026-07-24 20:29:11.255273+00:00,2026-07-25 02:56:34.423623+00:00,2026-07-24 22:17:49.966019+00:00,security_metrics,ml_engine,a12aafb3,0.18981191810816428,0.18981191810816428,0,2.5002407710417174e-05,,,,,,
_result,0,2026-07-24 20:29:11.255273+00:00,2026-07-25 02:56:34.423623+00:00,2026-07-24 22:18:06.515916+00:00,security_metrics,ml_engine,a12aafb3,0.1895911571113295,0.1895911571113295,0,0.0007209351169876754,,,,,,
_result,0,2026-07-24 20:29:11.255273+00:00,2026-07-25 02:56:34.423623+00:00,2026-07-24 22:18:23.124025+00:00,security_metrics,ml_engine,a12aafb3,0.1906768231594861,0.1906768231594861,0,2.2294210793916136e-05,,,,,,
_result,0,2026-07-24 20:29:11.255273+00:00,2026-07-25 02:56:34.423623+00:00,2026-07-24 22:18:39.824298+00:00,security_metrics,ml_engine,a12aafb3,0.17287835744123808,0.17287835744123808,0,2.576604310888797e-05,,,,,,
_result,0,2026-07-24 20:29:11.255273+00:00,2026-07-25 02:56:34.423623+00:00,2026-07-24 22:18:56.463775+00:00,security_metrics,ml_engine,a12aafb3,0.1585277743715342,0.1585277743715342,0,2.0927764126099646e-05,,,,,,
_result,0,2026-07-24 20:29:11.255273+00:00,2026-07-25 02:56:34.423623+00:00,2026-07-24 22:19:13.122340+00:00,security_metrics,ml_engine,a12aafb3,0.2000760625614707,0.2000760625614707,0,2.136633702320978e-05,,,,,,
_result,0,2026-07-24 20:29:11.255273+00:00,2026-07-25 02:56:34.423623+00:00,2026-07-24 22:19:28.152380+00:00,security_metrics,ml_engine,a12aafb3,-1.0,,1,,,,,,,
_result,0,2026-07-24 20:29:11.255273+00:00,2026-07-25 02:56:34.423623+00:00,2026-07-24 22:19:28.153906+00:00,security_metrics,ml_engine,a12aafb3,-1.0,,1,,,,,,,
_result,0,2026-07-24 20:29:11.255273+00:00,2026-07-25 02:56:34.423623+00:00,2026-07-24 22:19:28.156056+00:00,security_metrics,ml_engine,a12aafb3,-1.0,,1,,,,,,,
_result,0,2026-07-24 20:29:11.255273+00:00,2026-07-25 02:56:34.423623+00:00,2026-07-24 22:19:28.158263+00:00,security_metrics,ml_engine,a12aafb3,-1.0,,1,,,,,,,
_result,0,2026-07-24 20:29:11.255273+00:00,2026-07-25 02:56:34.423623+00:00,2026-07-24 22:19:29.687291+00:00,security_metrics,ml_engine,a12aafb3,0.06749392982827573,0.06749392982827573,0,0.16176837682724,,,,,,
_result,0,2026-07-24 20:29:11.255273+00:00,2026-07-25 02:56:34.423623+00:00,2026-07-24 22:19:46.358890+00:00,security_metrics,ml_engine,a12aafb3,0.18362034496514335,0.18362034496514335,0,3.2680040021659806e-05,,,,,,
_result,0,2026-07-24 20:29:11.255273+00:00,2026-07-25 02:56:34.423623+00:00,2026-07-24 22:20:02.950492+00:00,security_metrics,ml_engine,a12aafb3,0.201801329907907,0.201801329907907,0,1.992204852285795e-05,,,,,,
_result,0,2026-07-24 20:29:11.255273+00:00,2026-07-25 02:56:34.423623+00:00,2026-07-24 22:20:19.550213+00:00,security_metrics,ml_engine,a12aafb3,0.19712289119802984,0.19712289119802984,0,1.929575955728069e-05,,,,,,
_result,0,2026-07-24 20:29:11.255273+00:00,2026-07-25 02:56:34.423623+00:00,2026-07-24 22:20:36.260519+00:00,security_metrics,ml_engine,a12aafb3,0.19953571575673307,0.19953571575673307,0,1.9825938579742797e-05,,,,,,
_result,0,2026-07-24 20:29:11.255273+00:00,2026-07-25 02:56:34.423623+00:00,2026-07-24 22:20:52.844930+00:00,security_metrics,ml_engine,a12aafb3,0.12618844823654646,0.12618844823654646,0,1.7322985513601452e-05,,,,,,
_result,0,2026-07-24 20:29:11.255273+00:00,2026-07-25 02:56:34.423623+00:00,2026-07-24 22:21:09.430922+00:00,security_metrics,ml_engine,a12aafb3,0.18399306884449296,0.18399306884449296,0,1.8025799363385886e-05,,,,,,
_result,0,2026-07-24 20:29:11.255273+00:00,2026-07-25 02:56:34.423623+00:00,2026-07-24 22:21:25.991571+00:00,security_metrics,ml_engine,a12aafb3,0.1539557912698824,0.1539557912698824,0,2.1791485778521746e-05,,,,,,
_result,0,2026-07-24 20:29:11.255273+00:00,2026-07-25 02:56:34.423623+00:00,2026-07-24 22:21:42.678563+00:00,security_metrics,ml_engine,a12aafb3,0.18877948115297888,0.18877948115297888,0,1.8455011741025373e-05,,,,,,
_result,0,2026-07-24 20:29:11.255273+00:00,2026-07-25 02:56:34.423623+00:00,2026-07-24 22:21:59.251074+00:00,security_metrics,ml_engine,a12aafb3,0.18970706702128315,0.18970706702128315,0,1.93769719771808e-05,,,,,,
_result,0,2026-07-24 20:29:11.255273+00:00,2026-07-25 02:56:34.423623+00:00,2026-07-24 22:22:15.834553+00:00,security_metrics,ml_engine,a12aafb3,0.19634891044477198,0.19634891044477198,0,1.7990552805713378e-05,,,,,,
_result,0,2026-07-24 20:29:11.255273+00:00,2026-07-25 02:56:34.423623+00:00,2026-07-24 22:22:32.518162+00:00,security_metrics,ml_engine,a12aafb3,0.18711904980683025,0.18711904980683025,0,1.7368500266456977e-05,,,,,,
_result,0,2026-07-24 20:29:11.255273+00:00,2026-07-25 02:56:34.423623+00:00,2026-07-24 22:22:49.124032+00:00,security_metrics,ml_engine,a12aafb3,0.19714338548643884,0.19714338548643884,0,1.9957707991125062e-05,,,,,,
_result,0,2026-07-24 20:29:11.255273+00:00,2026-07-25 02:56:34.423623+00:00,2026-07-24 22:23:05.707461+00:00,security_metrics,ml_engine,a12aafb3,0.17680195832522322,0.17680195832522322,0,1.7629838112043217e-05,,,,,,
_result,0,2026-07-24 20:29:11.255273+00:00,2026-07-25 02:56:34.423623+00:00,2026-07-24 22:23:22.300490+00:00,security_metrics,ml_engine,a12aafb3,0.19826555070774698,0.19826555070774698,0,1.9434681234997697e-05,,,,,,
_result,0,2026-07-24 20:29:11.255273+00:00,2026-07-25 02:56:34.423623+00:00,2026-07-24 22:23:39.037971+00:00,security_metrics,ml_engine,a12aafb3,0.12618844823654646,0.12618844823654646,0,2.714063521125354e-05,,,,,,
_result,0,2026-07-24 20:29:11.255273+00:00,2026-07-25 02:56:34.423623+00:00,2026-07-24 22:23:55.642556+00:00,security_metrics,ml_engine,a12aafb3,0.19714338548643884,0.19714338548643884,0,1.7240447050426155e-05,,,,,,
_result,0,2026-07-24 20:29:11.255273+00:00,2026-07-25 02:56:34.423623+00:00,2026-07-24 22:24:12.269239+00:00,security_metrics,ml_engine,a12aafb3,0.1931968552364362,0.1931968552364362,0,0.0006990563706494868,,,,,,
_result,0,2026-07-24 20:29:11.255273+00:00,2026-07-25 02:56:34.423623+00:00,2026-07-24 22:24:28.972555+00:00,security_metrics,ml_engine,a12aafb3,0.07537731410514104,0.07537731410514104,0,0.004772642627358437,,,,,,
_result,0,2026-07-24 20:29:11.255273+00:00,2026-07-25 02:56:34.423623+00:00,2026-07-24 22:24:45.586218+00:00,security_metrics,ml_engine,a12aafb3,0.14695245697645348,0.14695245697645348,0,2.0364217562018894e-05,,,,,,
_result,0,2026-07-24 20:29:11.255273+00:00,2026-07-25 02:56:34.423623+00:00,2026-07-24 22:25:02.210589+00:00,security_metrics,ml_engine,a12aafb3,0.1373638688339151,0.1373638688339151,0,1.8620430637383834e-05,,,,,,
_result,0,2026-07-24 20:29:11.255273+00:00,2026-07-25 02:56:34.423623+00:00,2026-07-24 22:25:18.928566+00:00,security_metrics,ml_engine,a12aafb3,0.17825312546344885,0.17825312546344885,0,1.914409403980244e-05,,,,,,
_result,0,2026-07-24 20:29:11.255273+00:00,2026-07-25 02:56:34.423623+00:00,2026-07-24 22:25:35.577509+00:00,security_metrics,ml_engine,a12aafb3,0.08090299648114097,0.08090299648114097,0,2.1714013200835325e-05,,,,,,
_result,0,2026-07-24 20:29:11.255273+00:00,2026-07-25 02:56:34.423623+00:00,2026-07-24 22:25:52.219499+00:00,security_metrics,ml_engine,a12aafb3,0.2000760625614707,0.2000760625614707,0,2.2038346287445165e-05,,,,,,
_result,0,2026-07-24 20:29:11.255273+00:00,2026-07-25 02:56:34.423623+00:00,2026-07-24 22:26:08.840368+00:00,security_metrics,ml_engine,a12aafb3,0.1808648806302564,0.1808648806302564,0,1.9962242731708102e-05,,,,,,
_result,0,2026-07-24 20:29:11.255273+00:00,2026-07-25 02:56:34.423623+00:00,2026-07-24 22:26:25.599324+00:00,security_metrics,ml_engine,a12aafb3,0.17997001531136053,0.17997001531136053,0,1.967379830603022e-05,,,,,,
_result,0,2026-07-24 20:29:11.255273+00:00,2026-07-25 02:56:34.423623+00:00,2026-07-24 22:26:40.668989+00:00,security_metrics,ml_engine,a12aafb3,-0.95,,1,,,,,,,
_result,0,2026-07-24 20:29:11.255273+00:00,2026-07-25 02:56:34.423623+00:00,2026-07-24 22:26:42.269658+00:00,security_metrics,ml_engine,a12aafb3,-0.12715703644406495,-0.12715703644406495,0,0.14231061935424805,,,,,,
_result,0,2026-07-24 20:29:11.255273+00:00,2026-07-25 02:56:34.423623+00:00,2026-07-24 22:27:32.270317+00:00,security_metrics,ml_engine,a12aafb3,0.16757095668528477,0.16757095668528477,0,1.824243736336939e-05,,,,,,
_result,0,2026-07-24 20:29:11.255273+00:00,2026-07-25 02:56:34.423623+00:00,2026-07-24 22:27:48.900273+00:00,security_metrics,ml_engine,a12aafb3,0.13509218365434544,0.13509218365434544,0,2.2664989955956116e-05,,,,,,
_result,0,2026-07-24 20:29:11.255273+00:00,2026-07-25 02:56:34.423623+00:00,2026-07-24 22:28:05.533586+00:00,security_metrics,ml_engine,a12aafb3,0.12690485064140966,0.12690485064140966,0,1.9090566638624296e-05,,,,,,
_result,0,2026-07-24 20:29:11.255273+00:00,2026-07-25 02:56:34.423623+00:00,2026-07-24 22:28:22.285611+00:00,security_metrics,ml_engine,a12aafb3,0.12975180858219565,0.12975180858219565,0,1.902478834381327e-05,,,,,,
_result,0,2026-07-24 20:29:11.255273+00:00,2026-07-25 02:56:34.423623+00:00,2026-07-24 22:28:38.923027+00:00,security_metrics,ml_engine,a12aafb3,0.03502833441409814,0.03502833441409814,0,0.004765696823596954,,,,,,
_result,0,2026-07-24 20:29:11.255273+00:00,2026-07-25 02:56:34.423623+00:00,2026-07-24 22:28:55.605661+00:00,security_metrics,ml_engine,a12aafb3,0.15089922648578802,0.15089922648578802,0,1.9811208403552882e-05,,,,,,
_result,0,2026-07-24 20:29:11.255273+00:00,2026-07-25 02:56:34.423623+00:00,2026-07-24 22:29:12.399218+00:00,security_metrics,ml_engine,a12aafb3,0.15915832215827191,0.15915832215827191,0,0.0005559431156143546,,,,,,
_result,0,2026-07-24 20:29:11.255273+00:00,2026-07-25 02:56:34.423623+00:00,2026-07-24 22:29:29.084616+00:00,security_metrics,ml_engine,a12aafb3,0.17287835744123808,0.17287835744123808,0,1.7975604350795038e-05,,,,,,
_result,0,2026-07-24 20:29:11.255273+00:00,2026-07-25 02:56:34.423623+00:00,2026-07-24 22:29:45.770031+00:00,security_metrics,ml_engine,a12aafb3,0.1884790486697595,0.1884790486697595,0,2.099890298268292e-05,,,,,,
_result,0,2026-07-24 20:29:11.255273+00:00,2026-07-25 02:56:34.423623+00:00,2026-07-24 22:30:02.589454+00:00,security_metrics,ml_engine,a12aafb3,0.19420665141702825,0.19420665141702825,0,0.0005459963576868176,,,,,,
_result,0,2026-07-24 20:29:11.255273+00:00,2026-07-25 02:56:34.423623+00:00,2026-07-24 22:30:19.274952+00:00,security_metrics,ml_engine,a12aafb3,0.1929459344402606,0.1929459344402606,0,1.710292235657107e-05,,,,,,
_result,0,2026-07-24 20:29:11.255273+00:00,2026-07-25 02:56:34.423623+00:00,2026-07-24 22:30:36.028182+00:00,security_metrics,ml_engine,a12aafb3,0.15152127517984715,0.15152127517984715,0,1.7845473848865367e-05,,,,,,
_result,0,2026-07-24 20:29:11.255273+00:00,2026-07-25 02:56:34.423623+00:00,2026-07-24 22:30:52.841211+00:00,security_metrics,ml_engine,a12aafb3,0.18347421572352007,0.18347421572352007,0,1.9342705854796804e-05,,,,,,
_result,0,2026-07-24 20:29:11.255273+00:00,2026-07-25 02:56:34.423623+00:00,2026-07-24 22:31:09.549466+00:00,security_metrics,ml_engine,a12aafb3,0.1299199688110248,0.1299199688110248,0,1.70662078744499e-05,,,,,,
_result,0,2026-07-24 20:29:11.255273+00:00,2026-07-25 02:56:34.423623+00:00,2026-07-24 22:31:26.247009+00:00,security_metrics,ml_engine,a12aafb3,0.20209361267079168,0.20209361267079168,0,0.00038468523416668177,,,,,,
_result,0,2026-07-24 20:29:11.255273+00:00,2026-07-25 02:56:34.423623+00:00,2026-07-24 22:31:42.931307+00:00,security_metrics,ml_engine,a12aafb3,0.17182292458554982,0.17182292458554982,0,0.00015522752073593438,,,,,,
_result,0,2026-07-24 20:29:11.255273+00:00,2026-07-25 02:56:34.423623+00:00,2026-07-24 22:31:59.749778+00:00,security_metrics,ml_engine,a12aafb3,0.19625513069304373,0.19625513069304373,0,2.367000706726685e-05,,,,,,
_result,0,2026-07-24 20:29:11.255273+00:00,2026-07-25 02:56:34.423623+00:00,2026-07-24 22:32:16.436130+00:00,security_metrics,ml_engine,a12aafb3,0.18895425982849323,0.18895425982849323,0,1.8855007510865107e-05,,,,,,
_result,0,2026-07-24 20:29:11.255273+00:00,2026-07-25 02:56:34.423623+00:00,2026-07-24 22:32:33.126930+00:00,security_metrics,ml_engine,a12aafb3,0.14460011643747578,0.14460011643747578,0,1.839532342273742e-05,,,,,,
_result,0,2026-07-24 20:29:11.255273+00:00,2026-07-25 02:56:34.423623+00:00,2026-07-24 22:32:49.931647+00:00,security_metrics,ml_engine,a12aafb3,0.17839949795947585,0.17839949795947585,0,1.8234366507385857e-05,,,,,,
_result,0,2026-07-24 20:29:11.255273+00:00,2026-07-25 02:56:34.423623+00:00,2026-07-24 22:33:06.618501+00:00,security_metrics,ml_engine,a12aafb3,0.19510371541569355,0.19510371541569355,0,0.0007101299124769866,,,,,,
_result,0,2026-07-24 20:29:11.255273+00:00,2026-07-25 02:56:34.423623+00:00,2026-07-24 22:33:23.309202+00:00,security_metrics,ml_engine,a12aafb3,0.20490688812582852,0.20490688812582852,0,2.6036716008093208e-05,,,,,,
_result,0,2026-07-24 20:29:11.255273+00:00,2026-07-25 02:56:34.423623+00:00,2026-07-24 22:33:40.120479+00:00,security_metrics,ml_engine,a12aafb3,0.18417433510001058,0.18417433510001058,0,2.3314561985898763e-05,,,,,,
_result,0,2026-07-24 20:29:11.255273+00:00,2026-07-25 02:56:34.423623+00:00,2026-07-24 22:33:55.147906+00:00,security_metrics,ml_engine,a12aafb3,-1.0,,1,,,,,,,
_result,0,2026-07-24 20:29:11.255273+00:00,2026-07-25 02:56:34.423623+00:00,2026-07-24 22:33:56.824002+00:00,security_metrics,ml_engine,a12aafb3,0.05493215292617726,0.05493215292617726,0,0.020120663568377495,,,,,,
_result,0,2026-07-24 20:29:11.255273+00:00,2026-07-25 02:56:34.423623+00:00,2026-07-24 22:34:11.841362+00:00,security_metrics,ml_engine,a12aafb3,-1.0,,1,,,,,,,
_result,0,2026-07-24 20:29:11.255273+00:00,2026-07-25 02:56:34.423623+00:00,2026-07-24 22:34:11.842815+00:00,security_metrics,ml_engine,a12aafb3,-1.0,,1,,,,,,,
_result,0,2026-07-24 20:29:11.255273+00:00,2026-07-25 02:56:34.423623+00:00,2026-07-24 22:34:11.844221+00:00,security_metrics,ml_engine,a12aafb3,-1.0,,1,,,,,,,
_result,0,2026-07-24 20:29:11.255273+00:00,2026-07-25 02:56:34.423623+00:00,2026-07-24 22:34:13.536951+00:00,security_metrics,ml_engine,a12aafb3,0.052555804507133375,0.052555804507133375,0,0.11293081194162369,,,,,,
_result,0,2026-07-24 20:29:11.255273+00:00,2026-07-25 02:56:34.423623+00:00,2026-07-24 22:34:30.246649+00:00,security_metrics,ml_engine,a12aafb3,0.18858231475103293,0.18858231475103293,0,1.8556118448032066e-05,,,,,,
_result,0,2026-07-24 20:29:11.255273+00:00,2026-07-25 02:56:34.423623+00:00,2026-07-24 22:34:47.037025+00:00,security_metrics,ml_engine,a12aafb3,0.2005196255859023,0.2005196255859023,0,2.007220609812066e-05,,,,,,
_result,0,2026-07-24 20:29:11.255273+00:00,2026-07-25 02:56:34.423623+00:00,2026-07-24 22:35:03.716230+00:00,security_metrics,ml_engine,a12aafb3,0.18796964217862488,0.18796964217862488,0,1.7703483536024578e-05,,,,,,
_result,0,2026-07-24 20:29:11.255273+00:00,2026-07-25 02:56:34.423623+00:00,2026-07-24 22:35:20.394173+00:00,security_metrics,ml_engine,a12aafb3,0.18420917562046568,0.18420917562046568,0,2.0080335161765106e-05,,,,,,
_result,0,2026-07-24 20:29:11.255273+00:00,2026-07-25 02:56:34.423623+00:00,2026-07-24 22:35:37.198250+00:00,security_metrics,ml_engine,a12aafb3,0.19665956539128776,0.19665956539128776,0,1.7808466509450227e-05,,,,,,
_result,0,2026-07-24 20:29:11.255273+00:00,2026-07-25 02:56:34.423623+00:00,2026-07-24 22:35:53.883150+00:00,security_metrics,ml_engine,a12aafb3,0.09554674311732181,0.09554674311732181,0,2.3866885385359637e-05,,,,,,
_result,0,2026-07-24 20:29:11.255273+00:00,2026-07-25 02:56:34.423623+00:00,2026-07-24 22:36:10.565413+00:00,security_metrics,ml_engine,a12aafb3,0.18711904980683025,0.18711904980683025,0,2.4176300939870998e-05,,,,,,
_result,0,2026-07-24 20:29:11.255273+00:00,2026-07-25 02:56:34.423623+00:00,2026-07-24 22:36:27.366610+00:00,security_metrics,ml_engine,a12aafb3,0.1997902783199803,0.1997902783199803,0,2.0344386939541437e-05,,,,,,
_result,0,2026-07-24 20:29:11.255273+00:00,2026-07-25 02:56:34.423623+00:00,2026-07-24 22:36:44.065109+00:00,security_metrics,ml_engine,a12aafb3,0.18347421572352007,0.18347421572352007,0,2.012755794567056e-05,,,,,,
_result,0,2026-07-24 20:29:11.255273+00:00,2026-07-25 02:56:34.423623+00:00,2026-07-24 22:37:00.761529+00:00,security_metrics,ml_engine,a12aafb3,0.17839949795947585,0.17839949795947585,0,2.2458983949036337e-05,,,,,,
_result,0,2026-07-24 20:29:11.255273+00:00,2026-07-25 02:56:34.423623+00:00,2026-07-24 22:37:17.563947+00:00,security_metrics,ml_engine,a12aafb3,0.11869558288385806,0.11869558288385806,0,2.316295649507083e-05,,,,,,
_result,0,2026-07-24 20:29:11.255273+00:00,2026-07-25 02:56:34.423623+00:00,2026-07-24 22:37:34.255391+00:00,security_metrics,ml_engine,a12aafb3,0.1674389786851188,0.1674389786851188,0,0.0006534934509545565,,,,,,
_result,0,2026-07-24 20:29:11.255273+00:00,2026-07-25 02:56:34.423623+00:00,2026-07-24 22:37:50.958028+00:00,security_metrics,ml_engine,a12aafb3,0.19399132250480855,0.19399132250480855,0,2.3330048861680552e-05,,,,,,
_result,0,2026-07-24 20:29:11.255273+00:00,2026-07-25 02:56:34.423623+00:00,2026-07-24 22:38:07.647108+00:00,security_metrics,ml_engine,a12aafb3,0.17093224628024478,0.17093224628024478,0,2.146139922842849e-05,,,,,,
_result,0,2026-07-24 20:29:11.255273+00:00,2026-07-25 02:56:34.423623+00:00,2026-07-24 22:38:24.438436+00:00,security_metrics,ml_engine,a12aafb3,0.17501285083153473,0.17501285083153473,0,2.191619569202885e-05,,,,,,
_result,0,2026-07-24 20:29:11.255273+00:00,2026-07-25 02:56:34.423623+00:00,2026-07-24 22:38:41.151834+00:00,security_metrics,ml_engine,a12aafb3,0.20226585726208973,0.20226585726208973,0,2.547697840782348e-05,,,,,,
_result,0,2026-07-24 20:29:11.255273+00:00,2026-07-25 02:56:34.423623+00:00,2026-07-24 22:38:57.862517+00:00,security_metrics,ml_engine,a12aafb3,0.17790918909059789,0.17790918909059789,0,2.7566198696149513e-05,,,,,,
_result,0,2026-07-24 20:29:11.255273+00:00,2026-07-25 02:56:34.423623+00:00,2026-07-24 22:39:14.669598+00:00,security_metrics,ml_engine,a12aafb3,0.1931968552364362,0.1931968552364362,0,2.103032784361858e-05,,,,,,
_result,0,2026-07-24 20:29:11.255273+00:00,2026-07-25 02:56:34.423623+00:00,2026-07-24 22:39:31.353484+00:00,security_metrics,ml_engine,a12aafb3,0.1707961712827789,0.1707961712827789,0,2.0079180103493854e-05,,,,,,
_result,0,2026-07-24 20:29:11.255273+00:00,2026-07-25 02:56:34.423623+00:00,2026-07-24 22:39:48.050829+00:00,security_metrics,ml_engine,a12aafb3,0.16178799573731162,0.16178799573731162,0,1.848312240326777e-05,,,,,,
_result,0,2026-07-24 20:29:11.255273+00:00,2026-07-25 02:56:34.423623+00:00,2026-07-24 22:40:04.844280+00:00,security_metrics,ml_engine,a12aafb3,0.19380637843477094,0.19380637843477094,0,1.7659314835327677e-05,,,,,,
_result,0,2026-07-24 20:29:11.255273+00:00,2026-07-25 02:56:34.423623+00:00,2026-07-24 22:40:21.536347+00:00,security_metrics,ml_engine,a12aafb3,0.16041145051398997,0.16041145051398997,0,1.6801010133349337e-05,,,,,,
_result,0,2026-07-24 20:29:11.255273+00:00,2026-07-25 02:56:34.423623+00:00,2026-07-24 22:40:38.233039+00:00,security_metrics,ml_engine,a12aafb3,0.1929459344402606,0.1929459344402606,0,1.6748183043091558e-05,,,,,,
_result,0,2026-07-24 20:29:11.255273+00:00,2026-07-25 02:56:34.423623+00:00,2026-07-24 22:40:55.034475+00:00,security_metrics,ml_engine,a12aafb3,0.183409975043906,0.183409975043906,0,1.8860428099287674e-05,,,,,,
_result,0,2026-07-24 20:29:11.255273+00:00,2026-07-25 02:56:34.423623+00:00,2026-07-24 22:41:11.734107+00:00,security_metrics,ml_engine,a12aafb3,0.16545806938235025,0.16545806938235025,0,2.1270183424348943e-05,,,,,,
_result,0,2026-07-24 20:29:11.255273+00:00,2026-07-25 02:56:34.423623+00:00,2026-07-24 22:41:28.426598+00:00,security_metrics,ml_engine,a12aafb3,0.1874107985936122,0.1874107985936122,0,2.1720770746469498e-05,,,,,,
_result,0,2026-07-24 20:29:11.255273+00:00,2026-07-25 02:56:34.423623+00:00,2026-07-24 22:41:43.454384+00:00,security_metrics,ml_engine,a12aafb3,-1.0,,1,,,,,,,
_result,0,2026-07-24 20:29:11.255273+00:00,2026-07-25 02:56:34.423623+00:00,2026-07-24 22:41:43.455864+00:00,security_metrics,ml_engine,a12aafb3,-1.0,,1,,,,,,,
_result,0,2026-07-24 20:29:11.255273+00:00,2026-07-25 02:56:34.423623+00:00,2026-07-24 22:41:45.126723+00:00,security_metrics,ml_engine,a12aafb3,0.06475561490197512,0.06475561490197512,0,0.06064146012067795,,,,,,
_result,0,2026-07-24 20:29:11.255273+00:00,2026-07-25 02:56:34.423623+00:00,2026-07-24 22:42:01.924760+00:00,security_metrics,ml_engine,a12aafb3,0.06367094982445343,0.06367094982445343,0,0.08598270267248154,,,,,,
_result,0,2026-07-24 20:29:11.255273+00:00,2026-07-25 02:56:34.423623+00:00,2026-07-24 22:42:16.952415+00:00,security_metrics,ml_engine,a12aafb3,-1.0,,1,,,,,,,
_result,0,2026-07-24 20:29:11.255273+00:00,2026-07-25 02:56:34.423623+00:00,2026-07-24 22:42:16.953912+00:00,security_metrics,ml_engine,a12aafb3,-1.0,,1,,,,,,,
_result,0,2026-07-24 20:29:11.255273+00:00,2026-07-25 02:56:34.423623+00:00,2026-07-24 22:42:18.624161+00:00,security_metrics,ml_engine,a12aafb3,0.18672175554355402,0.18672175554355402,0,0.00015732455358374864,,,,,,
_result,0,2026-07-24 20:29:11.255273+00:00,2026-07-25 02:56:34.423623+00:00,2026-07-24 22:42:35.321197+00:00,security_metrics,ml_engine,a12aafb3,0.19280448373661896,0.19280448373661896,0,2.9968163289595395e-05,,,,,,
_result,0,2026-07-24 20:29:11.255273+00:00,2026-07-25 02:56:34.423623+00:00,2026-07-24 22:42:52.105439+00:00,security_metrics,ml_engine,a12aafb3,0.19738206728994867,0.19738206728994867,0,1.899731796584092e-05,,,,,,
_result,0,2026-07-24 20:29:11.255273+00:00,2026-07-25 02:56:34.423623+00:00,2026-07-24 22:43:08.818346+00:00,security_metrics,ml_engine,a12aafb3,0.16661959291973044,0.16661959291973044,0,3.4613945899764076e-05,,,,,,
_result,0,2026-07-24 20:29:11.255273+00:00,2026-07-25 02:56:34.423623+00:00,2026-07-24 22:43:25.514727+00:00,security_metrics,ml_engine,a12aafb3,0.19826555070774698,0.19826555070774698,0,1.986464485526085e-05,,,,,,
_result,0,2026-07-24 20:29:11.255273+00:00,2026-07-25 02:56:34.423623+00:00,2026-07-24 22:43:42.352645+00:00,security_metrics,ml_engine,a12aafb3,0.15452854127944438,0.15452854127944438,0,1.72525251400657e-05,,,,,,
_result,0,2026-07-24 20:29:11.255273+00:00,2026-07-25 02:56:34.423623+00:00,2026-07-24 22:43:59.052844+00:00,security_metrics,ml_engine,a12aafb3,0.16576594985250792,0.16576594985250792,0,1.9348311980138533e-05,,,,,,
_result,0,2026-07-24 20:29:11.255273+00:00,2026-07-25 02:56:34.423623+00:00,2026-07-24 22:44:15.765194+00:00,security_metrics,ml_engine,a12aafb3,0.20177776506829526,0.20177776506829526,0,1.8268336134497076e-05,,,,,,
_result,0,2026-07-24 20:29:11.255273+00:00,2026-07-25 02:56:34.423623+00:00,2026-07-24 22:44:32.566675+00:00,security_metrics,ml_engine,a12aafb3,0.1714476306938887,0.1714476306938887,0,2.141696313628927e-05,,,,,,
_result,0,2026-07-24 20:29:11.255273+00:00,2026-07-25 02:56:34.423623+00:00,2026-07-24 22:44:49.255782+00:00,security_metrics,ml_engine,a12aafb3,0.18433850347528008,0.18433850347528008,0,2.141511140507646e-05,,,,,,
_result,0,2026-07-24 20:29:11.255273+00:00,2026-07-25 02:56:34.423623+00:00,2026-07-24 22:45:05.980405+00:00,security_metrics,ml_engine,a12aafb3,0.1852349444299402,0.1852349444299402,0,2.176865382352844e-05,,,,,,
_result,0,2026-07-24 20:29:11.255273+00:00,2026-07-25 02:56:34.423623+00:00,2026-07-24 22:45:22.767164+00:00,security_metrics,ml_engine,a12aafb3,0.19712289119802984,0.19712289119802984,0,1.8444987290422432e-05,,,,,,
_result,0,2026-07-24 20:29:11.255273+00:00,2026-07-25 02:56:34.423623+00:00,2026-07-24 22:45:39.457446+00:00,security_metrics,ml_engine,a12aafb3,0.14557782568611166,0.14557782568611166,0,1.9941135178669356e-05,,,,,,
_result,0,2026-07-24 20:29:11.255273+00:00,2026-07-25 02:56:34.423623+00:00,2026-07-24 22:45:56.164833+00:00,security_metrics,ml_engine,a12aafb3,0.19725269076632435,0.19725269076632435,0,1.8644050214788876e-05,,,,,,
_result,0,2026-07-24 20:29:11.255273+00:00,2026-07-25 02:56:34.423623+00:00,2026-07-24 22:46:12.860302+00:00,security_metrics,ml_engine,a12aafb3,0.06478319852161807,0.06478319852161807,0,0.004762906115502119,,,,,,
_result,0,2026-07-24 20:29:11.255273+00:00,2026-07-25 02:56:34.423623+00:00,2026-07-24 22:46:29.686855+00:00,security_metrics,ml_engine,a12aafb3,0.14269870489754066,0.14269870489754066,0,1.744693327054847e-05,,,,,,
_result,0,2026-07-24 20:29:11.255273+00:00,2026-07-25 02:56:34.423623+00:00,2026-07-24 22:46:46.374950+00:00,security_metrics,ml_engine,a12aafb3,0.18648526032538654,0.18648526032538654,0,0.0006247339188121259,,,,,,
_result,0,2026-07-24 20:29:11.255273+00:00,2026-07-25 02:56:34.423623+00:00,2026-07-24 22:47:03.073250+00:00,security_metrics,ml_engine,a12aafb3,0.1895911571113295,0.1895911571113295,0,0.000728408747818321,,,,,,
_result,0,2026-07-24 20:29:11.255273+00:00,2026-07-25 02:56:34.423623+00:00,2026-07-24 22:47:19.877244+00:00,security_metrics,ml_engine,a12aafb3,0.2018891490881286,0.2018891490881286,0,2.4188966563087888e-05,,,,,,
_result,0,2026-07-24 20:29:11.255273+00:00,2026-07-25 02:56:34.423623+00:00,2026-07-24 22:47:36.566762+00:00,security_metrics,ml_engine,a12aafb3,0.07953166924504507,0.07953166924504507,0,2.4469241907354444e-05,,,,,,
_result,0,2026-07-24 20:29:11.255273+00:00,2026-07-25 02:56:34.423623+00:00,2026-07-24 22:47:53.252301+00:00,security_metrics,ml_engine,a12aafb3,0.20513293133681448,0.20513293133681448,0,2.113694245053921e-05,,,,,,
_result,0,2026-07-24 20:29:11.255273+00:00,2026-07-25 02:56:34.423623+00:00,2026-07-24 22:48:10.042929+00:00,security_metrics,ml_engine,a12aafb3,0.17997001531136053,0.17997001531136053,0,2.1867597752134316e-05,,,,,,
_result,0,2026-07-24 20:29:11.255273+00:00,2026-07-25 02:56:34.423623+00:00,2026-07-24 22:48:25.071368+00:00,security_metrics,ml_engine,a12aafb3,-1.0,,1,,,,,,,
_result,0,2026-07-24 20:29:11.255273+00:00,2026-07-25 02:56:34.423623+00:00,2026-07-24 22:48:26.760178+00:00,security_metrics,ml_engine,a12aafb3,0.12864630455479276,0.12864630455479276,0,0.07216998934745789,,,,,,
_result,0,2026-07-24 20:29:11.255273+00:00,2026-07-25 02:56:34.423623+00:00,2026-07-24 22:48:41.789645+00:00,security_metrics,ml_engine,a12aafb3,-1.0,,1,,,,,,,
_result,0,2026-07-24 20:29:11.255273+00:00,2026-07-25 02:56:34.423623+00:00,2026-07-24 22:48:41.791104+00:00,security_metrics,ml_engine,a12aafb3,-1.0,,1,,,,,,,
_result,0,2026-07-24 20:29:11.255273+00:00,2026-07-25 02:56:34.423623+00:00,2026-07-24 22:48:41.792507+00:00,security_metrics,ml_engine,a12aafb3,-1.0,,1,,,,,,,
_result,0,2026-07-24 20:29:11.255273+00:00,2026-07-25 02:56:34.423623+00:00,2026-07-24 22:48:43.490516+00:00,security_metrics,ml_engine,a12aafb3,0.18044700705845879,0.18044700705845879,0,0.11245069652795792,,,,,,
_result,0,2026-07-24 20:29:11.255273+00:00,2026-07-25 02:56:34.423623+00:00,2026-07-24 22:48:58.522896+00:00,security_metrics,ml_engine,a12aafb3,-1.0,,1,,,,,,,
_result,0,2026-07-24 20:29:11.255273+00:00,2026-07-25 02:56:34.423623+00:00,2026-07-24 22:48:58.524536+00:00,security_metrics,ml_engine,a12aafb3,-1.0,,1,,,,,,,
_result,0,2026-07-24 20:29:11.255273+00:00,2026-07-25 02:56:34.423623+00:00,2026-07-24 22:48:58.526027+00:00,security_metrics,ml_engine,a12aafb3,-1.0,,1,,,,,,,
_result,0,2026-07-24 20:29:11.255273+00:00,2026-07-25 02:56:34.423623+00:00,2026-07-24 22:48:58.527516+00:00,security_metrics,ml_engine,a12aafb3,-1.0,,1,,,,,,,
_result,0,2026-07-24 20:29:11.255273+00:00,2026-07-25 02:56:34.423623+00:00,2026-07-24 22:49:16.999770+00:00,security_metrics,ml_engine,a12aafb3,0.1674389786851188,0.1674389786851188,0,2.2640837414655834e-05,,,,,,
_result,0,2026-07-24 20:29:11.255273+00:00,2026-07-25 02:56:34.423623+00:00,2026-07-24 22:49:33.705199+00:00,security_metrics,ml_engine,a12aafb3,0.18236492539396404,0.18236492539396404,0,0.0007111308514140546,,,,,,
_result,0,2026-07-24 20:29:11.255273+00:00,2026-07-25 02:56:34.423623+00:00,2026-07-24 22:49:50.401839+00:00,security_metrics,ml_engine,a12aafb3,0.19113020885654985,0.19113020885654985,0,0.0005552978254854679,,,,,,
_result,0,2026-07-24 20:29:11.255273+00:00,2026-07-25 02:56:34.423623+00:00,2026-07-24 22:50:07.210163+00:00,security_metrics,ml_engine,a12aafb3,0.18760292363811604,0.18760292363811604,0,0.0003910603409167379,,,,,,
_result,0,2026-07-24 20:29:11.255273+00:00,2026-07-25 02:56:34.423623+00:00,2026-07-24 22:50:23.893206+00:00,security_metrics,ml_engine,a12aafb3,0.1997902783199803,0.1997902783199803,0,2.9631950383190997e-05,,,,,,
_result,0,2026-07-24 20:29:11.255273+00:00,2026-07-25 02:56:34.423623+00:00,2026-07-24 22:50:40.596314+00:00,security_metrics,ml_engine,a12aafb3,0.1916323039955971,0.1916323039955971,0,2.047149246209301e-05,,,,,,
_result,0,2026-07-24 20:29:11.255273+00:00,2026-07-25 02:56:34.423623+00:00,2026-07-24 22:50:57.406627+00:00,security_metrics,ml_engine,a12aafb3,0.19788833994829963,0.19788833994829963,0,3.3443116990383714e-05,,,,,,
_result,0,2026-07-24 20:29:11.255273+00:00,2026-07-25 02:56:34.423623+00:00,2026-07-24 22:51:14.124329+00:00,security_metrics,ml_engine,a12aafb3,0.14248842445268006,0.14248842445268006,0,2.0333300199126825e-05,,,,,,
_result,0,2026-07-24 20:29:11.255273+00:00,2026-07-25 02:56:34.423623+00:00,2026-07-24 22:51:30.838144+00:00,security_metrics,ml_engine,a12aafb3,0.17007146796168532,0.17007146796168532,0,1.9970699213445187e-05,,,,,,
_result,0,2026-07-24 20:29:11.255273+00:00,2026-07-25 02:56:34.423623+00:00,2026-07-24 22:51:47.533163+00:00,security_metrics,ml_engine,a12aafb3,0.18420917562046568,0.18420917562046568,0,1.7828575437306426e-05,,,,,,
_result,0,2026-07-24 20:29:11.255273+00:00,2026-07-25 02:56:34.423623+00:00,2026-07-24 22:52:04.341276+00:00,security_metrics,ml_engine,a12aafb3,0.18433850347528008,0.18433850347528008,0,2.0312061678851023e-05,,,,,,
_result,0,2026-07-24 20:29:11.255273+00:00,2026-07-25 02:56:34.423623+00:00,2026-07-24 22:52:21.025177+00:00,security_metrics,ml_engine,a12aafb3,0.18970706702128315,0.18970706702128315,0,2.3228263671626337e-05,,,,,,
_result,0,2026-07-24 20:29:11.255273+00:00,2026-07-25 02:56:34.423623+00:00,2026-07-24 22:52:37.719973+00:00,security_metrics,ml_engine,a12aafb3,0.18058929767898763,0.18058929767898763,0,1.9088900444330648e-05,,,,,,
_result,0,2026-07-24 20:29:11.255273+00:00,2026-07-25 02:56:34.423623+00:00,2026-07-24 22:52:54.527997+00:00,security_metrics,ml_engine,a12aafb3,0.13880347102417206,0.13880347102417206,0,1.9792727471212856e-05,,,,,,
_result,0,2026-07-24 20:29:11.255273+00:00,2026-07-25 02:56:34.423623+00:00,2026-07-24 22:53:11.222570+00:00,security_metrics,ml_engine,a12aafb3,0.1929459344402606,0.1929459344402606,0,1.7965938241104595e-05,,,,,,
_result,0,2026-07-24 20:29:11.255273+00:00,2026-07-25 02:56:34.423623+00:00,2026-07-24 22:53:27.917795+00:00,security_metrics,ml_engine,a12aafb3,0.18761137213755114,0.18761137213755114,0,1.9815774066955782e-05,,,,,,
_result,0,2026-07-24 20:29:11.255273+00:00,2026-07-25 02:56:34.423623+00:00,2026-07-24 22:53:44.728571+00:00,security_metrics,ml_engine,a12aafb3,0.08803982345245664,0.08803982345245664,0,2.6871248337556608e-05,,,,,,
_result,0,2026-07-24 20:29:11.255273+00:00,2026-07-25 02:56:34.423623+00:00,2026-07-24 22:54:01.456204+00:00,security_metrics,ml_engine,a12aafb3,0.18981191810816428,0.18981191810816428,0,1.8428501789458096e-05,,,,,,
_result,0,2026-07-24 20:29:11.255273+00:00,2026-07-25 02:56:34.423623+00:00,2026-07-24 22:54:18.137367+00:00,security_metrics,ml_engine,a12aafb3,0.06339871978158285,0.06339871978158285,0,2.8372980523272417e-05,,,,,,
_result,0,2026-07-24 20:29:11.255273+00:00,2026-07-25 02:56:34.423623+00:00,2026-07-24 22:54:34.939468+00:00,security_metrics,ml_engine,a12aafb3,0.19325367137803806,0.19325367137803806,0,1.8884662495111115e-05,,,,,,
_result,0,2026-07-24 20:29:11.255273+00:00,2026-07-25 02:56:34.423623+00:00,2026-07-24 22:54:51.638363+00:00,security_metrics,ml_engine,a12aafb3,0.18953999634091545,0.18953999634091545,0,1.8913073290605098e-05,,,,,,
_result,0,2026-07-24 20:29:11.255273+00:00,2026-07-25 02:56:34.423623+00:00,2026-07-24 22:55:08.345080+00:00,security_metrics,ml_engine,a12aafb3,0.18058929767898763,0.18058929767898763,0,1.8971188183058985e-05,,,,,,
_result,0,2026-07-24 20:29:11.255273+00:00,2026-07-25 02:56:34.423623+00:00,2026-07-24 22:55:25.042705+00:00,security_metrics,ml_engine,a12aafb3,0.147396141165601,0.147396141165601,0,1.7357624528813176e-05,,,,,,
_result,0,2026-07-24 20:29:11.255273+00:00,2026-07-25 02:56:34.423623+00:00,2026-07-24 22:55:41.852216+00:00,security_metrics,ml_engine,a12aafb3,0.17825312546344885,0.17825312546344885,0,1.9144035832141526e-05,,,,,,
_result,0,2026-07-24 20:29:11.255273+00:00,2026-07-25 02:56:34.423623+00:00,2026-07-24 22:55:58.552526+00:00,security_metrics,ml_engine,a12aafb3,0.17839949795947585,0.17839949795947585,0,1.9161589079885744e-05,,,,,,
_result,0,2026-07-24 20:29:11.255273+00:00,2026-07-25 02:56:34.423623+00:00,2026-07-24 22:56:15.242873+00:00,security_metrics,ml_engine,a12aafb3,0.1943287206632352,0.1943287206632352,0,2.3545504518551752e-05,,,,,,
_result,0,2026-07-24 20:29:11.255273+00:00,2026-07-25 02:56:34.423623+00:00,2026-07-24 22:56:30.269317+00:00,security_metrics,ml_engine,a12aafb3,-1.0,,1,,,,,,,
_result,0,2026-07-24 20:29:11.255273+00:00,2026-07-25 02:56:34.423623+00:00,2026-07-24 22:56:30.270790+00:00,security_metrics,ml_engine,a12aafb3,-1.0,,1,,,,,,,
_result,0,2026-07-24 20:29:11.255273+00:00,2026-07-25 02:56:34.423623+00:00,2026-07-24 22:56:32.056106+00:00,security_metrics,ml_engine,a12aafb3,0.09554674311732181,0.09554674311732181,0,0.07440277189016342,,,,,,
_result,0,2026-07-24 20:29:11.255273+00:00,2026-07-25 02:56:34.423623+00:00,2026-07-24 22:56:47.083722+00:00,security_metrics,ml_engine,a12aafb3,-1.0,,1,,,,,,,
_result,0,2026-07-24 20:29:11.255273+00:00,2026-07-25 02:56:34.423623+00:00,2026-07-24 22:56:47.085200+00:00,security_metrics,ml_engine,a12aafb3,-1.0,,1,,,,,,,
_result,0,2026-07-24 20:29:11.255273+00:00,2026-07-25 02:56:34.423623+00:00,2026-07-24 22:56:47.086594+00:00,security_metrics,ml_engine,a12aafb3,-1.0,,1,,,,,,,
_result,0,2026-07-24 20:29:11.255273+00:00,2026-07-25 02:56:34.423623+00:00,2026-07-24 22:56:48.765489+00:00,security_metrics,ml_engine,a12aafb3,0.14299747029012289,0.14299747029012289,0,0.09552110731601715,,,,,,
_result,0,2026-07-24 20:29:11.255273+00:00,2026-07-25 02:56:34.423623+00:00,2026-07-24 22:57:03.797037+00:00,security_metrics,ml_engine,a12aafb3,-1.0,,1,,,,,,,
_result,0,2026-07-24 20:29:11.255273+00:00,2026-07-25 02:56:34.423623+00:00,2026-07-24 22:57:03.798581+00:00,security_metrics,ml_engine,a12aafb3,-1.0,,1,,,,,,,
_result,0,2026-07-24 20:29:11.255273+00:00,2026-07-25 02:56:34.423623+00:00,2026-07-24 22:57:03.800104+00:00,security_metrics,ml_engine,a12aafb3,-1.0,,1,,,,,,,
_result,0,2026-07-24 20:29:11.255273+00:00,2026-07-25 02:56:34.423623+00:00,2026-07-24 22:57:03.846558+00:00,security_metrics,ml_engine,a12aafb3,-0.95,,1,,,,,,,
_result,0,2026-07-24 20:29:11.255273+00:00,2026-07-25 02:56:34.423623+00:00,2026-07-24 22:57:20.512220+00:00,security_metrics,ml_engine,a12aafb3,-1.0,,1,,,,,,,
_result,0,2026-07-24 20:29:11.255273+00:00,2026-07-25 02:56:34.423623+00:00,2026-07-24 22:57:20.513673+00:00,security_metrics,ml_engine,a12aafb3,-1.0,,1,,,,,,,
_result,0,2026-07-24 20:29:11.255273+00:00,2026-07-25 02:56:34.423623+00:00,2026-07-24 22:57:20.515216+00:00,security_metrics,ml_engine,a12aafb3,-1.0,,1,,,,,,,
_result,0,2026-07-24 20:29:11.255273+00:00,2026-07-25 02:56:34.423623+00:00,2026-07-24 22:57:37.312172+00:00,security_metrics,ml_engine,a12aafb3,-1.0,,1,,,,,,,
_result,0,2026-07-24 20:29:11.255273+00:00,2026-07-25 02:56:34.423623+00:00,2026-07-24 22:59:17.403065+00:00,security_metrics,ml_engine,a12aafb3,-0.95,,1,,,,,,,
_result,0,2026-07-24 20:29:11.255273+00:00,2026-07-25 02:56:34.423623+00:00,2026-07-24 23:01:31.066119+00:00,security_metrics,ml_engine,a12aafb3,-0.95,,1,,,,,,,
_result,0,2026-07-24 20:29:11.255273+00:00,2026-07-25 02:56:34.423623+00:00,2026-07-24 23:05:41.732596+00:00,security_metrics,ml_engine,a12aafb3,-1.0,,1,,,,,,,
_result,0,2026-07-24 20:29:11.255273+00:00,2026-07-25 02:56:34.423623+00:00,2026-07-24 23:05:58.577706+00:00,security_metrics,ml_engine,a12aafb3,-1.0,,1,,,,,,,
_result,0,2026-07-24 20:29:11.255273+00:00,2026-07-25 02:56:34.423623+00:00,2026-07-24 23:05:58.579248+00:00,security_metrics,ml_engine,a12aafb3,-1.0,,1,,,,,,,
_result,0,2026-07-24 20:29:11.255273+00:00,2026-07-25 02:56:34.423623+00:00,2026-07-24 23:05:58.580763+00:00,security_metrics,ml_engine,a12aafb3,-1.0,,1,,,,,,,
_result,0,2026-07-24 20:29:11.255273+00:00,2026-07-25 02:56:34.423623+00:00,2026-07-24 23:06:15.292559+00:00,security_metrics,ml_engine,a12aafb3,-1.0,,1,,,,,,,
_result,0,2026-07-24 20:29:11.255273+00:00,2026-07-25 02:56:34.423623+00:00,2026-07-24 23:06:15.294067+00:00,security_metrics,ml_engine,a12aafb3,-1.0,,1,,,,,,,
_result,0,2026-07-24 20:29:11.255273+00:00,2026-07-25 02:56:34.423623+00:00,2026-07-24 23:06:32.020688+00:00,security_metrics,ml_engine,a12aafb3,-1.0,,1,,,,,,,
_result,0,2026-07-24 20:29:11.255273+00:00,2026-07-25 02:56:34.423623+00:00,2026-07-24 23:06:32.022145+00:00,security_metrics,ml_engine,a12aafb3,-1.0,,1,,,,,,,
_result,0,2026-07-24 20:29:11.255273+00:00,2026-07-25 02:56:34.423623+00:00,2026-07-24 23:06:32.023529+00:00,security_metrics,ml_engine,a12aafb3,-1.0,,1,,,,,,,
_result,0,2026-07-24 20:29:11.255273+00:00,2026-07-25 02:56:34.423623+00:00,2026-07-24 23:06:48.825566+00:00,security_metrics,ml_engine,a12aafb3,-1.0,,1,,,,,,,
_result,0,2026-07-24 20:29:11.255273+00:00,2026-07-25 02:56:34.423623+00:00,2026-07-24 23:13:13.927493+00:00,security_metrics,ml_engine,a12aafb3,-1.0,,1,,,,,,,
_result,0,2026-07-24 20:29:11.255273+00:00,2026-07-25 02:56:34.423623+00:00,2026-07-24 23:13:30.671513+00:00,security_metrics,ml_engine,a12aafb3,-0.95,,1,,,,,,,
_result,0,2026-07-24 20:29:11.255273+00:00,2026-07-25 02:56:34.423623+00:00,2026-07-24 23:15:44.191956+00:00,security_metrics,ml_engine,a12aafb3,-0.95,,1,,,,,,,
_result,0,2026-07-24 20:29:11.255273+00:00,2026-07-25 02:56:34.423623+00:00,2026-07-24 23:17:57.847502+00:00,security_metrics,ml_engine,a12aafb3,-0.95,,1,,,,,,,
_result,0,2026-07-24 20:29:11.255273+00:00,2026-07-25 02:56:34.423623+00:00,2026-07-24 23:21:51.816159+00:00,security_metrics,ml_engine,a12aafb3,-0.95,,1,,,,,,,
_result,0,2026-07-24 20:29:11.255273+00:00,2026-07-25 02:56:34.423623+00:00,2026-07-24 23:30:14.429095+00:00,security_metrics,ml_engine,a12aafb3,-1.0,,1,,,,,,,
_result,0,2026-07-24 20:29:11.255273+00:00,2026-07-25 02:56:34.423623+00:00,2026-07-24 23:30:14.430558+00:00,security_metrics,ml_engine,a12aafb3,-1.0,,1,,,,,,,
_result,0,2026-07-24 20:29:11.255273+00:00,2026-07-25 02:56:34.423623+00:00,2026-07-24 23:30:31.171330+00:00,security_metrics,ml_engine,a12aafb3,-1.0,,1,,,,,,,
_result,0,2026-07-24 20:29:11.255273+00:00,2026-07-25 02:56:34.423623+00:00,2026-07-24 23:30:31.172858+00:00,security_metrics,ml_engine,a12aafb3,-1.0,,1,,,,,,,
_result,0,2026-07-24 20:29:11.255273+00:00,2026-07-25 02:56:34.423623+00:00,2026-07-24 23:37:13.407469+00:00,security_metrics,ml_engine,a12aafb3,-1.0,,1,,,,,,,
_result,0,2026-07-24 20:29:11.255273+00:00,2026-07-25 02:56:34.423623+00:00,2026-07-24 23:37:13.408919+00:00,security_metrics,ml_engine,a12aafb3,-1.0,,1,,,,,,,
_result,0,2026-07-24 20:29:11.255273+00:00,2026-07-25 02:56:34.423623+00:00,2026-07-24 23:37:30.140649+00:00,security_metrics,ml_engine,a12aafb3,-1.0,,1,,,,,,,
_result,0,2026-07-24 20:29:11.255273+00:00,2026-07-25 02:56:34.423623+00:00,2026-07-24 23:37:30.142109+00:00,security_metrics,ml_engine,a12aafb3,-1.0,,1,,,,,,,
_result,0,2026-07-24 20:29:11.255273+00:00,2026-07-25 02:56:34.423623+00:00,2026-07-24 23:37:30.143564+00:00,security_metrics,ml_engine,a12aafb3,-1.0,,1,,,,,,,
_result,0,2026-07-24 20:29:11.255273+00:00,2026-07-25 02:56:34.423623+00:00,2026-07-24 23:37:30.144946+00:00,security_metrics,ml_engine,a12aafb3,-1.0,,1,,,,,,,
_result,0,2026-07-24 20:29:11.255273+00:00,2026-07-25 02:56:34.423623+00:00,2026-07-24 23:37:46.968578+00:00,security_metrics,ml_engine,a12aafb3,-1.0,,1,,,,,,,
_result,0,2026-07-24 20:29:11.255273+00:00,2026-07-25 02:56:34.423623+00:00,2026-07-24 23:37:46.969997+00:00,security_metrics,ml_engine,a12aafb3,-1.0,,1,,,,,,,
_result,0,2026-07-24 20:29:11.255273+00:00,2026-07-25 02:56:34.423623+00:00,2026-07-24 23:37:46.971298+00:00,security_metrics,ml_engine,a12aafb3,-1.0,,1,,,,,,,
_result,0,2026-07-24 20:29:11.255273+00:00,2026-07-25 02:56:34.423623+00:00,2026-07-24 23:37:46.972579+00:00,security_metrics,ml_engine,a12aafb3,-1.0,,1,,,,,,,
_result,0,2026-07-24 20:29:11.255273+00:00,2026-07-25 02:56:34.423623+00:00,2026-07-24 23:37:47.023193+00:00,security_metrics,ml_engine,a12aafb3,-0.95,,1,,,,,,,
_result,0,2026-07-24 20:29:11.255273+00:00,2026-07-25 02:56:34.423623+00:00,2026-07-24 23:38:03.685778+00:00,security_metrics,ml_engine,a12aafb3,-1.0,,1,,,,,,,
_result,0,2026-07-24 20:29:11.255273+00:00,2026-07-25 02:56:34.423623+00:00,2026-07-24 23:38:03.687247+00:00,security_metrics,ml_engine,a12aafb3,-1.0,,1,,,,,,,
_result,0,2026-07-24 20:29:11.255273+00:00,2026-07-25 02:56:34.423623+00:00,2026-07-24 23:40:00.479570+00:00,security_metrics,ml_engine,a12aafb3,-0.95,,1,,,,,,,
_result,0,2026-07-24 20:29:11.255273+00:00,2026-07-25 02:56:34.423623+00:00,2026-07-24 23:42:14.011178+00:00,security_metrics,ml_engine,a12aafb3,-0.95,,1,,,,,,,
_result,0,2026-07-24 20:29:11.255273+00:00,2026-07-25 02:56:34.423623+00:00,2026-07-24 23:44:44.004877+00:00,security_metrics,ml_engine,a12aafb3,-1.0,,1,,,,,,,
_result,0,2026-07-24 20:29:11.255273+00:00,2026-07-25 02:56:34.423623+00:00,2026-07-24 23:44:44.006333+00:00,security_metrics,ml_engine,a12aafb3,-1.0,,1,,,,,,,
_result,0,2026-07-24 20:29:11.255273+00:00,2026-07-25 02:56:34.423623+00:00,2026-07-24 23:45:00.818135+00:00,security_metrics,ml_engine,a12aafb3,-1.0,,1,,,,,,,
_result,0,2026-07-24 20:29:11.255273+00:00,2026-07-25 02:56:34.423623+00:00,2026-07-24 23:45:00.819571+00:00,security_metrics,ml_engine,a12aafb3,-1.0,,1,,,,,,,
_result,0,2026-07-24 20:29:11.255273+00:00,2026-07-25 02:56:34.423623+00:00,2026-07-24 23:52:32.101814+00:00,security_metrics,ml_engine,a12aafb3,-1.0,,1,,,,,,,
_result,0,2026-07-24 20:29:11.255273+00:00,2026-07-25 02:56:34.423623+00:00,2026-07-24 23:52:33.766250+00:00,security_metrics,ml_engine,a12aafb3,0.19634891044477198,0.19634891044477198,0,0.0724571943283081,,,,,,
_result,0,2026-07-24 20:29:11.255273+00:00,2026-07-25 02:56:34.423623+00:00,2026-07-24 23:52:48.837578+00:00,security_metrics,ml_engine,a12aafb3,-0.95,,1,,,,,,,
_result,0,2026-07-24 20:29:11.255273+00:00,2026-07-25 02:56:34.423623+00:00,2026-07-24 23:52:50.451753+00:00,security_metrics,ml_engine,a12aafb3,0.17858569811729014,0.17858569811729014,0,2.0051633327966556e-05,,,,,,
_result,0,2026-07-24 20:29:11.255273+00:00,2026-07-25 02:56:34.423623+00:00,2026-07-24 23:53:07.194932+00:00,security_metrics,ml_engine,a12aafb3,0.1887868906140655,0.1887868906140655,0,1.9820765373879112e-05,,,,,,
_result,0,2026-07-24 20:29:11.255273+00:00,2026-07-25 02:56:34.423623+00:00,2026-07-24 23:53:23.828868+00:00,security_metrics,ml_engine,a12aafb3,0.1299199688110248,0.1299199688110248,0,1.8803351849783212e-05,,,,,,
_result,0,2026-07-24 20:29:11.255273+00:00,2026-07-25 02:56:34.423623+00:00,2026-07-24 23:53:40.444245+00:00,security_metrics,ml_engine,a12aafb3,0.16300450357672602,0.16300450357672602,0,2.0075887732673436e-05,,,,,,
_result,0,2026-07-24 20:29:11.255273+00:00,2026-07-25 02:56:34.423623+00:00,2026-07-24 23:53:57.169426+00:00,security_metrics,ml_engine,a12aafb3,0.183409975043906,0.183409975043906,0,1.9781276932917535e-05,,,,,,
_result,0,2026-07-24 20:29:11.255273+00:00,2026-07-25 02:56:34.423623+00:00,2026-07-24 23:54:13.788194+00:00,security_metrics,ml_engine,a12aafb3,0.18259363540933327,0.18259363540933327,0,1.9630273527582176e-05,,,,,,
_result,0,2026-07-24 20:29:11.255273+00:00,2026-07-25 02:56:34.423623+00:00,2026-07-24 23:54:30.413916+00:00,security_metrics,ml_engine,a12aafb3,0.1668726633379235,0.1668726633379235,0,2.347997360629961e-05,,,,,,
_result,0,2026-07-24 20:29:11.255273+00:00,2026-07-25 02:56:34.423623+00:00,2026-07-24 23:54:47.144708+00:00,security_metrics,ml_engine,a12aafb3,0.18796964217862488,0.18796964217862488,0,1.872666325652972e-05,,,,,,
_result,0,2026-07-24 20:29:11.255273+00:00,2026-07-25 02:56:34.423623+00:00,2026-07-24 23:55:02.202991+00:00,security_metrics,ml_engine,a12aafb3,-0.95,,1,,,,,,,
_result,0,2026-07-24 20:29:11.255273+00:00,2026-07-25 02:56:34.423623+00:00,2026-07-24 23:55:03.829782+00:00,security_metrics,ml_engine,a12aafb3,0.17944403383975033,0.17944403383975033,0,1.9303370208945125e-05,,,,,,
_result,0,2026-07-24 20:29:11.255273+00:00,2026-07-25 02:56:34.423623+00:00,2026-07-24 23:55:20.469309+00:00,security_metrics,ml_engine,a12aafb3,0.19712289119802984,0.19712289119802984,0,1.924827665789053e-05,,,,,,
_result,0,2026-07-24 20:29:11.255273+00:00,2026-07-25 02:56:34.423623+00:00,2026-07-24 23:55:37.082040+00:00,security_metrics,ml_engine,a12aafb3,0.18760292363811604,0.18760292363811604,0,1.8460974388290197e-05,,,,,,
_result,0,2026-07-24 20:29:11.255273+00:00,2026-07-25 02:56:34.423623+00:00,2026-07-24 23:55:53.819813+00:00,security_metrics,ml_engine,a12aafb3,0.17449423679666015,0.17449423679666015,0,3.8060330552980304e-05,,,,,,
_result,0,2026-07-24 20:29:11.255273+00:00,2026-07-25 02:56:34.423623+00:00,2026-07-24 23:56:10.474614+00:00,security_metrics,ml_engine,a12aafb3,0.09757697907837015,0.09757697907837015,0,2.9255501431180164e-05,,,,,,
_result,0,2026-07-24 20:29:11.255273+00:00,2026-07-25 02:56:34.423623+00:00,2026-07-24 23:56:27.113266+00:00,security_metrics,ml_engine,a12aafb3,0.1288564187878667,0.1288564187878667,0,2.08054952963721e-05,,,,,,
_result,0,2026-07-24 20:29:11.255273+00:00,2026-07-25 02:56:34.423623+00:00,2026-07-24 23:56:43.852285+00:00,security_metrics,ml_engine,a12aafb3,0.17944403383975033,0.17944403383975033,0,1.8415641534375027e-05,,,,,,
_result,0,2026-07-24 20:29:11.255273+00:00,2026-07-25 02:56:34.423623+00:00,2026-07-24 23:57:00.469784+00:00,security_metrics,ml_engine,a12aafb3,0.1857993243412639,0.1857993243412639,0,2.2243597413762473e-05,,,,,,
_result,0,2026-07-24 20:29:11.255273+00:00,2026-07-25 02:56:34.423623+00:00,2026-07-24 23:57:15.539128+00:00,security_metrics,ml_engine,a12aafb3,-0.95,,1,,,,,,,
_result,0,2026-07-24 20:29:11.255273+00:00,2026-07-25 02:56:34.423623+00:00,2026-07-24 23:57:17.161787+00:00,security_metrics,ml_engine,a12aafb3,0.17944403383975033,0.17944403383975033,0,1.9948438421124592e-05,,,,,,
_result,0,2026-07-24 20:29:11.255273+00:00,2026-07-25 02:56:34.423623+00:00,2026-07-24 23:57:33.899266+00:00,security_metrics,ml_engine,a12aafb3,0.17433609934069405,0.17433609934069405,0,2.1609343093587086e-05,,,,,,
_result,0,2026-07-24 20:29:11.255273+00:00,2026-07-25 02:56:34.423623+00:00,2026-07-24 23:57:50.527839+00:00,security_metrics,ml_engine,a12aafb3,0.0768866759345751,0.0768866759345751,0,2.3097163648344576e-05,,,,,,
_result,0,2026-07-24 20:29:11.255273+00:00,2026-07-25 02:56:34.423623+00:00,2026-07-24 23:58:07.158187+00:00,security_metrics,ml_engine,a12aafb3,0.10823658361071531,0.10823658361071531,0,1.7997826944338158e-05,,,,,,
_result,0,2026-07-24 20:29:11.255273+00:00,2026-07-25 02:56:34.423623+00:00,2026-07-24 23:58:23.795965+00:00,security_metrics,ml_engine,a12aafb3,0.15452854127944438,0.15452854127944438,0,2.3732347472105175e-05,,,,,,
_result,0,2026-07-24 20:29:11.255273+00:00,2026-07-25 02:56:34.423623+00:00,2026-07-24 23:58:40.523288+00:00,security_metrics,ml_engine,a12aafb3,0.17675091840792118,0.17675091840792118,0,2.0087189113837667e-05,,,,,,
_result,0,2026-07-24 20:29:11.255273+00:00,2026-07-25 02:56:34.423623+00:00,2026-07-24 23:58:57.186076+00:00,security_metrics,ml_engine,a12aafb3,0.18058929767898763,0.18058929767898763,0,1.971391429833602e-05,,,,,,
_result,0,2026-07-24 20:29:11.255273+00:00,2026-07-25 02:56:34.423623+00:00,2026-07-24 23:59:12.211316+00:00,security_metrics,ml_engine,a12aafb3,-1.0,,1,,,,,,,
_result,0,2026-07-24 20:29:11.255273+00:00,2026-07-25 02:56:34.423623+00:00,2026-07-24 23:59:28.913509+00:00,security_metrics,ml_engine,a12aafb3,-0.95,,1,,,,,,,
_result,0,2026-07-24 20:29:11.255273+00:00,2026-07-25 02:56:34.423623+00:00,2026-07-25 00:01:42.423348+00:00,security_metrics,ml_engine,a12aafb3,-0.95,,1,,,,,,,
_result,0,2026-07-24 20:29:11.255273+00:00,2026-07-25 02:56:34.423623+00:00,2026-07-25 00:03:55.742300+00:00,security_metrics,ml_engine,a12aafb3,-0.95,,1,,,,,,,
_result,0,2026-07-24 20:29:11.255273+00:00,2026-07-25 02:56:34.423623+00:00,2026-07-25 00:06:09.159530+00:00,security_metrics,ml_engine,a12aafb3,-0.95,,1,,,,,,,
_result,0,2026-07-24 20:29:11.255273+00:00,2026-07-25 02:56:34.423623+00:00,2026-07-25 00:15:54.002577+00:00,security_metrics,ml_engine,a12aafb3,-0.95,,1,,,,,,,
_result,0,2026-07-24 20:29:11.255273+00:00,2026-07-25 02:56:34.423623+00:00,2026-07-25 00:23:42.354782+00:00,security_metrics,ml_engine,a12aafb3,-1.0,,1,,,,,,,
_result,0,2026-07-24 20:29:11.255273+00:00,2026-07-25 02:56:34.423623+00:00,2026-07-25 00:23:59.102089+00:00,security_metrics,ml_engine,a12aafb3,-0.95,,1,,,,,,,
_result,0,2026-07-24 20:29:11.255273+00:00,2026-07-25 02:56:34.423623+00:00,2026-07-25 00:26:12.643021+00:00,security_metrics,ml_engine,a12aafb3,-0.95,,1,,,,,,,
_result,0,2026-07-24 20:29:11.255273+00:00,2026-07-25 02:56:34.423623+00:00,2026-07-25 00:28:26.175868+00:00,security_metrics,ml_engine,a12aafb3,-0.95,,1,,,,,,,
_result,0,2026-07-24 20:29:11.255273+00:00,2026-07-25 02:56:34.423623+00:00,2026-07-25 00:30:39.596758+00:00,security_metrics,ml_engine,a12aafb3,-0.95,,1,,,,,,,
_result,0,2026-07-24 20:29:11.255273+00:00,2026-07-25 02:56:34.423623+00:00,2026-07-25 00:38:11.227191+00:00,security_metrics,ml_engine,a12aafb3,-0.95,,1,,,,,,,
_result,0,2026-07-24 20:29:11.255273+00:00,2026-07-25 02:56:34.423623+00:00,2026-07-25 00:38:12.862964+00:00,security_metrics,ml_engine,a12aafb3,-0.12715703644406495,-0.12715703644406495,0,0.1503775715827942,,,,,,
_result,0,2026-07-24 20:29:11.255273+00:00,2026-07-25 02:56:34.423623+00:00,2026-07-25 00:47:24.110916+00:00,security_metrics,ml_engine,a12aafb3,-1.0,,1,,,,,,,
_result,0,2026-07-24 20:29:11.255273+00:00,2026-07-25 02:56:34.423623+00:00,2026-07-25 00:47:24.112408+00:00,security_metrics,ml_engine,a12aafb3,-1.0,,1,,,,,,,
_result,0,2026-07-24 20:29:11.255273+00:00,2026-07-25 02:56:34.423623+00:00,2026-07-25 00:47:24.113815+00:00,security_metrics,ml_engine,a12aafb3,-1.0,,1,,,,,,,
_result,0,2026-07-24 20:29:11.255273+00:00,2026-07-25 02:56:34.423623+00:00,2026-07-25 00:47:24.115203+00:00,security_metrics,ml_engine,a12aafb3,-1.0,,1,,,,,,,
_result,0,2026-07-24 20:29:11.255273+00:00,2026-07-25 02:56:34.423623+00:00,2026-07-25 00:54:23.130741+00:00,security_metrics,ml_engine,a12aafb3,-0.95,,1,,,,,,,
_result,0,2026-07-24 20:29:11.255273+00:00,2026-07-25 02:56:34.423623+00:00,2026-07-25 00:54:24.811172+00:00,security_metrics,ml_engine,a12aafb3,-0.12391786378938685,-0.12391786378938685,0,0.15213283896446228,,,,,,
_result,0,2026-07-24 20:29:11.255273+00:00,2026-07-25 02:56:34.423623+00:00,2026-07-25 01:02:29.469357+00:00,security_metrics,ml_engine,a12aafb3,-1.0,,1,,,,,,,
_result,0,2026-07-24 20:29:11.255273+00:00,2026-07-25 02:56:34.423623+00:00,2026-07-25 01:02:46.267205+00:00,security_metrics,ml_engine,a12aafb3,-0.95,,1,,,,,,,
_result,0,2026-07-24 20:29:11.255273+00:00,2026-07-25 02:56:34.423623+00:00,2026-07-25 01:05:00.128247+00:00,security_metrics,ml_engine,a12aafb3,-0.95,,1,,,,,,,
_result,0,2026-07-24 20:29:11.255273+00:00,2026-07-25 02:56:34.423623+00:00,2026-07-25 01:07:14.114894+00:00,security_metrics,ml_engine,a12aafb3,-0.95,,1,,,,,,,
_result,0,2026-07-24 20:29:11.255273+00:00,2026-07-25 02:56:34.423623+00:00,2026-07-25 01:10:51.955667+00:00,security_metrics,ml_engine,a12aafb3,-1.0,,1,,,,,,,
_result,0,2026-07-24 20:29:11.255273+00:00,2026-07-25 02:56:34.423623+00:00,2026-07-25 01:10:51.957060+00:00,security_metrics,ml_engine,a12aafb3,-1.0,,1,,,,,,,
_result,0,2026-07-24 20:29:11.255273+00:00,2026-07-25 02:56:34.423623+00:00,2026-07-25 01:11:08.734388+00:00,security_metrics,ml_engine,a12aafb3,-1.0,,1,,,,,,,
_result,0,2026-07-24 20:29:11.255273+00:00,2026-07-25 02:56:34.423623+00:00,2026-07-25 01:11:08.735834+00:00,security_metrics,ml_engine,a12aafb3,-1.0,,1,,,,,,,
_result,0,2026-07-24 20:29:11.255273+00:00,2026-07-25 02:56:34.423623+00:00,2026-07-25 01:18:41.951947+00:00,security_metrics,ml_engine,a12aafb3,-1.0,,1,,,,,,,
_result,0,2026-07-24 20:29:11.255273+00:00,2026-07-25 02:56:34.423623+00:00,2026-07-25 01:18:41.953374+00:00,security_metrics,ml_engine,a12aafb3,-1.0,,1,,,,,,,
_result,0,2026-07-24 20:29:11.255273+00:00,2026-07-25 02:56:34.423623+00:00,2026-07-25 01:18:41.954864+00:00,security_metrics,ml_engine,a12aafb3,-1.0,,1,,,,,,,
_result,0,2026-07-24 20:29:11.255273+00:00,2026-07-25 02:56:34.423623+00:00,2026-07-25 01:18:41.956262+00:00,security_metrics,ml_engine,a12aafb3,-1.0,,1,,,,,,,
_result,0,2026-07-24 20:29:11.255273+00:00,2026-07-25 02:56:34.423623+00:00,2026-07-25 01:18:58.818353+00:00,security_metrics,ml_engine,a12aafb3,-1.0,,1,,,,,,,
_result,0,2026-07-24 20:29:11.255273+00:00,2026-07-25 02:56:34.423623+00:00,2026-07-25 01:18:58.819745+00:00,security_metrics,ml_engine,a12aafb3,-1.0,,1,,,,,,,
_result,0,2026-07-24 20:29:11.255273+00:00,2026-07-25 02:56:34.423623+00:00,2026-07-25 01:18:58.821047+00:00,security_metrics,ml_engine,a12aafb3,-1.0,,1,,,,,,,
_result,0,2026-07-24 20:29:11.255273+00:00,2026-07-25 02:56:34.423623+00:00,2026-07-25 01:18:58.822376+00:00,security_metrics,ml_engine,a12aafb3,-1.0,,1,,,,,,,
_result,0,2026-07-24 20:29:11.255273+00:00,2026-07-25 02:56:34.423623+00:00,2026-07-25 01:18:58.823735+00:00,security_metrics,ml_engine,a12aafb3,-1.0,,1,,,,,,,
_result,0,2026-07-24 20:29:11.255273+00:00,2026-07-25 02:56:34.423623+00:00,2026-07-25 01:18:58.871413+00:00,security_metrics,ml_engine,a12aafb3,-0.95,,1,,,,,,,
_result,0,2026-07-24 20:29:11.255273+00:00,2026-07-25 02:56:34.423623+00:00,2026-07-25 01:21:12.735826+00:00,security_metrics,ml_engine,a12aafb3,-0.95,,1,,,,,,,
_result,0,2026-07-24 20:29:11.255273+00:00,2026-07-25 02:56:34.423623+00:00,2026-07-25 01:23:26.668075+00:00,security_metrics,ml_engine,a12aafb3,-0.95,,1,,,,,,,
_result,0,2026-07-24 20:29:11.255273+00:00,2026-07-25 02:56:34.423623+00:00,2026-07-25 01:26:13.958507+00:00,security_metrics,ml_engine,a12aafb3,-0.95,,1,,,,,,,
_result,0,2026-07-24 20:29:11.255273+00:00,2026-07-25 02:56:34.423623+00:00,2026-07-25 01:34:20.146702+00:00,security_metrics,ml_engine,a12aafb3,-1.0,,1,,,,,,,
_result,0,2026-07-24 20:29:11.255273+00:00,2026-07-25 02:56:34.423623+00:00,2026-07-25 01:34:20.148128+00:00,security_metrics,ml_engine,a12aafb3,-1.0,,1,,,,,,,
_result,0,2026-07-24 20:29:11.255273+00:00,2026-07-25 02:56:34.423623+00:00,2026-07-25 01:34:20.149493+00:00,security_metrics,ml_engine,a12aafb3,-1.0,,1,,,,,,,
_result,0,2026-07-24 20:29:11.255273+00:00,2026-07-25 02:56:34.423623+00:00,2026-07-25 01:34:20.150861+00:00,security_metrics,ml_engine,a12aafb3,-1.0,,1,,,,,,,
_result,0,2026-07-24 20:29:11.255273+00:00,2026-07-25 02:56:34.423623+00:00,2026-07-25 01:34:36.925485+00:00,security_metrics,ml_engine,a12aafb3,-1.0,,1,,,,,,,
_result,0,2026-07-24 20:29:11.255273+00:00,2026-07-25 02:56:34.423623+00:00,2026-07-25 01:34:36.927150+00:00,security_metrics,ml_engine,a12aafb3,-1.0,,1,,,,,,,
_result,0,2026-07-24 20:29:11.255273+00:00,2026-07-25 02:56:34.423623+00:00,2026-07-25 01:34:36.928674+00:00,security_metrics,ml_engine,a12aafb3,-1.0,,1,,,,,,,
_result,0,2026-07-24 20:29:11.255273+00:00,2026-07-25 02:56:34.423623+00:00,2026-07-25 01:34:36.930173+00:00,security_metrics,ml_engine,a12aafb3,-1.0,,1,,,,,,,
_result,0,2026-07-24 20:29:11.255273+00:00,2026-07-25 02:56:34.423623+00:00,2026-07-25 01:34:53.789070+00:00,security_metrics,ml_engine,a12aafb3,-1.0,,1,,,,,,,
_result,0,2026-07-24 20:29:11.255273+00:00,2026-07-25 02:56:34.423623+00:00,2026-07-25 01:34:53.790522+00:00,security_metrics,ml_engine,a12aafb3,-1.0,,1,,,,,,,
_result,0,2026-07-24 20:29:11.255273+00:00,2026-07-25 02:56:34.423623+00:00,2026-07-25 01:34:53.792195+00:00,security_metrics,ml_engine,a12aafb3,-1.0,,1,,,,,,,
_result,0,2026-07-24 20:29:11.255273+00:00,2026-07-25 02:56:34.423623+00:00,2026-07-25 01:34:53.793636+00:00,security_metrics,ml_engine,a12aafb3,-1.0,,1,,,,,,,
_result,0,2026-07-24 20:29:11.255273+00:00,2026-07-25 02:56:34.423623+00:00,2026-07-25 01:34:53.841892+00:00,security_metrics,ml_engine,a12aafb3,-0.95,,1,,,,,,,
_result,0,2026-07-24 20:29:11.255273+00:00,2026-07-25 02:56:34.423623+00:00,2026-07-25 01:41:52.811534+00:00,security_metrics,ml_engine,a12aafb3,-1.0,,1,,,,,,,
_result,0,2026-07-24 20:29:11.255273+00:00,2026-07-25 02:56:34.423623+00:00,2026-07-25 01:41:52.812955+00:00,security_metrics,ml_engine,a12aafb3,-1.0,,1,,,,,,,
_result,0,2026-07-24 20:29:11.255273+00:00,2026-07-25 02:56:34.423623+00:00,2026-07-25 01:42:09.661733+00:00,security_metrics,ml_engine,a12aafb3,-1.0,,1,,,,,,,
_result,0,2026-07-24 20:29:11.255273+00:00,2026-07-25 02:56:34.423623+00:00,2026-07-25 01:42:09.663202+00:00,security_metrics,ml_engine,a12aafb3,-1.0,,1,,,,,,,
_result,0,2026-07-24 20:29:11.255273+00:00,2026-07-25 02:56:34.423623+00:00,2026-07-25 01:49:08.938262+00:00,security_metrics,ml_engine,a12aafb3,-1.0,,1,,,,,,,
_result,0,2026-07-24 20:29:11.255273+00:00,2026-07-25 02:56:34.423623+00:00,2026-07-25 01:49:08.985160+00:00,security_metrics,ml_engine,a12aafb3,-0.95,,1,,,,,,,
_result,0,2026-07-24 20:29:11.255273+00:00,2026-07-25 02:56:34.423623+00:00,2026-07-25 01:49:10.757547+00:00,security_metrics,ml_engine,a12aafb3,0.0032908069569553833,0.0032908069569553833,0,6.140259938547388e-05,,,,,,
_result,0,2026-07-24 20:29:11.255273+00:00,2026-07-25 02:56:34.423623+00:00,2026-07-25 01:49:27.451561+00:00,security_metrics,ml_engine,a12aafb3,0.12599038290991532,0.12599038290991532,0,1.9135308320983313e-05,,,,,,
_result,0,2026-07-24 20:29:11.255273+00:00,2026-07-25 02:56:34.423623+00:00,2026-07-25 01:49:44.137298+00:00,security_metrics,ml_engine,a12aafb3,0.062286462326941905,0.062286462326941905,0,1.9039533071918413e-05,,,,,,
_result,0,2026-07-24 20:29:11.255273+00:00,2026-07-25 02:56:34.423623+00:00,2026-07-25 01:50:00.954690+00:00,security_metrics,ml_engine,a12aafb3,0.17340068232662126,0.17340068232662126,0,1.901061477838084e-05,,,,,,
_result,0,2026-07-24 20:29:11.255273+00:00,2026-07-25 02:56:34.423623+00:00,2026-07-25 01:50:17.650851+00:00,security_metrics,ml_engine,a12aafb3,0.17944403383975033,0.17944403383975033,0,1.8439419363858178e-05,,,,,,
_result,0,2026-07-24 20:29:11.255273+00:00,2026-07-25 02:56:34.423623+00:00,2026-07-25 01:50:34.327266+00:00,security_metrics,ml_engine,a12aafb3,0.11881248748886225,0.11881248748886225,0,0.0002787394914776087,,,,,,
_result,0,2026-07-24 20:29:11.255273+00:00,2026-07-25 02:56:34.423623+00:00,2026-07-25 01:50:51.114518+00:00,security_metrics,ml_engine,a12aafb3,0.1591278618162536,0.1591278618162536,0,0.0006679030484519899,,,,,,
_result,0,2026-07-24 20:29:11.255273+00:00,2026-07-25 02:56:34.423623+00:00,2026-07-25 01:51:07.807638+00:00,security_metrics,ml_engine,a12aafb3,0.053600010639791695,0.053600010639791695,0,0.004756181500852108,,,,,,
_result,0,2026-07-24 20:29:11.255273+00:00,2026-07-25 02:56:34.423623+00:00,2026-07-25 01:51:22.874820+00:00,security_metrics,ml_engine,a12aafb3,-0.95,,1,,,,,,,
_result,0,2026-07-24 20:29:11.255273+00:00,2026-07-25 02:56:34.423623+00:00,2026-07-25 01:51:24.551341+00:00,security_metrics,ml_engine,a12aafb3,0.16925188124447438,0.16925188124447438,0,1.857918869063724e-05,,,,,,
_result,0,2026-07-24 20:29:11.255273+00:00,2026-07-25 02:56:34.423623+00:00,2026-07-25 01:51:41.353930+00:00,security_metrics,ml_engine,a12aafb3,0.1668726633379235,0.1668726633379235,0,1.828930362535175e-05,,,,,,
_result,0,2026-07-24 20:29:11.255273+00:00,2026-07-25 02:56:34.423623+00:00,2026-07-25 01:51:58.032455+00:00,security_metrics,ml_engine,a12aafb3,0.15575543196054237,0.15575543196054237,0,1.8999331587110646e-05,,,,,,
_result,0,2026-07-24 20:29:11.255273+00:00,2026-07-25 02:56:34.423623+00:00,2026-07-25 01:52:14.722955+00:00,security_metrics,ml_engine,a12aafb3,0.17675091840792118,0.17675091840792118,0,2.5956484023481607e-05,,,,,,
_result,0,2026-07-24 20:29:11.255273+00:00,2026-07-25 02:56:34.423623+00:00,2026-07-25 01:52:31.518193+00:00,security_metrics,ml_engine,a12aafb3,0.060220895462236856,0.060220895462236856,0,1.7147092876257375e-05,,,,,,
_result,0,2026-07-24 20:29:11.255273+00:00,2026-07-25 02:56:34.423623+00:00,2026-07-25 01:52:48.204783+00:00,security_metrics,ml_engine,a12aafb3,0.147396141165601,0.147396141165601,0,1.9433691704762168e-05,,,,,,
_result,0,2026-07-24 20:29:11.255273+00:00,2026-07-25 02:56:34.423623+00:00,2026-07-25 01:53:04.927623+00:00,security_metrics,ml_engine,a12aafb3,0.17516031930490694,0.17516031930490694,0,0.00072826212272048,,,,,,
_result,0,2026-07-24 20:29:11.255273+00:00,2026-07-25 02:56:34.423623+00:00,2026-07-25 01:53:21.732491+00:00,security_metrics,ml_engine,a12aafb3,0.17920472541836446,0.17920472541836446,0,0.00047109180013649166,,,,,,
_result,0,2026-07-24 20:29:11.255273+00:00,2026-07-25 02:56:34.423623+00:00,2026-07-25 01:53:36.789435+00:00,security_metrics,ml_engine,a12aafb3,-0.95,,1,,,,,,,
_result,0,2026-07-24 20:29:11.255273+00:00,2026-07-25 02:56:34.423623+00:00,2026-07-25 01:53:38.478360+00:00,security_metrics,ml_engine,a12aafb3,0.041460295132256575,0.041460295132256575,0,0.004763367120176554,,,,,,
_result,0,2026-07-24 20:29:11.255273+00:00,2026-07-25 02:56:34.423623+00:00,2026-07-25 01:53:55.157527+00:00,security_metrics,ml_engine,a12aafb3,0.16178799573731162,0.16178799573731162,0,1.8934493709821254e-05,,,,,,
_result,0,2026-07-24 20:29:11.255273+00:00,2026-07-25 02:56:34.423623+00:00,2026-07-25 01:54:11.839937+00:00,security_metrics,ml_engine,a12aafb3,0.1711482878194287,0.1711482878194287,0,2.3554735889774747e-05,,,,,,
_result,0,2026-07-24 20:29:11.255273+00:00,2026-07-25 02:56:34.423623+00:00,2026-07-25 01:54:28.628117+00:00,security_metrics,ml_engine,a12aafb3,0.09554674311732181,0.09554674311732181,0,2.0222714738338254e-05,,,,,,
_result,0,2026-07-24 20:29:11.255273+00:00,2026-07-25 02:56:34.423623+00:00,2026-07-25 01:54:45.301123+00:00,security_metrics,ml_engine,a12aafb3,0.1428571031765306,0.1428571031765306,0,1.8411206838209182e-05,,,,,,
_result,0,2026-07-24 20:29:11.255273+00:00,2026-07-25 02:56:34.423623+00:00,2026-07-25 01:55:02.026710+00:00,security_metrics,ml_engine,a12aafb3,0.17825312546344885,0.17825312546344885,0,1.9777189663727768e-05,,,,,,
_result,0,2026-07-24 20:29:11.255273+00:00,2026-07-25 02:56:34.423623+00:00,2026-07-25 01:55:18.820875+00:00,security_metrics,ml_engine,a12aafb3,0.14539208631121153,0.14539208631121153,0,2.4222434149123728e-05,,,,,,
_result,0,2026-07-24 20:29:11.255273+00:00,2026-07-25 02:56:34.423623+00:00,2026-07-25 01:55:35.521907+00:00,security_metrics,ml_engine,a12aafb3,0.12755023901275803,0.12755023901275803,0,1.9120379874948412e-05,,,,,,
_result,0,2026-07-24 20:29:11.255273+00:00,2026-07-25 02:56:34.423623+00:00,2026-07-25 01:55:50.589106+00:00,security_metrics,ml_engine,a12aafb3,-0.95,,1,,,,,,,
_result,0,2026-07-24 20:29:11.255273+00:00,2026-07-25 02:56:34.423623+00:00,2026-07-25 01:55:52.289551+00:00,security_metrics,ml_engine,a12aafb3,0.17944403383975033,0.17944403383975033,0,1.709797106741462e-05,,,,,,
_result,0,2026-07-24 20:29:11.255273+00:00,2026-07-25 02:56:34.423623+00:00,2026-07-25 01:56:09.087997+00:00,security_metrics,ml_engine,a12aafb3,0.15411038199764932,0.15411038199764932,0,2.099585071846377e-05,,,,,,
_result,0,2026-07-24 20:29:11.255273+00:00,2026-07-25 02:56:34.423623+00:00,2026-07-25 01:56:25.775632+00:00,security_metrics,ml_engine,a12aafb3,0.13864370119718228,0.13864370119718228,0,2.2945641831029207e-05,,,,,,
_result,0,2026-07-24 20:29:11.255273+00:00,2026-07-25 02:56:34.423623+00:00,2026-07-25 01:56:42.457506+00:00,security_metrics,ml_engine,a12aafb3,0.16315603370475423,0.16315603370475423,0,2.299953303008806e-05,,,,,,
_result,0,2026-07-24 20:29:11.255273+00:00,2026-07-25 02:56:34.423623+00:00,2026-07-25 01:56:59.271386+00:00,security_metrics,ml_engine,a12aafb3,0.05910085287830125,0.05910085287830125,0,0.005312031134963036,,,,,,
_result,0,2026-07-24 20:29:11.255273+00:00,2026-07-25 02:56:34.423623+00:00,2026-07-25 01:57:14.300029+00:00,security_metrics,ml_engine,a12aafb3,-1.0,,1,,,,,,,
_result,0,2026-07-24 20:29:11.255273+00:00,2026-07-25 02:56:34.423623+00:00,2026-07-25 01:57:14.301516+00:00,security_metrics,ml_engine,a12aafb3,-1.0,,1,,,,,,,
_result,0,2026-07-24 20:29:11.255273+00:00,2026-07-25 02:56:34.423623+00:00,2026-07-25 01:57:31.006757+00:00,security_metrics,ml_engine,a12aafb3,-1.0,,1,,,,,,,
_result,0,2026-07-24 20:29:11.255273+00:00,2026-07-25 02:56:34.423623+00:00,2026-07-25 01:57:31.008191+00:00,security_metrics,ml_engine,a12aafb3,-1.0,,1,,,,,,,
_result,0,2026-07-24 20:29:11.255273+00:00,2026-07-25 02:56:34.423623+00:00,2026-07-25 01:57:31.009546+00:00,security_metrics,ml_engine,a12aafb3,-1.0,,1,,,,,,,
_result,0,2026-07-24 20:29:11.255273+00:00,2026-07-25 02:56:34.423623+00:00,2026-07-25 01:57:47.716643+00:00,security_metrics,ml_engine,a12aafb3,-1.0,,1,,,,,,,
_result,0,2026-07-24 20:29:11.255273+00:00,2026-07-25 02:56:34.423623+00:00,2026-07-25 01:57:47.718208+00:00,security_metrics,ml_engine,a12aafb3,-1.0,,1,,,,,,,
_result,0,2026-07-24 20:29:11.255273+00:00,2026-07-25 02:56:34.423623+00:00,2026-07-25 01:57:47.719738+00:00,security_metrics,ml_engine,a12aafb3,-1.0,,1,,,,,,,
_result,0,2026-07-24 20:29:11.255273+00:00,2026-07-25 02:56:34.423623+00:00,2026-07-25 01:58:04.557730+00:00,security_metrics,ml_engine,a12aafb3,-1.0,,1,,,,,,,
_result,0,2026-07-24 20:29:11.255273+00:00,2026-07-25 02:56:34.423623+00:00,2026-07-25 01:58:04.559130+00:00,security_metrics,ml_engine,a12aafb3,-1.0,,1,,,,,,,
_result,0,2026-07-24 20:29:11.255273+00:00,2026-07-25 02:56:34.423623+00:00,2026-07-25 01:58:04.560573+00:00,security_metrics,ml_engine,a12aafb3,-1.0,,1,,,,,,,
_result,0,2026-07-24 20:29:11.255273+00:00,2026-07-25 02:56:34.423623+00:00,2026-07-25 01:58:04.609520+00:00,security_metrics,ml_engine,a12aafb3,-0.95,,1,,,,,,,
_result,0,2026-07-24 20:29:11.255273+00:00,2026-07-25 02:56:34.423623+00:00,2026-07-25 01:58:21.310441+00:00,security_metrics,ml_engine,a12aafb3,-1.0,,1,,,,,,,
_result,0,2026-07-24 20:29:11.255273+00:00,2026-07-25 02:56:34.423623+00:00,2026-07-25 01:58:21.311908+00:00,security_metrics,ml_engine,a12aafb3,-1.0,,1,,,,,,,
_result,0,2026-07-24 20:29:11.255273+00:00,2026-07-25 02:56:34.423623+00:00,2026-07-25 01:58:38.054391+00:00,security_metrics,ml_engine,a12aafb3,-1.0,,1,,,,,,,
_result,0,2026-07-24 20:29:11.255273+00:00,2026-07-25 02:56:34.423623+00:00,2026-07-25 02:03:56.536005+00:00,security_metrics,ml_engine,a12aafb3,-0.95,,1,,,,,,,
_result,0,2026-07-24 20:29:11.255273+00:00,2026-07-25 02:56:34.423623+00:00,2026-07-25 02:05:36.979901+00:00,security_metrics,ml_engine,a12aafb3,-1.0,,1,,,,,,,
_result,0,2026-07-24 20:29:11.255273+00:00,2026-07-25 02:56:34.423623+00:00,2026-07-25 02:05:36.981312+00:00,security_metrics,ml_engine,a12aafb3,-1.0,,1,,,,,,,
_result,0,2026-07-24 20:29:11.255273+00:00,2026-07-25 02:56:34.423623+00:00,2026-07-25 02:05:36.982725+00:00,security_metrics,ml_engine,a12aafb3,-1.0,,1,,,,,,,
_result,0,2026-07-24 20:29:11.255273+00:00,2026-07-25 02:56:34.423623+00:00,2026-07-25 02:05:36.984063+00:00,security_metrics,ml_engine,a12aafb3,-1.0,,1,,,,,,,
_result,0,2026-07-24 20:29:11.255273+00:00,2026-07-25 02:56:34.423623+00:00,2026-07-25 02:12:36.255244+00:00,security_metrics,ml_engine,a12aafb3,-1.0,,1,,,,,,,
_result,0,2026-07-24 20:29:11.255273+00:00,2026-07-25 02:56:34.423623+00:00,2026-07-25 02:12:36.256740+00:00,security_metrics,ml_engine,a12aafb3,-1.0,,1,,,,,,,
_result,0,2026-07-24 20:29:11.255273+00:00,2026-07-25 02:56:34.423623+00:00,2026-07-25 02:12:36.258154+00:00,security_metrics,ml_engine,a12aafb3,-1.0,,1,,,,,,,
_result,0,2026-07-24 20:29:11.255273+00:00,2026-07-25 02:56:34.423623+00:00,2026-07-25 02:12:36.259553+00:00,security_metrics,ml_engine,a12aafb3,-1.0,,1,,,,,,,
_result,0,2026-07-24 20:29:11.255273+00:00,2026-07-25 02:56:34.423623+00:00,2026-07-25 02:19:18.605284+00:00,security_metrics,ml_engine,a12aafb3,-0.95,,1,,,,,,,
_result,0,2026-07-24 20:29:11.255273+00:00,2026-07-25 02:56:34.423623+00:00,2026-07-25 02:26:34.505444+00:00,security_metrics,ml_engine,a12aafb3,-1.0,,1,,,,,,,
_result,0,2026-07-24 20:29:11.255273+00:00,2026-07-25 02:56:34.423623+00:00,2026-07-25 02:26:34.506907+00:00,security_metrics,ml_engine,a12aafb3,-1.0,,1,,,,,,,
_result,0,2026-07-24 20:29:11.255273+00:00,2026-07-25 02:56:34.423623+00:00,2026-07-25 02:26:51.278192+00:00,security_metrics,ml_engine,a12aafb3,-1.0,,1,,,,,,,
_result,0,2026-07-24 20:29:11.255273+00:00,2026-07-25 02:56:34.423623+00:00,2026-07-25 02:26:51.279740+00:00,security_metrics,ml_engine,a12aafb3,-1.0,,1,,,,,,,
_result,0,2026-07-24 20:29:11.255273+00:00,2026-07-25 02:56:34.423623+00:00,2026-07-25 02:35:14.495161+00:00,security_metrics,ml_engine,a12aafb3,-0.95,,1,,,,,,,
_result,0,2026-07-24 20:29:11.255273+00:00,2026-07-25 02:56:34.423623+00:00,2026-07-25 02:44:27.231628+00:00,security_metrics,ml_engine,a12aafb3,-1.0,,1,,,,,,,
_result,0,2026-07-24 20:29:11.255273+00:00,2026-07-25 02:56:34.423623+00:00,2026-07-25 02:44:27.233042+00:00,security_metrics,ml_engine,a12aafb3,-1.0,,1,,,,,,,
_result,0,2026-07-24 20:29:11.255273+00:00,2026-07-25 02:56:34.423623+00:00,2026-07-25 02:44:27.234455+00:00,security_metrics,ml_engine,a12aafb3,-1.0,,1,,,,,,,
_result,0,2026-07-24 20:29:11.255273+00:00,2026-07-25 02:56:34.423623+00:00,2026-07-25 02:44:27.236013+00:00,security_metrics,ml_engine,a12aafb3,-1.0,,1,,,,,,,
_result,0,2026-07-24 20:29:11.255273+00:00,2026-07-25 02:56:34.423623+00:00,2026-07-25 02:51:25.911123+00:00,security_metrics,ml_engine,a12aafb3,-1.0,,1,,,,,,,
_result,0,2026-07-24 20:29:11.255273+00:00,2026-07-25 02:56:34.423623+00:00,2026-07-25 02:51:25.912785+00:00,security_metrics,ml_engine,a12aafb3,-1.0,,1,,,,,,,
_result,0,2026-07-24 20:29:11.255273+00:00,2026-07-25 02:56:34.423623+00:00,2026-07-25 02:51:42.753699+00:00,security_metrics,ml_engine,a12aafb3,-1.0,,1,,,,,,,
_result,0,2026-07-24 20:29:11.255273+00:00,2026-07-25 02:56:34.423623+00:00,2026-07-25 02:51:42.755231+00:00,security_metrics,ml_engine,a12aafb3,-1.0,,1,,,,,,,
_result,1,2026-07-24 20:29:11.255273+00:00,2026-07-25 02:56:34.423623+00:00,2026-07-24 21:35:57.144943+00:00,security_metrics,ml_engine,a12aafb3,-0.5,0.20174074865898584,1,0.04974491149187088,Stage 2 - ICS Impact,Damage to Property,T0828,Loss of Safety,Modbus,Level 2
_result,1,2026-07-24 20:29:11.255273+00:00,2026-07-25 02:56:34.423623+00:00,2026-07-24 22:57:22.286564+00:00,security_metrics,ml_engine,a12aafb3,-0.5,0.10789990827740592,1,0.14692039787769318,Stage 2 - ICS Impact,Damage to Property,T0828,Loss of Safety,Modbus,Level 2
_result,1,2026-07-24 20:29:11.255273+00:00,2026-07-25 02:56:34.423623+00:00,2026-07-24 22:57:38.953237+00:00,security_metrics,ml_engine,a12aafb3,-0.5,0.12755023901275803,1,0.0001046866673277691,Stage 2 - ICS Impact,Damage to Property,T0828,Loss of Safety,Modbus,Level 2
_result,1,2026-07-24 20:29:11.255273+00:00,2026-07-25 02:56:34.423623+00:00,2026-07-24 22:57:55.594034+00:00,security_metrics,ml_engine,a12aafb3,-0.5,0.05323732329091613,1,1.8042372175841592e-05,Stage 2 - ICS Impact,Damage to Property,T0828,Loss of Safety,Modbus,Level 2
_result,1,2026-07-24 20:29:11.255273+00:00,2026-07-25 02:56:34.423623+00:00,2026-07-24 22:58:12.255418+00:00,security_metrics,ml_engine,a12aafb3,-0.5,0.15643240701320582,1,0.0007278237026184797,Stage 2 - ICS Impact,Damage to Property,T0828,Loss of Safety,Modbus,Level 2
_result,1,2026-07-24 20:29:11.255273+00:00,2026-07-25 02:56:34.423623+00:00,2026-07-24 22:58:29.010796+00:00,security_metrics,ml_engine,a12aafb3,-0.5,0.1742706869980407,1,2.088118162646424e-05,Stage 2 - ICS Impact,Damage to Property,T0828,Loss of Safety,Modbus,Level 2
_result,1,2026-07-24 20:29:11.255273+00:00,2026-07-25 02:56:34.423623+00:00,2026-07-24 22:58:45.679987+00:00,security_metrics,ml_engine,a12aafb3,-0.5,0.12642611496792888,1,1.9168270227964967e-05,Stage 2 - ICS Impact,Damage to Property,T0828,Loss of Safety,Modbus,Level 2
_result,1,2026-07-24 20:29:11.255273+00:00,2026-07-25 02:56:34.423623+00:00,2026-07-24 22:59:02.338844+00:00,security_metrics,ml_engine,a12aafb3,-0.5,0.04593649588415216,1,2.229283745691646e-05,Stage 2 - ICS Impact,Damage to Property,T0828,Loss of Safety,Modbus,Level 2
_result,1,2026-07-24 20:29:11.255273+00:00,2026-07-25 02:56:34.423623+00:00,2026-07-24 22:59:19.154764+00:00,security_metrics,ml_engine,a12aafb3,-0.5,0.16562696352060574,1,2.1340152670745738e-05,Stage 2 - ICS Impact,Damage to Property,T0828,Loss of Safety,Modbus,Level 2
_result,1,2026-07-24 20:29:11.255273+00:00,2026-07-25 02:56:34.423623+00:00,2026-07-24 22:59:35.799292+00:00,security_metrics,ml_engine,a12aafb3,-0.5,0.1591614303855844,1,2.34755061683245e-05,Stage 2 - ICS Impact,Damage to Property,T0828,Loss of Safety,Modbus,Level 2
_result,1,2026-07-24 20:29:11.255273+00:00,2026-07-25 02:56:34.423623+00:00,2026-07-24 22:59:52.466402+00:00,security_metrics,ml_engine,a12aafb3,-0.5,0.1640435058477664,1,2.322811087651644e-05,Stage 2 - ICS Impact,Damage to Property,T0828,Loss of Safety,Modbus,Level 2
_result,1,2026-07-24 20:29:11.255273+00:00,2026-07-25 02:56:34.423623+00:00,2026-07-24 23:00:09.243635+00:00,security_metrics,ml_engine,a12aafb3,-0.5,0.16076415504144215,1,1.8554439520812593e-05,Stage 2 - ICS Impact,Damage to Property,T0828,Loss of Safety,Modbus,Level 2
_result,1,2026-07-24 20:29:11.255273+00:00,2026-07-25 02:56:34.423623+00:00,2026-07-24 23:00:25.896223+00:00,security_metrics,ml_engine,a12aafb3,-0.5,0.16775244864333894,1,2.035464785876684e-05,Stage 2 - ICS Impact,Damage to Property,T0828,Loss of Safety,Modbus,Level 2
_result,1,2026-07-24 20:29:11.255273+00:00,2026-07-25 02:56:34.423623+00:00,2026-07-24 23:00:42.568790+00:00,security_metrics,ml_engine,a12aafb3,-0.5,0.20531815194557113,1,2.0687602955149487e-05,Stage 2 - ICS Impact,Damage to Property,T0828,Loss of Safety,Modbus,Level 2
_result,1,2026-07-24 20:29:11.255273+00:00,2026-07-25 02:56:34.423623+00:00,2026-07-24 23:00:59.222265+00:00,security_metrics,ml_engine,a12aafb3,-0.5,0.16857005235767214,1,1.8137097868020646e-05,Stage 2 - ICS Impact,Damage to Property,T0828,Loss of Safety,Modbus,Level 2
_result,1,2026-07-24 20:29:11.255273+00:00,2026-07-25 02:56:34.423623+00:00,2026-07-24 23:01:16.008668+00:00,security_metrics,ml_engine,a12aafb3,-0.5,0.1808648806302564,1,2.797645538521465e-05,Stage 2 - ICS Impact,Damage to Property,T0828,Loss of Safety,Modbus,Level 2
_result,1,2026-07-24 20:29:11.255273+00:00,2026-07-25 02:56:34.423623+00:00,2026-07-24 23:01:32.716254+00:00,security_metrics,ml_engine,a12aafb3,-0.5,0.18451461244399403,1,1.9487491954350844e-05,Stage 2 - ICS Impact,Damage to Property,T0828,Loss of Safety,Modbus,Level 2
_result,1,2026-07-24 20:29:11.255273+00:00,2026-07-25 02:56:34.423623+00:00,2026-07-24 23:01:49.347919+00:00,security_metrics,ml_engine,a12aafb3,-0.5,0.1640435058477664,1,1.841734592744615e-05,Stage 2 - ICS Impact,Damage to Property,T0828,Loss of Safety,Modbus,Level 2
_result,1,2026-07-24 20:29:11.255273+00:00,2026-07-25 02:56:34.423623+00:00,2026-07-24 23:02:06.108196+00:00,security_metrics,ml_engine,a12aafb3,-0.5,0.18767605645982866,1,2.0547140593407676e-05,Stage 2 - ICS Impact,Damage to Property,T0828,Loss of Safety,Modbus,Level 2
_result,1,2026-07-24 20:29:11.255273+00:00,2026-07-25 02:56:34.423623+00:00,2026-07-24 23:02:22.774569+00:00,security_metrics,ml_engine,a12aafb3,-0.5,0.04492816155777224,1,0.0002918080717790872,Stage 2 - ICS Impact,Damage to Property,T0828,Loss of Safety,Modbus,Level 2
_result,1,2026-07-24 20:29:11.255273+00:00,2026-07-25 02:56:34.423623+00:00,2026-07-24 23:02:39.434990+00:00,security_metrics,ml_engine,a12aafb3,-0.5,0.1929459344402606,1,1.681371941231191e-05,Stage 2 - ICS Impact,Damage to Property,T0828,Loss of Safety,Modbus,Level 2
_result,1,2026-07-24 20:29:11.255273+00:00,2026-07-25 02:56:34.423623+00:00,2026-07-24 23:02:56.213390+00:00,security_metrics,ml_engine,a12aafb3,-0.5,0.17115011868361707,1,2.1149635358597152e-05,Stage 2 - ICS Impact,Damage to Property,T0828,Loss of Safety,Modbus,Level 2
_result,1,2026-07-24 20:29:11.255273+00:00,2026-07-25 02:56:34.423623+00:00,2026-07-24 23:03:12.892727+00:00,security_metrics,ml_engine,a12aafb3,-0.5,0.07144765533102482,1,0.0007467523100785911,Stage 2 - ICS Impact,Damage to Property,T0828,Loss of Safety,Modbus,Level 2
_result,1,2026-07-24 20:29:11.255273+00:00,2026-07-25 02:56:34.423623+00:00,2026-07-24 23:03:29.540000+00:00,security_metrics,ml_engine,a12aafb3,-0.5,0.1591614303855844,1,2.3417715055984445e-05,Stage 2 - ICS Impact,Damage to Property,T0828,Loss of Safety,Modbus,Level 2
_result,1,2026-07-24 20:29:11.255273+00:00,2026-07-25 02:56:34.423623+00:00,2026-07-24 23:03:46.339284+00:00,security_metrics,ml_engine,a12aafb3,-0.5,0.13864370119718228,1,2.023152046604082e-05,Stage 2 - ICS Impact,Damage to Property,T0828,Loss of Safety,Modbus,Level 2
_result,1,2026-07-24 20:29:11.255273+00:00,2026-07-25 02:56:34.423623+00:00,2026-07-24 23:04:03.039392+00:00,security_metrics,ml_engine,a12aafb3,-0.5,0.1663315194424459,1,1.9174209228367545e-05,Stage 2 - ICS Impact,Damage to Property,T0828,Loss of Safety,Modbus,Level 2
_result,1,2026-07-24 20:29:11.255273+00:00,2026-07-25 02:56:34.423623+00:00,2026-07-24 23:04:19.738033+00:00,security_metrics,ml_engine,a12aafb3,-0.5,0.1869141150902905,1,2.151832632080186e-05,Stage 2 - ICS Impact,Damage to Property,T0828,Loss of Safety,Modbus,Level 2
_result,1,2026-07-24 20:29:11.255273+00:00,2026-07-25 02:56:34.423623+00:00,2026-07-24 23:04:36.465017+00:00,security_metrics,ml_engine,a12aafb3,-0.5,0.17756811475706413,1,3.334758002893068e-05,Stage 2 - ICS Impact,Damage to Property,T0828,Loss of Safety,Modbus,Level 2
_result,1,2026-07-24 20:29:11.255273+00:00,2026-07-25 02:56:34.423623+00:00,2026-07-24 23:04:53.295344+00:00,security_metrics,ml_engine,a12aafb3,-0.5,0.11375623923369904,1,2.1713925889343955e-05,Stage 2 - ICS Impact,Damage to Property,T0828,Loss of Safety,Modbus,Level 2
_result,1,2026-07-24 20:29:11.255273+00:00,2026-07-25 02:56:34.423623+00:00,2026-07-24 23:05:10.015869+00:00,security_metrics,ml_engine,a12aafb3,-0.5,0.20138221749073987,1,3.6912726500304416e-05,Stage 2 - ICS Impact,Damage to Property,T0828,Loss of Safety,Modbus,Level 2
_result,1,2026-07-24 20:29:11.255273+00:00,2026-07-25 02:56:34.423623+00:00,2026-07-24 23:05:26.720158+00:00,security_metrics,ml_engine,a12aafb3,-0.5,0.18837072140815975,1,1.9916751625714824e-05,Stage 2 - ICS Impact,Damage to Property,T0828,Loss of Safety,Modbus,Level 2
_result,1,2026-07-24 20:29:11.255273+00:00,2026-07-25 02:56:34.423623+00:00,2026-07-24 23:05:43.548309+00:00,security_metrics,ml_engine,a12aafb3,-0.5,0.12069802552745013,1,0.07062488794326782,Stage 2 - ICS Impact,Damage to Property,T0828,Loss of Safety,Modbus,Level 2
_result,1,2026-07-24 20:29:11.255273+00:00,2026-07-25 02:56:34.423623+00:00,2026-07-24 23:06:00.267751+00:00,security_metrics,ml_engine,a12aafb3,-0.5,0.0938106868947497,1,0.14199286699295044,Stage 2 - ICS Impact,Damage to Property,T0828,Loss of Safety,Modbus,Level 2
_result,1,2026-07-24 20:29:11.255273+00:00,2026-07-25 02:56:34.423623+00:00,2026-07-24 23:06:16.991525+00:00,security_metrics,ml_engine,a12aafb3,-0.5,0.17687650213333855,1,0.0727987065911293,Stage 2 - ICS Impact,Damage to Property,T0828,Loss of Safety,Modbus,Level 2
_result,1,2026-07-24 20:29:11.255273+00:00,2026-07-25 02:56:34.423623+00:00,2026-07-24 23:06:33.803515+00:00,security_metrics,ml_engine,a12aafb3,-0.5,0.1908748252433472,1,0.09257233887910843,Stage 2 - ICS Impact,Damage to Property,T0828,Loss of Safety,Modbus,Level 2
_result,1,2026-07-24 20:29:11.255273+00:00,2026-07-25 02:56:34.423623+00:00,2026-07-24 23:06:50.505574+00:00,security_metrics,ml_engine,a12aafb3,-0.5,0.1842927422071286,1,2.000805761781521e-05,Stage 2 - ICS Impact,Damage to Property,T0828,Loss of Safety,Modbus,Level 2
_result,1,2026-07-24 20:29:11.255273+00:00,2026-07-25 02:56:34.423623+00:00,2026-07-24 23:07:07.202468+00:00,security_metrics,ml_engine,a12aafb3,-0.5,0.10122250718347481,1,0.0007288694614544511,Stage 2 - ICS Impact,Damage to Property,T0828,Loss of Safety,Modbus,Level 2
_result,1,2026-07-24 20:29:11.255273+00:00,2026-07-25 02:56:34.423623+00:00,2026-07-24 23:07:23.898857+00:00,security_metrics,ml_engine,a12aafb3,-0.5,0.16897599134957397,1,2.2478594473795965e-05,Stage 2 - ICS Impact,Damage to Property,T0828,Loss of Safety,Modbus,Level 2
_result,1,2026-07-24 20:29:11.255273+00:00,2026-07-25 02:56:34.423623+00:00,2026-07-24 23:07:40.717565+00:00,security_metrics,ml_engine,a12aafb3,-0.5,0.18218318692523788,1,1.933106432261411e-05,Stage 2 - ICS Impact,Damage to Property,T0828,Loss of Safety,Modbus,Level 2
_result,1,2026-07-24 20:29:11.255273+00:00,2026-07-25 02:56:34.423623+00:00,2026-07-24 23:07:57.422875+00:00,security_metrics,ml_engine,a12aafb3,-0.5,0.16857005235767214,1,2.1875213860766962e-05,Stage 2 - ICS Impact,Damage to Property,T0828,Loss of Safety,Modbus,Level 2
_result,1,2026-07-24 20:29:11.255273+00:00,2026-07-25 02:56:34.423623+00:00,2026-07-24 23:08:14.122271+00:00,security_metrics,ml_engine,a12aafb3,-0.5,0.19585147297961542,1,1.973810140043497e-05,Stage 2 - ICS Impact,Damage to Property,T0828,Loss of Safety,Modbus,Level 2
_result,1,2026-07-24 20:29:11.255273+00:00,2026-07-25 02:56:34.423623+00:00,2026-07-24 23:08:30.950697+00:00,security_metrics,ml_engine,a12aafb3,-0.5,0.1120670820036922,1,0.000700192351359874,Stage 2 - ICS Impact,Damage to Property,T0828,Loss of Safety,Modbus,Level 2
_result,1,2026-07-24 20:29:11.255273+00:00,2026-07-25 02:56:34.423623+00:00,2026-07-24 23:08:47.659968+00:00,security_metrics,ml_engine,a12aafb3,-0.5,0.1914428164538815,1,1.785738095350098e-05,Stage 2 - ICS Impact,Damage to Property,T0828,Loss of Safety,Modbus,Level 2
_result,1,2026-07-24 20:29:11.255273+00:00,2026-07-25 02:56:34.423623+00:00,2026-07-24 23:09:04.369754+00:00,security_metrics,ml_engine,a12aafb3,-0.5,0.18022731272536618,1,1.9253195205237716e-05,Stage 2 - ICS Impact,Damage to Property,T0828,Loss of Safety,Modbus,Level 2
_result,1,2026-07-24 20:29:11.255273+00:00,2026-07-25 02:56:34.423623+00:00,2026-07-24 23:09:21.171579+00:00,security_metrics,ml_engine,a12aafb3,-0.5,0.18229400672215723,1,1.7641164959059097e-05,Stage 2 - ICS Impact,Damage to Property,T0828,Loss of Safety,Modbus,Level 2
_result,1,2026-07-24 20:29:11.255273+00:00,2026-07-25 02:56:34.423623+00:00,2026-07-24 23:09:37.878797+00:00,security_metrics,ml_engine,a12aafb3,-0.5,0.17989640356128833,1,2.3656399207538925e-05,Stage 2 - ICS Impact,Damage to Property,T0828,Loss of Safety,Modbus,Level 2
_result,1,2026-07-24 20:29:11.255273+00:00,2026-07-25 02:56:34.423623+00:00,2026-07-24 23:09:54.587287+00:00,security_metrics,ml_engine,a12aafb3,-0.5,0.18626043965228323,1,1.819605859054718e-05,Stage 2 - ICS Impact,Damage to Property,T0828,Loss of Safety,Modbus,Level 2
_result,1,2026-07-24 20:29:11.255273+00:00,2026-07-25 02:56:34.423623+00:00,2026-07-24 23:10:11.329699+00:00,security_metrics,ml_engine,a12aafb3,-0.5,0.13989670627365713,1,1.8849430489353836e-05,Stage 2 - ICS Impact,Damage to Property,T0828,Loss of Safety,Modbus,Level 2
_result,1,2026-07-24 20:29:11.255273+00:00,2026-07-25 02:56:34.423623+00:00,2026-07-24 23:10:28.121782+00:00,security_metrics,ml_engine,a12aafb3,-0.5,0.19615325999867267,1,1.921806688187644e-05,Stage 2 - ICS Impact,Damage to Property,T0828,Loss of Safety,Modbus,Level 2
_result,1,2026-07-24 20:29:11.255273+00:00,2026-07-25 02:56:34.423623+00:00,2026-07-24 23:10:44.862595+00:00,security_metrics,ml_engine,a12aafb3,-0.5,0.14853719322895914,1,1.759561746439431e-05,Stage 2 - ICS Impact,Damage to Property,T0828,Loss of Safety,Modbus,Level 2
_result,1,2026-07-24 20:29:11.255273+00:00,2026-07-25 02:56:34.423623+00:00,2026-07-24 23:11:01.578555+00:00,security_metrics,ml_engine,a12aafb3,-0.5,0.18399306884449296,1,1.9183929907740094e-05,Stage 2 - ICS Impact,Damage to Property,T0828,Loss of Safety,Modbus,Level 2
_result,1,2026-07-24 20:29:11.255273+00:00,2026-07-25 02:56:34.423623+00:00,2026-07-24 23:11:18.433147+00:00,security_metrics,ml_engine,a12aafb3,-0.5,0.15728645114119055,1,1.74832675838843e-05,Stage 2 - ICS Impact,Damage to Property,T0828,Loss of Safety,Modbus,Level 2
_result,1,2026-07-24 20:29:11.255273+00:00,2026-07-25 02:56:34.423623+00:00,2026-07-24 23:11:35.148914+00:00,security_metrics,ml_engine,a12aafb3,-0.5,0.13754108137331367,1,1.9694854927365668e-05,Stage 2 - ICS Impact,Damage to Property,T0828,Loss of Safety,Modbus,Level 2
_result,1,2026-07-24 20:29:11.255273+00:00,2026-07-25 02:56:34.423623+00:00,2026-07-24 23:11:51.854277+00:00,security_metrics,ml_engine,a12aafb3,-0.5,0.1908748252433472,1,1.805844294722192e-05,Stage 2 - ICS Impact,Damage to Property,T0828,Loss of Safety,Modbus,Level 2
_result,1,2026-07-24 20:29:11.255273+00:00,2026-07-25 02:56:34.423623+00:00,2026-07-24 23:12:08.666053+00:00,security_metrics,ml_engine,a12aafb3,-0.5,0.15728645114119055,1,2.0210027287248522e-05,Stage 2 - ICS Impact,Damage to Property,T0828,Loss of Safety,Modbus,Level 2
_result,1,2026-07-24 20:29:11.255273+00:00,2026-07-25 02:56:34.423623+00:00,2026-07-24 23:12:25.371570+00:00,security_metrics,ml_engine,a12aafb3,-0.5,0.19084534806835657,1,1.7254220438189805e-05,Stage 2 - ICS Impact,Damage to Property,T0828,Loss of Safety,Modbus,Level 2
_result,1,2026-07-24 20:29:11.255273+00:00,2026-07-25 02:56:34.423623+00:00,2026-07-24 23:12:42.084254+00:00,security_metrics,ml_engine,a12aafb3,-0.5,0.1668726633379235,1,1.8106313291355036e-05,Stage 2 - ICS Impact,Damage to Property,T0828,Loss of Safety,Modbus,Level 2
_result,1,2026-07-24 20:29:11.255273+00:00,2026-07-25 02:56:34.423623+00:00,2026-07-24 23:12:58.904867+00:00,security_metrics,ml_engine,a12aafb3,-0.5,0.05788198803671907,1,0.004763973411172628,Stage 2 - ICS Impact,Damage to Property,T0828,Loss of Safety,Modbus,Level 2
_result,1,2026-07-24 20:29:11.255273+00:00,2026-07-25 02:56:34.423623+00:00,2026-07-24 23:13:15.605563+00:00,security_metrics,ml_engine,a12aafb3,-0.5,0.1706929608778998,1,0.09428177773952484,Stage 2 - ICS Impact,Damage to Property,T0828,Loss of Safety,Modbus,Level 2
_result,1,2026-07-24 20:29:11.255273+00:00,2026-07-25 02:56:34.423623+00:00,2026-07-24 23:13:32.299070+00:00,security_metrics,ml_engine,a12aafb3,-0.5,0.1629155540266335,1,2.2338746930472553e-05,Stage 2 - ICS Impact,Damage to Property,T0828,Loss of Safety,Modbus,Level 2
_result,1,2026-07-24 20:29:11.255273+00:00,2026-07-25 02:56:34.423623+00:00,2026-07-24 23:13:48.954758+00:00,security_metrics,ml_engine,a12aafb3,-0.5,0.1844522290683746,1,0.0003785034641623497,Stage 2 - ICS Impact,Damage to Property,T0828,Loss of Safety,Modbus,Level 2
_result,1,2026-07-24 20:29:11.255273+00:00,2026-07-25 02:56:34.423623+00:00,2026-07-24 23:14:05.714695+00:00,security_metrics,ml_engine,a12aafb3,-0.5,0.10881131526849042,1,1.8641891074366868e-05,Stage 2 - ICS Impact,Damage to Property,T0828,Loss of Safety,Modbus,Level 2
_result,1,2026-07-24 20:29:11.255273+00:00,2026-07-25 02:56:34.423623+00:00,2026-07-24 23:14:22.369878+00:00,security_metrics,ml_engine,a12aafb3,-0.5,0.18570956691458923,1,1.9267830793978646e-05,Stage 2 - ICS Impact,Damage to Property,T0828,Loss of Safety,Modbus,Level 2
_result,1,2026-07-24 20:29:11.255273+00:00,2026-07-25 02:56:34.423623+00:00,2026-07-24 23:14:39.020448+00:00,security_metrics,ml_engine,a12aafb3,-0.5,0.10374425136736731,1,2.0217292330926284e-05,Stage 2 - ICS Impact,Damage to Property,T0828,Loss of Safety,Modbus,Level 2
_result,1,2026-07-24 20:29:11.255273+00:00,2026-07-25 02:56:34.423623+00:00,2026-07-24 23:14:55.811803+00:00,security_metrics,ml_engine,a12aafb3,-0.5,0.18953999634091545,1,1.9679391698446125e-05,Stage 2 - ICS Impact,Damage to Property,T0828,Loss of Safety,Modbus,Level 2
_result,1,2026-07-24 20:29:11.255273+00:00,2026-07-25 02:56:34.423623+00:00,2026-07-24 23:15:12.471653+00:00,security_metrics,ml_engine,a12aafb3,-0.5,0.18058929767898763,1,1.800900099624414e-05,Stage 2 - ICS Impact,Damage to Property,T0828,Loss of Safety,Modbus,Level 2
_result,1,2026-07-24 20:29:11.255273+00:00,2026-07-25 02:56:34.423623+00:00,2026-07-24 23:15:29.128007+00:00,security_metrics,ml_engine,a12aafb3,-0.5,0.1931968552364362,1,0.00027628455427475274,Stage 2 - ICS Impact,Damage to Property,T0828,Loss of Safety,Modbus,Level 2
_result,1,2026-07-24 20:29:11.255273+00:00,2026-07-25 02:56:34.423623+00:00,2026-07-24 23:15:45.835409+00:00,security_metrics,ml_engine,a12aafb3,-0.5,0.09857452859905069,1,2.14465271710651e-05,Stage 2 - ICS Impact,Damage to Property,T0828,Loss of Safety,Modbus,Level 2
_result,1,2026-07-24 20:29:11.255273+00:00,2026-07-25 02:56:34.423623+00:00,2026-07-24 23:16:02.613157+00:00,security_metrics,ml_engine,a12aafb3,-0.5,0.1931968552364362,1,2.073910945910029e-05,Stage 2 - ICS Impact,Damage to Property,T0828,Loss of Safety,Modbus,Level 2
_result,1,2026-07-24 20:29:11.255273+00:00,2026-07-25 02:56:34.423623+00:00,2026-07-24 23:16:19.270444+00:00,security_metrics,ml_engine,a12aafb3,-0.5,0.1640435058477664,1,2.2011205146554857e-05,Stage 2 - ICS Impact,Damage to Property,T0828,Loss of Safety,Modbus,Level 2
_result,1,2026-07-24 20:29:11.255273+00:00,2026-07-25 02:56:34.423623+00:00,2026-07-24 23:16:35.921797+00:00,security_metrics,ml_engine,a12aafb3,-0.5,0.18316828810855168,1,2.2025671569281258e-05,Stage 2 - ICS Impact,Damage to Property,T0828,Loss of Safety,Modbus,Level 2
_result,1,2026-07-24 20:29:11.255273+00:00,2026-07-25 02:56:34.423623+00:00,2026-07-24 23:16:52.697904+00:00,security_metrics,ml_engine,a12aafb3,-0.5,0.16062915888237006,1,2.2074978915043175e-05,Stage 2 - ICS Impact,Damage to Property,T0828,Loss of Safety,Modbus,Level 2
_result,1,2026-07-24 20:29:11.255273+00:00,2026-07-25 02:56:34.423623+00:00,2026-07-24 23:17:09.343044+00:00,security_metrics,ml_engine,a12aafb3,-0.5,0.17843938862215813,1,2.0282990590203553e-05,Stage 2 - ICS Impact,Damage to Property,T0828,Loss of Safety,Modbus,Level 2
_result,1,2026-07-24 20:29:11.255273+00:00,2026-07-25 02:56:34.423623+00:00,2026-07-24 23:17:25.993138+00:00,security_metrics,ml_engine,a12aafb3,-0.5,0.10673462876476136,1,1.7458267393521965e-05,Stage 2 - ICS Impact,Damage to Property,T0828,Loss of Safety,Modbus,Level 2
_result,1,2026-07-24 20:29:11.255273+00:00,2026-07-25 02:56:34.423623+00:00,2026-07-24 23:17:42.781688+00:00,security_metrics,ml_engine,a12aafb3,-0.5,0.16970016827273487,1,1.7884553017211147e-05,Stage 2 - ICS Impact,Damage to Property,T0828,Loss of Safety,Modbus,Level 2
_result,1,2026-07-24 20:29:11.255273+00:00,2026-07-25 02:56:34.423623+00:00,2026-07-24 23:17:59.497265+00:00,security_metrics,ml_engine,a12aafb3,-0.5,0.18760292363811604,1,2.1283933165250346e-05,Stage 2 - ICS Impact,Damage to Property,T0828,Loss of Safety,Modbus,Level 2
_result,1,2026-07-24 20:29:11.255273+00:00,2026-07-25 02:56:34.423623+00:00,2026-07-24 23:18:16.165158+00:00,security_metrics,ml_engine,a12aafb3,-0.5,0.18073487999760263,1,1.8876547983381897e-05,Stage 2 - ICS Impact,Damage to Property,T0828,Loss of Safety,Modbus,Level 2
_result,1,2026-07-24 20:29:11.255273+00:00,2026-07-25 02:56:34.423623+00:00,2026-07-24 23:18:32.914381+00:00,security_metrics,ml_engine,a12aafb3,-0.5,0.18347421572352007,1,2.3463910110876895e-05,Stage 2 - ICS Impact,Damage to Property,T0828,Loss of Safety,Modbus,Level 2
_result,1,2026-07-24 20:29:11.255273+00:00,2026-07-25 02:56:34.423623+00:00,2026-07-24 23:18:49.576374+00:00,security_metrics,ml_engine,a12aafb3,-0.5,0.18121238290376918,1,2.5481298507656902e-05,Stage 2 - ICS Impact,Damage to Property,T0828,Loss of Safety,Modbus,Level 2
_result,1,2026-07-24 20:29:11.255273+00:00,2026-07-25 02:56:34.423623+00:00,2026-07-24 23:19:06.230687+00:00,security_metrics,ml_engine,a12aafb3,-0.5,0.15152127517984715,1,1.8315955458092503e-05,Stage 2 - ICS Impact,Damage to Property,T0828,Loss of Safety,Modbus,Level 2
_result,1,2026-07-24 20:29:11.255273+00:00,2026-07-25 02:56:34.423623+00:00,2026-07-24 23:19:22.912019+00:00,security_metrics,ml_engine,a12aafb3,-0.5,0.18433850347528008,1,1.8099330191034824e-05,Stage 2 - ICS Impact,Damage to Property,T0828,Loss of Safety,Modbus,Level 2
_result,1,2026-07-24 20:29:11.255273+00:00,2026-07-25 02:56:34.423623+00:00,2026-07-24 23:19:39.659541+00:00,security_metrics,ml_engine,a12aafb3,-0.5,0.18433850347528008,1,2.1202653442742303e-05,Stage 2 - ICS Impact,Damage to Property,T0828,Loss of Safety,Modbus,Level 2
_result,1,2026-07-24 20:29:11.255273+00:00,2026-07-25 02:56:34.423623+00:00,2026-07-24 23:19:56.305960+00:00,security_metrics,ml_engine,a12aafb3,-0.5,0.1706929608778998,1,1.9686629457282834e-05,Stage 2 - ICS Impact,Damage to Property,T0828,Loss of Safety,Modbus,Level 2
_result,1,2026-07-24 20:29:11.255273+00:00,2026-07-25 02:56:34.423623+00:00,2026-07-24 23:20:13.005170+00:00,security_metrics,ml_engine,a12aafb3,-0.5,0.19478283303395044,1,2.2925420125829987e-05,Stage 2 - ICS Impact,Damage to Property,T0828,Loss of Safety,Modbus,Level 2
_result,1,2026-07-24 20:29:11.255273+00:00,2026-07-25 02:56:34.423623+00:00,2026-07-24 23:20:29.815613+00:00,security_metrics,ml_engine,a12aafb3,-0.5,0.10881131526849042,1,1.81272753252415e-05,Stage 2 - ICS Impact,Damage to Property,T0828,Loss of Safety,Modbus,Level 2
_result,1,2026-07-24 20:29:11.255273+00:00,2026-07-25 02:56:34.423623+00:00,2026-07-24 23:20:46.521341+00:00,security_metrics,ml_engine,a12aafb3,-0.5,0.16576594985250792,1,1.9192963009118102e-05,Stage 2 - ICS Impact,Damage to Property,T0828,Loss of Safety,Modbus,Level 2
_result,1,2026-07-24 20:29:11.255273+00:00,2026-07-25 02:56:34.423623+00:00,2026-07-24 23:21:03.218649+00:00,security_metrics,ml_engine,a12aafb3,-0.5,0.19163047615295975,1,1.9195053027942777e-05,Stage 2 - ICS Impact,Damage to Property,T0828,Loss of Safety,Modbus,Level 2
_result,1,2026-07-24 20:29:11.255273+00:00,2026-07-25 02:56:34.423623+00:00,2026-07-24 23:21:20.050031+00:00,security_metrics,ml_engine,a12aafb3,-0.5,0.18058929767898763,1,1.9911554772988893e-05,Stage 2 - ICS Impact,Damage to Property,T0828,Loss of Safety,Modbus,Level 2
_result,1,2026-07-24 20:29:11.255273+00:00,2026-07-25 02:56:34.423623+00:00,2026-07-24 23:21:36.752223+00:00,security_metrics,ml_engine,a12aafb3,-0.5,0.1668726633379235,1,1.9218592569814064e-05,Stage 2 - ICS Impact,Damage to Property,T0828,Loss of Safety,Modbus,Level 2
_result,1,2026-07-24 20:29:11.255273+00:00,2026-07-25 02:56:34.423623+00:00,2026-07-24 23:22:26.982096+00:00,security_metrics,ml_engine,a12aafb3,-0.5,0.1591614303855844,1,2.0863810277660377e-05,Stage 2 - ICS Impact,Damage to Property,T0828,Loss of Safety,Modbus,Level 2
_result,1,2026-07-24 20:29:11.255273+00:00,2026-07-25 02:56:34.423623+00:00,2026-07-24 23:22:43.666854+00:00,security_metrics,ml_engine,a12aafb3,-0.5,0.15139805536604373,1,2.1645950255333446e-05,Stage 2 - ICS Impact,Damage to Property,T0828,Loss of Safety,Modbus,Level 2
_result,1,2026-07-24 20:29:11.255273+00:00,2026-07-25 02:56:34.423623+00:00,2026-07-24 23:23:00.351604+00:00,security_metrics,ml_engine,a12aafb3,-0.5,0.12618844823654646,1,2.0409970602486283e-05,Stage 2 - ICS Impact,Damage to Property,T0828,Loss of Safety,Modbus,Level 2
_result,1,2026-07-24 20:29:11.255273+00:00,2026-07-25 02:56:34.423623+00:00,2026-07-24 23:23:17.186735+00:00,security_metrics,ml_engine,a12aafb3,-0.5,0.17022941265887992,1,2.153940477001015e-05,Stage 2 - ICS Impact,Damage to Property,T0828,Loss of Safety,Modbus,Level 2
_result,1,2026-07-24 20:29:11.255273+00:00,2026-07-25 02:56:34.423623+00:00,2026-07-24 23:23:33.857286+00:00,security_metrics,ml_engine,a12aafb3,-0.5,0.09581688450108738,1,0.0006284043192863464,Stage 2 - ICS Impact,Damage to Property,T0828,Loss of Safety,Modbus,Level 2
_result,1,2026-07-24 20:29:11.255273+00:00,2026-07-25 02:56:34.423623+00:00,2026-07-24 23:23:50.544964+00:00,security_metrics,ml_engine,a12aafb3,-0.5,0.08709110206094384,1,2.969342313008383e-05,Stage 2 - ICS Impact,Damage to Property,T0828,Loss of Safety,Modbus,Level 2
_result,1,2026-07-24 20:29:11.255273+00:00,2026-07-25 02:56:34.423623+00:00,2026-07-24 23:24:07.385497+00:00,security_metrics,ml_engine,a12aafb3,-0.5,0.1640435058477664,1,1.9379755030968226e-05,Stage 2 - ICS Impact,Damage to Property,T0828,Loss of Safety,Modbus,Level 2
_result,1,2026-07-24 20:29:11.255273+00:00,2026-07-25 02:56:34.423623+00:00,2026-07-24 23:24:24.101257+00:00,security_metrics,ml_engine,a12aafb3,-0.5,0.05710779135950417,1,0.00047893213923089206,Stage 2 - ICS Impact,Damage to Property,T0828,Loss of Safety,Modbus,Level 2
_result,1,2026-07-24 20:29:11.255273+00:00,2026-07-25 02:56:34.423623+00:00,2026-07-24 23:24:40.855216+00:00,security_metrics,ml_engine,a12aafb3,-0.5,0.17188830914417252,1,0.0002734993177000433,Stage 2 - ICS Impact,Damage to Property,T0828,Loss of Safety,Modbus,Level 2
_result,1,2026-07-24 20:29:11.255273+00:00,2026-07-25 02:56:34.423623+00:00,2026-07-24 23:24:57.722073+00:00,security_metrics,ml_engine,a12aafb3,-0.5,0.15243582590186505,1,2.2679561880067922e-05,Stage 2 - ICS Impact,Damage to Property,T0828,Loss of Safety,Modbus,Level 2
_result,1,2026-07-24 20:29:11.255273+00:00,2026-07-25 02:56:34.423623+00:00,2026-07-24 23:25:14.428862+00:00,security_metrics,ml_engine,a12aafb3,-0.5,0.17042516938862856,1,2.625149136292748e-05,Stage 2 - ICS Impact,Damage to Property,T0828,Loss of Safety,Modbus,Level 2
_result,1,2026-07-24 20:29:11.255273+00:00,2026-07-25 02:56:34.423623+00:00,2026-07-24 23:25:31.162346+00:00,security_metrics,ml_engine,a12aafb3,-0.5,0.11281153249690629,1,1.828328640840482e-05,Stage 2 - ICS Impact,Damage to Property,T0828,Loss of Safety,Modbus,Level 2
_result,1,2026-07-24 20:29:11.255273+00:00,2026-07-25 02:56:34.423623+00:00,2026-07-24 23:25:47.898657+00:00,security_metrics,ml_engine,a12aafb3,-0.5,0.19799393981106528,1,0.0006192821892909706,Stage 2 - ICS Impact,Damage to Property,T0828,Loss of Safety,Modbus,Level 2
_result,1,2026-07-24 20:29:11.255273+00:00,2026-07-25 02:56:34.423623+00:00,2026-07-24 23:26:04.729269+00:00,security_metrics,ml_engine,a12aafb3,-0.5,0.17997001531136053,1,2.1868552721571177e-05,Stage 2 - ICS Impact,Damage to Property,T0828,Loss of Safety,Modbus,Level 2
_result,1,2026-07-24 20:29:11.255273+00:00,2026-07-25 02:56:34.423623+00:00,2026-07-24 23:26:21.457989+00:00,security_metrics,ml_engine,a12aafb3,-0.5,0.16980650889831095,1,2.4585853680036962e-05,Stage 2 - ICS Impact,Damage to Property,T0828,Loss of Safety,Modbus,Level 2
_result,1,2026-07-24 20:29:11.255273+00:00,2026-07-25 02:56:34.423623+00:00,2026-07-24 23:26:38.176096+00:00,security_metrics,ml_engine,a12aafb3,-0.5,0.1758037503703077,1,1.780853926902637e-05,Stage 2 - ICS Impact,Damage to Property,T0828,Loss of Safety,Modbus,Level 2
_result,1,2026-07-24 20:29:11.255273+00:00,2026-07-25 02:56:34.423623+00:00,2026-07-24 23:26:55.017881+00:00,security_metrics,ml_engine,a12aafb3,-0.5,0.19529736405521075,1,1.8377873857389204e-05,Stage 2 - ICS Impact,Damage to Property,T0828,Loss of Safety,Modbus,Level 2
_result,1,2026-07-24 20:29:11.255273+00:00,2026-07-25 02:56:34.423623+00:00,2026-07-24 23:27:11.750410+00:00,security_metrics,ml_engine,a12aafb3,-0.5,0.12680743320645466,1,1.9184730263077654e-05,Stage 2 - ICS Impact,Damage to Property,T0828,Loss of Safety,Modbus,Level 2
_result,1,2026-07-24 20:29:11.255273+00:00,2026-07-25 02:56:34.423623+00:00,2026-07-24 23:27:28.474785+00:00,security_metrics,ml_engine,a12aafb3,-0.5,0.11204107065663699,1,2.2482616259367205e-05,Stage 2 - ICS Impact,Damage to Property,T0828,Loss of Safety,Modbus,Level 2
_result,1,2026-07-24 20:29:11.255273+00:00,2026-07-25 02:56:34.423623+00:00,2026-07-24 23:27:45.191437+00:00,security_metrics,ml_engine,a12aafb3,-0.5,0.165954243239827,1,1.8758000805974007e-05,Stage 2 - ICS Impact,Damage to Property,T0828,Loss of Safety,Modbus,Level 2
_result,1,2026-07-24 20:29:11.255273+00:00,2026-07-25 02:56:34.423623+00:00,2026-07-24 23:28:02.032362+00:00,security_metrics,ml_engine,a12aafb3,-0.5,0.19510371541569355,1,1.8246229956275783e-05,Stage 2 - ICS Impact,Damage to Property,T0828,Loss of Safety,Modbus,Level 2
_result,1,2026-07-24 20:29:11.255273+00:00,2026-07-25 02:56:34.423623+00:00,2026-07-24 23:28:18.784520+00:00,security_metrics,ml_engine,a12aafb3,-0.5,0.17433609934069405,1,2.074785516015254e-05,Stage 2 - ICS Impact,Damage to Property,T0828,Loss of Safety,Modbus,Level 2
_result,1,2026-07-24 20:29:11.255273+00:00,2026-07-25 02:56:34.423623+00:00,2026-07-24 23:28:35.533015+00:00,security_metrics,ml_engine,a12aafb3,-0.5,0.1294260885668439,1,2.0083323761355132e-05,Stage 2 - ICS Impact,Damage to Property,T0828,Loss of Safety,Modbus,Level 2
_result,1,2026-07-24 20:29:11.255273+00:00,2026-07-25 02:56:34.423623+00:00,2026-07-24 23:28:52.377028+00:00,security_metrics,ml_engine,a12aafb3,-0.5,0.17250522047921218,1,2.1417657990241423e-05,Stage 2 - ICS Impact,Damage to Property,T0828,Loss of Safety,Modbus,Level 2
_result,1,2026-07-24 20:29:11.255273+00:00,2026-07-25 02:56:34.423623+00:00,2026-07-24 23:29:09.109527+00:00,security_metrics,ml_engine,a12aafb3,-0.5,0.176790834615755,1,2.2134183382149786e-05,Stage 2 - ICS Impact,Damage to Property,T0828,Loss of Safety,Modbus,Level 2
_result,1,2026-07-24 20:29:11.255273+00:00,2026-07-25 02:56:34.423623+00:00,2026-07-24 23:29:25.826364+00:00,security_metrics,ml_engine,a12aafb3,-0.5,0.1449040514624208,1,2.1767826183349825e-05,Stage 2 - ICS Impact,Damage to Property,T0828,Loss of Safety,Modbus,Level 2
_result,1,2026-07-24 20:29:11.255273+00:00,2026-07-25 02:56:34.423623+00:00,2026-07-24 23:29:42.666217+00:00,security_metrics,ml_engine,a12aafb3,-0.5,0.18796964217862488,1,0.00038253713864833117,Stage 2 - ICS Impact,Damage to Property,T0828,Loss of Safety,Modbus,Level 2
_result,1,2026-07-24 20:29:11.255273+00:00,2026-07-25 02:56:34.423623+00:00,2026-07-24 23:29:59.403818+00:00,security_metrics,ml_engine,a12aafb3,-0.5,0.19472468627333916,1,1.7439611838199198e-05,Stage 2 - ICS Impact,Damage to Property,T0828,Loss of Safety,Modbus,Level 2
_result,1,2026-07-24 20:29:11.255273+00:00,2026-07-25 02:56:34.423623+00:00,2026-07-24 23:30:16.144263+00:00,security_metrics,ml_engine,a12aafb3,-0.5,0.06822945086192611,1,0.08311765640974045,Stage 2 - ICS Impact,Damage to Property,T0828,Loss of Safety,Modbus,Level 2
_result,1,2026-07-24 20:29:11.255273+00:00,2026-07-25 02:56:34.423623+00:00,2026-07-24 23:30:32.873061+00:00,security_metrics,ml_engine,a12aafb3,-0.5,0.14570285326340005,1,2.9462771635735407e-05,Stage 2 - ICS Impact,Damage to Property,T0828,Loss of Safety,Modbus,Level 2
_result,1,2026-07-24 20:29:11.255273+00:00,2026-07-25 02:56:34.423623+00:00,2026-07-24 23:30:49.715223+00:00,security_metrics,ml_engine,a12aafb3,-0.5,0.17469795978960856,1,1.916967630677391e-05,Stage 2 - ICS Impact,Damage to Property,T0828,Loss of Safety,Modbus,Level 2
_result,1,2026-07-24 20:29:11.255273+00:00,2026-07-25 02:56:34.423623+00:00,2026-07-24 23:31:06.436347+00:00,security_metrics,ml_engine,a12aafb3,-0.5,0.18970706702128315,1,1.6970638171187602e-05,Stage 2 - ICS Impact,Damage to Property,T0828,Loss of Safety,Modbus,Level 2
_result,1,2026-07-24 20:29:11.255273+00:00,2026-07-25 02:56:34.423623+00:00,2026-07-24 23:31:23.155380+00:00,security_metrics,ml_engine,a12aafb3,-0.5,0.18841518173094413,1,1.889381746877916e-05,Stage 2 - ICS Impact,Damage to Property,T0828,Loss of Safety,Modbus,Level 2
_result,1,2026-07-24 20:29:11.255273+00:00,2026-07-25 02:56:34.423623+00:00,2026-07-24 23:31:39.992871+00:00,security_metrics,ml_engine,a12aafb3,-0.5,0.15104340208330058,1,2.2752939912606962e-05,Stage 2 - ICS Impact,Damage to Property,T0828,Loss of Safety,Modbus,Level 2
_result,1,2026-07-24 20:29:11.255273+00:00,2026-07-25 02:56:34.423623+00:00,2026-07-24 23:31:56.737386+00:00,security_metrics,ml_engine,a12aafb3,-0.5,0.17953808244769698,1,2.53924990829546e-05,Stage 2 - ICS Impact,Damage to Property,T0828,Loss of Safety,Modbus,Level 2
_result,1,2026-07-24 20:29:11.255273+00:00,2026-07-25 02:56:34.423623+00:00,2026-07-24 23:32:13.463069+00:00,security_metrics,ml_engine,a12aafb3,-0.5,0.12193550799400377,1,1.8546530554885976e-05,Stage 2 - ICS Impact,Damage to Property,T0828,Loss of Safety,Modbus,Level 2
_result,1,2026-07-24 20:29:11.255273+00:00,2026-07-25 02:56:34.423623+00:00,2026-07-24 23:32:30.173097+00:00,security_metrics,ml_engine,a12aafb3,-0.5,0.19764817180333577,1,1.829503889894113e-05,Stage 2 - ICS Impact,Damage to Property,T0828,Loss of Safety,Modbus,Level 2
_result,1,2026-07-24 20:29:11.255273+00:00,2026-07-25 02:56:34.423623+00:00,2026-07-24 23:32:46.999640+00:00,security_metrics,ml_engine,a12aafb3,-0.5,0.1383477197182268,1,2.0154342564637773e-05,Stage 2 - ICS Impact,Damage to Property,T0828,Loss of Safety,Modbus,Level 2
_result,1,2026-07-24 20:29:11.255273+00:00,2026-07-25 02:56:34.423623+00:00,2026-07-24 23:33:03.731024+00:00,security_metrics,ml_engine,a12aafb3,-0.5,0.18841518173094413,1,1.8396131054032594e-05,Stage 2 - ICS Impact,Damage to Property,T0828,Loss of Safety,Modbus,Level 2
_result,1,2026-07-24 20:29:11.255273+00:00,2026-07-25 02:56:34.423623+00:00,2026-07-24 23:33:20.466977+00:00,security_metrics,ml_engine,a12aafb3,-0.5,-0.013780420444714836,1,0.004756078589707613,Stage 2 - ICS Impact,Damage to Property,T0828,Loss of Safety,Modbus,Level 2
_result,1,2026-07-24 20:29:11.255273+00:00,2026-07-25 02:56:34.423623+00:00,2026-07-24 23:33:37.296752+00:00,security_metrics,ml_engine,a12aafb3,-0.5,0.16763729343756567,1,1.8361812180955894e-05,Stage 2 - ICS Impact,Damage to Property,T0828,Loss of Safety,Modbus,Level 2
_result,1,2026-07-24 20:29:11.255273+00:00,2026-07-25 02:56:34.423623+00:00,2026-07-24 23:33:54.051162+00:00,security_metrics,ml_engine,a12aafb3,-0.5,0.17997001531136053,1,0.0001504865358583629,Stage 2 - ICS Impact,Damage to Property,T0828,Loss of Safety,Modbus,Level 2
_result,1,2026-07-24 20:29:11.255273+00:00,2026-07-25 02:56:34.423623+00:00,2026-07-24 23:34:10.783409+00:00,security_metrics,ml_engine,a12aafb3,-0.5,0.10777590961204908,1,0.00015756301581859589,Stage 2 - ICS Impact,Damage to Property,T0828,Loss of Safety,Modbus,Level 2
_result,1,2026-07-24 20:29:11.255273+00:00,2026-07-25 02:56:34.423623+00:00,2026-07-24 23:34:27.524958+00:00,security_metrics,ml_engine,a12aafb3,-0.5,0.1874107985936122,1,2.1211530111031607e-05,Stage 2 - ICS Impact,Damage to Property,T0828,Loss of Safety,Modbus,Level 2
_result,1,2026-07-24 20:29:11.255273+00:00,2026-07-25 02:56:34.423623+00:00,2026-07-24 23:34:44.365364+00:00,security_metrics,ml_engine,a12aafb3,-0.5,0.19158472772234042,1,0.00046937615843489766,Stage 2 - ICS Impact,Damage to Property,T0828,Loss of Safety,Modbus,Level 2
_result,1,2026-07-24 20:29:11.255273+00:00,2026-07-25 02:56:34.423623+00:00,2026-07-24 23:35:01.084059+00:00,security_metrics,ml_engine,a12aafb3,-0.5,0.18073487999760263,1,1.9543120288290083e-05,Stage 2 - ICS Impact,Damage to Property,T0828,Loss of Safety,Modbus,Level 2
_result,1,2026-07-24 20:29:11.255273+00:00,2026-07-25 02:56:34.423623+00:00,2026-07-24 23:35:17.811280+00:00,security_metrics,ml_engine,a12aafb3,-0.5,0.17989640356128833,1,1.699395761534106e-05,Stage 2 - ICS Impact,Damage to Property,T0828,Loss of Safety,Modbus,Level 2
_result,1,2026-07-24 20:29:11.255273+00:00,2026-07-25 02:56:34.423623+00:00,2026-07-24 23:35:34.648792+00:00,security_metrics,ml_engine,a12aafb3,-0.5,0.18738954045885603,1,2.1639563783537596e-05,Stage 2 - ICS Impact,Damage to Property,T0828,Loss of Safety,Modbus,Level 2
_result,1,2026-07-24 20:29:11.255273+00:00,2026-07-25 02:56:34.423623+00:00,2026-07-24 23:35:51.400211+00:00,security_metrics,ml_engine,a12aafb3,-0.5,0.1903817967402897,1,2.223492629127577e-05,Stage 2 - ICS Impact,Damage to Property,T0828,Loss of Safety,Modbus,Level 2
_result,1,2026-07-24 20:29:11.255273+00:00,2026-07-25 02:56:34.423623+00:00,2026-07-24 23:36:08.116304+00:00,security_metrics,ml_engine,a12aafb3,-0.5,0.1874107985936122,1,1.758515827532392e-05,Stage 2 - ICS Impact,Damage to Property,T0828,Loss of Safety,Modbus,Level 2
_result,1,2026-07-24 20:29:11.255273+00:00,2026-07-25 02:56:34.423623+00:00,2026-07-24 23:36:24.934679+00:00,security_metrics,ml_engine,a12aafb3,-0.5,0.17370098549244856,1,1.9158907889504917e-05,Stage 2 - ICS Impact,Damage to Property,T0828,Loss of Safety,Modbus,Level 2
_result,1,2026-07-24 20:29:11.255273+00:00,2026-07-25 02:56:34.423623+00:00,2026-07-24 23:36:41.672854+00:00,security_metrics,ml_engine,a12aafb3,-0.5,0.181029339142374,1,0.0006929257651790977,Stage 2 - ICS Impact,Damage to Property,T0828,Loss of Safety,Modbus,Level 2
_result,1,2026-07-24 20:29:11.255273+00:00,2026-07-25 02:56:34.423623+00:00,2026-07-24 23:36:58.384147+00:00,security_metrics,ml_engine,a12aafb3,-0.5,0.1061974899035063,1,1.9760285795200616e-05,Stage 2 - ICS Impact,Damage to Property,T0828,Loss of Safety,Modbus,Level 2
_result,1,2026-07-24 20:29:11.255273+00:00,2026-07-25 02:56:34.423623+00:00,2026-07-24 23:37:15.110751+00:00,security_metrics,ml_engine,a12aafb3,-0.5,0.11369027328095371,1,0.14536190032958984,Stage 2 - ICS Impact,Damage to Property,T0828,Loss of Safety,Modbus,Level 2
_result,1,2026-07-24 20:29:11.255273+00:00,2026-07-25 02:56:34.423623+00:00,2026-07-24 23:37:31.937452+00:00,security_metrics,ml_engine,a12aafb3,-0.5,0.11710375386451016,1,0.145863339304924,Stage 2 - ICS Impact,Damage to Property,T0828,Loss of Safety,Modbus,Level 2
_result,1,2026-07-24 20:29:11.255273+00:00,2026-07-25 02:56:34.423623+00:00,2026-07-24 23:37:48.657940+00:00,security_metrics,ml_engine,a12aafb3,-0.5,0.1156282999260751,1,0.14655597507953644,Stage 2 - ICS Impact,Damage to Property,T0828,Loss of Safety,Modbus,Level 2
_result,1,2026-07-24 20:29:11.255273+00:00,2026-07-25 02:56:34.423623+00:00,2026-07-24 23:38:05.310525+00:00,security_metrics,ml_engine,a12aafb3,-0.5,0.19639941340602163,1,7.532643212471157e-05,Stage 2 - ICS Impact,Damage to Property,T0828,Loss of Safety,Modbus,Level 2
_result,1,2026-07-24 20:29:11.255273+00:00,2026-07-25 02:56:34.423623+00:00,2026-07-24 23:38:22.072726+00:00,security_metrics,ml_engine,a12aafb3,-0.5,0.07180451372286745,1,0.004776922520250082,Stage 2 - ICS Impact,Damage to Property,T0828,Loss of Safety,Modbus,Level 2
_result,1,2026-07-24 20:29:11.255273+00:00,2026-07-25 02:56:34.423623+00:00,2026-07-24 23:38:38.718866+00:00,security_metrics,ml_engine,a12aafb3,-0.5,0.16545806938235025,1,2.2977077605901286e-05,Stage 2 - ICS Impact,Damage to Property,T0828,Loss of Safety,Modbus,Level 2
_result,1,2026-07-24 20:29:11.255273+00:00,2026-07-25 02:56:34.423623+00:00,2026-07-24 23:38:55.354249+00:00,security_metrics,ml_engine,a12aafb3,-0.5,0.18767605645982866,1,2.0288449377403595e-05,Stage 2 - ICS Impact,Damage to Property,T0828,Loss of Safety,Modbus,Level 2
_result,1,2026-07-24 20:29:11.255273+00:00,2026-07-25 02:56:34.423623+00:00,2026-07-24 23:39:12.113975+00:00,security_metrics,ml_engine,a12aafb3,-0.5,0.1869141150902905,1,2.1538196961046197e-05,Stage 2 - ICS Impact,Damage to Property,T0828,Loss of Safety,Modbus,Level 2
_result,1,2026-07-24 20:29:11.255273+00:00,2026-07-25 02:56:34.423623+00:00,2026-07-24 23:39:28.761093+00:00,security_metrics,ml_engine,a12aafb3,-0.5,0.11705006133332652,1,1.9422364857746288e-05,Stage 2 - ICS Impact,Damage to Property,T0828,Loss of Safety,Modbus,Level 2
_result,1,2026-07-24 20:29:11.255273+00:00,2026-07-25 02:56:34.423623+00:00,2026-07-24 23:39:45.413098+00:00,security_metrics,ml_engine,a12aafb3,-0.5,0.16545806938235025,1,2.297064202139154e-05,Stage 2 - ICS Impact,Damage to Property,T0828,Loss of Safety,Modbus,Level 2
_result,1,2026-07-24 20:29:11.255273+00:00,2026-07-25 02:56:34.423623+00:00,2026-07-24 23:40:02.113411+00:00,security_metrics,ml_engine,a12aafb3,-0.5,0.18432447822114656,1,2.369735921092797e-05,Stage 2 - ICS Impact,Damage to Property,T0828,Loss of Safety,Modbus,Level 2
_result,1,2026-07-24 20:29:11.255273+00:00,2026-07-25 02:56:34.423623+00:00,2026-07-24 23:40:18.864696+00:00,security_metrics,ml_engine,a12aafb3,-0.5,0.16562696352060574,1,2.1841275156475604e-05,Stage 2 - ICS Impact,Damage to Property,T0828,Loss of Safety,Modbus,Level 2
_result,1,2026-07-24 20:29:11.255273+00:00,2026-07-25 02:56:34.423623+00:00,2026-07-24 23:40:35.504042+00:00,security_metrics,ml_engine,a12aafb3,-0.5,0.1599151988822421,1,2.154203139070887e-05,Stage 2 - ICS Impact,Damage to Property,T0828,Loss of Safety,Modbus,Level 2
_result,1,2026-07-24 20:29:11.255273+00:00,2026-07-25 02:56:34.423623+00:00,2026-07-24 23:40:52.143360+00:00,security_metrics,ml_engine,a12aafb3,-0.5,0.17188830914417252,1,2.0681380192399956e-05,Stage 2 - ICS Impact,Damage to Property,T0828,Loss of Safety,Modbus,Level 2
_result,1,2026-07-24 20:29:11.255273+00:00,2026-07-25 02:56:34.423623+00:00,2026-07-24 23:41:08.904943+00:00,security_metrics,ml_engine,a12aafb3,-0.5,0.17756811475706413,1,1.9357259589014575e-05,Stage 2 - ICS Impact,Damage to Property,T0828,Loss of Safety,Modbus,Level 2
_result,1,2026-07-24 20:29:11.255273+00:00,2026-07-25 02:56:34.423623+00:00,2026-07-24 23:41:25.554424+00:00,security_metrics,ml_engine,a12aafb3,-0.5,0.1903817967402897,1,1.8191190974903293e-05,Stage 2 - ICS Impact,Damage to Property,T0828,Loss of Safety,Modbus,Level 2
_result,1,2026-07-24 20:29:11.255273+00:00,2026-07-25 02:56:34.423623+00:00,2026-07-24 23:41:42.189437+00:00,security_metrics,ml_engine,a12aafb3,-0.5,0.1707961712827789,1,1.9992970919702202e-05,Stage 2 - ICS Impact,Damage to Property,T0828,Loss of Safety,Modbus,Level 2
_result,1,2026-07-24 20:29:11.255273+00:00,2026-07-25 02:56:34.423623+00:00,2026-07-24 23:41:58.947844+00:00,security_metrics,ml_engine,a12aafb3,-0.5,0.18086838091854374,1,2.247613883810118e-05,Stage 2 - ICS Impact,Damage to Property,T0828,Loss of Safety,Modbus,Level 2
_result,1,2026-07-24 20:29:11.255273+00:00,2026-07-25 02:56:34.423623+00:00,2026-07-24 23:42:15.621620+00:00,security_metrics,ml_engine,a12aafb3,-0.5,0.17583428281798186,1,2.4275532268802635e-05,Stage 2 - ICS Impact,Damage to Property,T0828,Loss of Safety,Modbus,Level 2
_result,1,2026-07-24 20:29:11.255273+00:00,2026-07-25 02:56:34.423623+00:00,2026-07-24 23:42:32.258396+00:00,security_metrics,ml_engine,a12aafb3,-0.5,0.19280448373661896,1,1.9254302969784476e-05,Stage 2 - ICS Impact,Damage to Property,T0828,Loss of Safety,Modbus,Level 2
_result,1,2026-07-24 20:29:11.255273+00:00,2026-07-25 02:56:34.423623+00:00,2026-07-24 23:42:49.004080+00:00,security_metrics,ml_engine,a12aafb3,-0.5,0.1404324246999219,1,1.7854337784228846e-05,Stage 2 - ICS Impact,Damage to Property,T0828,Loss of Safety,Modbus,Level 2
_result,1,2026-07-24 20:29:11.255273+00:00,2026-07-25 02:56:34.423623+00:00,2026-07-24 23:43:05.645005+00:00,security_metrics,ml_engine,a12aafb3,-0.5,0.18399306884449296,1,2.264973045384977e-05,Stage 2 - ICS Impact,Damage to Property,T0828,Loss of Safety,Modbus,Level 2
_result,1,2026-07-24 20:29:11.255273+00:00,2026-07-25 02:56:34.423623+00:00,2026-07-24 23:43:22.274376+00:00,security_metrics,ml_engine,a12aafb3,-0.5,0.1699557383436559,1,2.349824717384763e-05,Stage 2 - ICS Impact,Damage to Property,T0828,Loss of Safety,Modbus,Level 2
_result,1,2026-07-24 20:29:11.255273+00:00,2026-07-25 02:56:34.423623+00:00,2026-07-24 23:43:38.928536+00:00,security_metrics,ml_engine,a12aafb3,-0.5,0.18767605645982866,1,1.922291448863689e-05,Stage 2 - ICS Impact,Damage to Property,T0828,Loss of Safety,Modbus,Level 2
_result,1,2026-07-24 20:29:11.255273+00:00,2026-07-25 02:56:34.423623+00:00,2026-07-24 23:43:55.664393+00:00,security_metrics,ml_engine,a12aafb3,-0.5,0.1874107985936122,1,1.8320328308618627e-05,Stage 2 - ICS Impact,Damage to Property,T0828,Loss of Safety,Modbus,Level 2
_result,1,2026-07-24 20:29:11.255273+00:00,2026-07-25 02:56:34.423623+00:00,2026-07-24 23:44:12.293996+00:00,security_metrics,ml_engine,a12aafb3,-0.5,0.09308479506615708,1,2.0171912183286622e-05,Stage 2 - ICS Impact,Damage to Property,T0828,Loss of Safety,Modbus,Level 2
_result,1,2026-07-24 20:29:11.255273+00:00,2026-07-25 02:56:34.423623+00:00,2026-07-24 23:44:28.977966+00:00,security_metrics,ml_engine,a12aafb3,-0.5,0.17878806399270664,1,1.7294645658694208e-05,Stage 2 - ICS Impact,Damage to Property,T0828,Loss of Safety,Modbus,Level 2
_result,1,2026-07-24 20:29:11.255273+00:00,2026-07-25 02:56:34.423623+00:00,2026-07-24 23:44:45.791207+00:00,security_metrics,ml_engine,a12aafb3,-0.5,0.04150025270759172,1,0.082175113260746,Stage 2 - ICS Impact,Damage to Property,T0828,Loss of Safety,Modbus,Level 2
_result,1,2026-07-24 20:29:11.255273+00:00,2026-07-25 02:56:34.423623+00:00,2026-07-24 23:45:02.480486+00:00,security_metrics,ml_engine,a12aafb3,-0.5,0.1591278618162536,1,0.004666176624596119,Stage 2 - ICS Impact,Damage to Property,T0828,Loss of Safety,Modbus,Level 2
_result,1,2026-07-24 20:29:11.255273+00:00,2026-07-25 02:56:34.423623+00:00,2026-07-24 23:45:19.169576+00:00,security_metrics,ml_engine,a12aafb3,-0.5,0.12003375617457451,1,2.118907832482364e-05,Stage 2 - ICS Impact,Damage to Property,T0828,Loss of Safety,Modbus,Level 2
_result,1,2026-07-24 20:29:11.255273+00:00,2026-07-25 02:56:34.423623+00:00,2026-07-24 23:45:35.945981+00:00,security_metrics,ml_engine,a12aafb3,-0.5,0.15575543196054237,1,1.9347609850228764e-05,Stage 2 - ICS Impact,Damage to Property,T0828,Loss of Safety,Modbus,Level 2
_result,1,2026-07-24 20:29:11.255273+00:00,2026-07-25 02:56:34.423623+00:00,2026-07-24 23:45:52.619637+00:00,security_metrics,ml_engine,a12aafb3,-0.5,0.16688243124686342,1,2.0152445358689874e-05,Stage 2 - ICS Impact,Damage to Property,T0828,Loss of Safety,Modbus,Level 2
_result,1,2026-07-24 20:29:11.255273+00:00,2026-07-25 02:56:34.423623+00:00,2026-07-24 23:46:09.298977+00:00,security_metrics,ml_engine,a12aafb3,-0.5,0.15728645114119055,1,1.890560997708235e-05,Stage 2 - ICS Impact,Damage to Property,T0828,Loss of Safety,Modbus,Level 2
_result,1,2026-07-24 20:29:11.255273+00:00,2026-07-25 02:56:34.423623+00:00,2026-07-24 23:46:25.984356+00:00,security_metrics,ml_engine,a12aafb3,-0.5,0.04212168625078272,1,2.0129125914536417e-05,Stage 2 - ICS Impact,Damage to Property,T0828,Loss of Safety,Modbus,Level 2
_result,1,2026-07-24 20:29:11.255273+00:00,2026-07-25 02:56:34.423623+00:00,2026-07-24 23:46:42.753272+00:00,security_metrics,ml_engine,a12aafb3,-0.5,0.17680195832522322,1,1.8082706446875818e-05,Stage 2 - ICS Impact,Damage to Property,T0828,Loss of Safety,Modbus,Level 2
_result,1,2026-07-24 20:29:11.255273+00:00,2026-07-25 02:56:34.423623+00:00,2026-07-24 23:46:59.441088+00:00,security_metrics,ml_engine,a12aafb3,-0.5,0.1916323039955971,1,1.7905014829011634e-05,Stage 2 - ICS Impact,Damage to Property,T0828,Loss of Safety,Modbus,Level 2
_result,1,2026-07-24 20:29:11.255273+00:00,2026-07-25 02:56:34.423623+00:00,2026-07-24 23:47:16.112883+00:00,security_metrics,ml_engine,a12aafb3,-0.5,0.18259363540933327,1,1.76681496668607e-05,Stage 2 - ICS Impact,Damage to Property,T0828,Loss of Safety,Modbus,Level 2
_result,1,2026-07-24 20:29:11.255273+00:00,2026-07-25 02:56:34.423623+00:00,2026-07-24 23:47:32.897437+00:00,security_metrics,ml_engine,a12aafb3,-0.5,0.18956141993829545,1,2.043662971118465e-05,Stage 2 - ICS Impact,Damage to Property,T0828,Loss of Safety,Modbus,Level 2
_result,1,2026-07-24 20:29:11.255273+00:00,2026-07-25 02:56:34.423623+00:00,2026-07-24 23:47:49.600874+00:00,security_metrics,ml_engine,a12aafb3,-0.5,0.19615325999867267,1,1.8259108401252888e-05,Stage 2 - ICS Impact,Damage to Property,T0828,Loss of Safety,Modbus,Level 2
_result,1,2026-07-24 20:29:11.255273+00:00,2026-07-25 02:56:34.423623+00:00,2026-07-24 23:48:06.274611+00:00,security_metrics,ml_engine,a12aafb3,-0.5,0.18058929767898763,1,1.814509232644923e-05,Stage 2 - ICS Impact,Damage to Property,T0828,Loss of Safety,Modbus,Level 2
_result,1,2026-07-24 20:29:11.255273+00:00,2026-07-25 02:56:34.423623+00:00,2026-07-24 23:48:23.076153+00:00,security_metrics,ml_engine,a12aafb3,-0.5,0.17080520998698595,1,2.7221460186410695e-05,Stage 2 - ICS Impact,Damage to Property,T0828,Loss of Safety,Modbus,Level 2
_result,1,2026-07-24 20:29:11.255273+00:00,2026-07-25 02:56:34.423623+00:00,2026-07-24 23:48:39.767853+00:00,security_metrics,ml_engine,a12aafb3,-0.5,0.19158472772234042,1,1.9489789337967522e-05,Stage 2 - ICS Impact,Damage to Property,T0828,Loss of Safety,Modbus,Level 2
_result,1,2026-07-24 20:29:11.255273+00:00,2026-07-25 02:56:34.423623+00:00,2026-07-24 23:48:56.443116+00:00,security_metrics,ml_engine,a12aafb3,-0.5,0.03493920488410074,1,0.004762240685522556,Stage 2 - ICS Impact,Damage to Property,T0828,Loss of Safety,Modbus,Level 2
_result,1,2026-07-24 20:29:11.255273+00:00,2026-07-25 02:56:34.423623+00:00,2026-07-24 23:49:13.140542+00:00,security_metrics,ml_engine,a12aafb3,-0.5,0.147396141165601,1,1.7653415852691978e-05,Stage 2 - ICS Impact,Damage to Property,T0828,Loss of Safety,Modbus,Level 2
_result,1,2026-07-24 20:29:11.255273+00:00,2026-07-25 02:56:34.423623+00:00,2026-07-24 23:49:29.939926+00:00,security_metrics,ml_engine,a12aafb3,-0.5,0.18259363540933327,1,1.8607710444484837e-05,Stage 2 - ICS Impact,Damage to Property,T0828,Loss of Safety,Modbus,Level 2
_result,1,2026-07-24 20:29:11.255273+00:00,2026-07-25 02:56:34.423623+00:00,2026-07-24 23:49:46.619584+00:00,security_metrics,ml_engine,a12aafb3,-0.5,0.18130813705781423,1,1.8534801711211912e-05,Stage 2 - ICS Impact,Damage to Property,T0828,Loss of Safety,Modbus,Level 2
_result,1,2026-07-24 20:29:11.255273+00:00,2026-07-25 02:56:34.423623+00:00,2026-07-24 23:50:03.283653+00:00,security_metrics,ml_engine,a12aafb3,-0.5,0.1632850448204573,1,1.817012525862083e-05,Stage 2 - ICS Impact,Damage to Property,T0828,Loss of Safety,Modbus,Level 2
_result,1,2026-07-24 20:29:11.255273+00:00,2026-07-25 02:56:34.423623+00:00,2026-07-24 23:50:20.058306+00:00,security_metrics,ml_engine,a12aafb3,-0.5,0.20134769188002916,1,2.173745451727882e-05,Stage 2 - ICS Impact,Damage to Property,T0828,Loss of Safety,Modbus,Level 2
_result,1,2026-07-24 20:29:11.255273+00:00,2026-07-25 02:56:34.423623+00:00,2026-07-24 23:50:36.731588+00:00,security_metrics,ml_engine,a12aafb3,-0.5,0.15932506326234375,1,2.2264395738602616e-05,Stage 2 - ICS Impact,Damage to Property,T0828,Loss of Safety,Modbus,Level 2
_result,1,2026-07-24 20:29:11.255273+00:00,2026-07-25 02:56:34.423623+00:00,2026-07-24 23:50:53.412006+00:00,security_metrics,ml_engine,a12aafb3,-0.5,0.17997001531136053,1,1.914933272928465e-05,Stage 2 - ICS Impact,Damage to Property,T0828,Loss of Safety,Modbus,Level 2
_result,1,2026-07-24 20:29:11.255273+00:00,2026-07-25 02:56:34.423623+00:00,2026-07-24 23:51:10.214739+00:00,security_metrics,ml_engine,a12aafb3,-0.5,0.1874107985936122,1,1.7037948055076413e-05,Stage 2 - ICS Impact,Damage to Property,T0828,Loss of Safety,Modbus,Level 2
_result,1,2026-07-24 20:29:11.255273+00:00,2026-07-25 02:56:34.423623+00:00,2026-07-24 23:51:26.911257+00:00,security_metrics,ml_engine,a12aafb3,-0.5,0.16062915888237006,1,2.096945172525011e-05,Stage 2 - ICS Impact,Damage to Property,T0828,Loss of Safety,Modbus,Level 2
_result,1,2026-07-24 20:29:11.255273+00:00,2026-07-25 02:56:34.423623+00:00,2026-07-24 23:51:43.589402+00:00,security_metrics,ml_engine,a12aafb3,-0.5,0.18598241178686642,1,2.001723987632431e-05,Stage 2 - ICS Impact,Damage to Property,T0828,Loss of Safety,Modbus,Level 2
_result,1,2026-07-24 20:29:11.255273+00:00,2026-07-25 02:56:34.423623+00:00,2026-07-24 23:52:00.369526+00:00,security_metrics,ml_engine,a12aafb3,-0.5,0.06548905978200237,1,1.8626236851559952e-05,Stage 2 - ICS Impact,Damage to Property,T0828,Loss of Safety,Modbus,Level 2
_result,1,2026-07-24 20:29:11.255273+00:00,2026-07-25 02:56:34.423623+00:00,2026-07-24 23:52:17.076612+00:00,security_metrics,ml_engine,a12aafb3,-0.5,0.13267294356410536,1,2.2017729861545376e-05,Stage 2 - ICS Impact,Damage to Property,T0828,Loss of Safety,Modbus,Level 2
_result,1,2026-07-24 20:29:11.255273+00:00,2026-07-25 02:56:34.423623+00:00,2026-07-24 23:59:13.847470+00:00,security_metrics,ml_engine,a12aafb3,-0.5,0.17680195832522322,1,0.0006543257622979581,Stage 2 - ICS Impact,Damage to Property,T0828,Loss of Safety,Modbus,Level 2
_result,1,2026-07-24 20:29:11.255273+00:00,2026-07-25 02:56:34.423623+00:00,2026-07-24 23:59:30.649420+00:00,security_metrics,ml_engine,a12aafb3,-0.5,0.17944403383975033,1,1.794374293240253e-05,Stage 2 - ICS Impact,Damage to Property,T0828,Loss of Safety,Modbus,Level 2
_result,1,2026-07-24 20:29:11.255273+00:00,2026-07-25 02:56:34.423623+00:00,2026-07-24 23:59:47.293073+00:00,security_metrics,ml_engine,a12aafb3,-0.5,0.17042516938862856,1,0.0006712171598337591,Stage 2 - ICS Impact,Damage to Property,T0828,Loss of Safety,Modbus,Level 2
_result,1,2026-07-24 20:29:11.255273+00:00,2026-07-25 02:56:34.423623+00:00,2026-07-25 00:00:03.938076+00:00,security_metrics,ml_engine,a12aafb3,-0.5,0.1591614303855844,1,1.9779563444899395e-05,Stage 2 - ICS Impact,Damage to Property,T0828,Loss of Safety,Modbus,Level 2
_result,1,2026-07-24 20:29:11.255273+00:00,2026-07-25 02:56:34.423623+00:00,2026-07-25 00:00:20.693218+00:00,security_metrics,ml_engine,a12aafb3,-0.5,0.18837072140815975,1,1.7492777260486037e-05,Stage 2 - ICS Impact,Damage to Property,T0828,Loss of Safety,Modbus,Level 2
_result,1,2026-07-24 20:29:11.255273+00:00,2026-07-25 02:56:34.423623+00:00,2026-07-25 00:00:37.341173+00:00,security_metrics,ml_engine,a12aafb3,-0.5,0.19399132250480855,1,2.1546198695432395e-05,Stage 2 - ICS Impact,Damage to Property,T0828,Loss of Safety,Modbus,Level 2
_result,1,2026-07-24 20:29:11.255273+00:00,2026-07-25 02:56:34.423623+00:00,2026-07-25 00:00:54.000662+00:00,security_metrics,ml_engine,a12aafb3,-0.5,0.1625829241689526,1,0.00048221045290119946,Stage 2 - ICS Impact,Damage to Property,T0828,Loss of Safety,Modbus,Level 2
_result,1,2026-07-24 20:29:11.255273+00:00,2026-07-25 02:56:34.423623+00:00,2026-07-25 00:01:10.744222+00:00,security_metrics,ml_engine,a12aafb3,-0.5,0.1557329181954612,1,0.0006754030473530293,Stage 2 - ICS Impact,Damage to Property,T0828,Loss of Safety,Modbus,Level 2
_result,1,2026-07-24 20:29:11.255273+00:00,2026-07-25 02:56:34.423623+00:00,2026-07-25 00:01:27.361422+00:00,security_metrics,ml_engine,a12aafb3,-0.5,0.16757095668528477,1,1.937209344760049e-05,Stage 2 - ICS Impact,Damage to Property,T0828,Loss of Safety,Modbus,Level 2
_result,1,2026-07-24 20:29:11.255273+00:00,2026-07-25 02:56:34.423623+00:00,2026-07-25 00:01:44.051543+00:00,security_metrics,ml_engine,a12aafb3,-0.5,0.20531890909202005,1,2.371244045207277e-05,Stage 2 - ICS Impact,Damage to Property,T0828,Loss of Safety,Modbus,Level 2
_result,1,2026-07-24 20:29:11.255273+00:00,2026-07-25 02:56:34.423623+00:00,2026-07-25 00:02:00.708282+00:00,security_metrics,ml_engine,a12aafb3,-0.5,0.08613512176529703,1,2.471560401318129e-05,Stage 2 - ICS Impact,Damage to Property,T0828,Loss of Safety,Modbus,Level 2
_result,1,2026-07-24 20:29:11.255273+00:00,2026-07-25 02:56:34.423623+00:00,2026-07-25 00:02:17.443470+00:00,security_metrics,ml_engine,a12aafb3,-0.5,0.18837072140815975,1,0.00014586512406822294,Stage 2 - ICS Impact,Damage to Property,T0828,Loss of Safety,Modbus,Level 2
_result,1,2026-07-24 20:29:11.255273+00:00,2026-07-25 02:56:34.423623+00:00,2026-07-25 00:02:34.076929+00:00,security_metrics,ml_engine,a12aafb3,-0.5,0.1383477197182268,1,1.7792250218917616e-05,Stage 2 - ICS Impact,Damage to Property,T0828,Loss of Safety,Modbus,Level 2
_result,1,2026-07-24 20:29:11.255273+00:00,2026-07-25 02:56:34.423623+00:00,2026-07-25 00:02:50.694385+00:00,security_metrics,ml_engine,a12aafb3,-0.5,0.13880347102417206,1,1.8687373085413128e-05,Stage 2 - ICS Impact,Damage to Property,T0828,Loss of Safety,Modbus,Level 2
_result,1,2026-07-24 20:29:11.255273+00:00,2026-07-25 02:56:34.423623+00:00,2026-07-25 00:03:07.433322+00:00,security_metrics,ml_engine,a12aafb3,-0.5,0.18570956691458923,1,2.0361720089567825e-05,Stage 2 - ICS Impact,Damage to Property,T0828,Loss of Safety,Modbus,Level 2
_result,1,2026-07-24 20:29:11.255273+00:00,2026-07-25 02:56:34.423623+00:00,2026-07-25 00:03:24.060470+00:00,security_metrics,ml_engine,a12aafb3,-0.5,0.1159210226656065,1,0.0007385428179986775,Stage 2 - ICS Impact,Damage to Property,T0828,Loss of Safety,Modbus,Level 2
_result,1,2026-07-24 20:29:11.255273+00:00,2026-07-25 02:56:34.423623+00:00,2026-07-25 00:03:40.680020+00:00,security_metrics,ml_engine,a12aafb3,-0.5,0.14535348095325318,1,2.356082222831901e-05,Stage 2 - ICS Impact,Damage to Property,T0828,Loss of Safety,Modbus,Level 2
_result,1,2026-07-24 20:29:11.255273+00:00,2026-07-25 02:56:34.423623+00:00,2026-07-25 00:03:57.467265+00:00,security_metrics,ml_engine,a12aafb3,-0.5,0.16562696352060574,1,2.5633238692535087e-05,Stage 2 - ICS Impact,Damage to Property,T0828,Loss of Safety,Modbus,Level 2
_result,1,2026-07-24 20:29:11.255273+00:00,2026-07-25 02:56:34.423623+00:00,2026-07-25 00:04:14.092875+00:00,security_metrics,ml_engine,a12aafb3,-0.5,0.12252248115105291,1,2.309867886651773e-05,Stage 2 - ICS Impact,Damage to Property,T0828,Loss of Safety,Modbus,Level 2
_result,1,2026-07-24 20:29:11.255273+00:00,2026-07-25 02:56:34.423623+00:00,2026-07-25 00:04:30.729790+00:00,security_metrics,ml_engine,a12aafb3,-0.5,0.16750566603970307,1,0.00046598323388025165,Stage 2 - ICS Impact,Damage to Property,T0828,Loss of Safety,Modbus,Level 2
_result,1,2026-07-24 20:29:11.255273+00:00,2026-07-25 02:56:34.423623+00:00,2026-07-25 00:04:47.349832+00:00,security_metrics,ml_engine,a12aafb3,-0.5,0.17944403383975033,1,1.7349615518469363e-05,Stage 2 - ICS Impact,Damage to Property,T0828,Loss of Safety,Modbus,Level 2
_result,1,2026-07-24 20:29:11.255273+00:00,2026-07-25 02:56:34.423623+00:00,2026-07-25 00:05:04.085226+00:00,security_metrics,ml_engine,a12aafb3,-0.5,0.17340068232662126,1,1.828719541663304e-05,Stage 2 - ICS Impact,Damage to Property,T0828,Loss of Safety,Modbus,Level 2
_result,1,2026-07-24 20:29:11.255273+00:00,2026-07-25 02:56:34.423623+00:00,2026-07-25 00:05:20.731937+00:00,security_metrics,ml_engine,a12aafb3,-0.5,0.18259363540933327,1,1.8267597624799237e-05,Stage 2 - ICS Impact,Damage to Property,T0828,Loss of Safety,Modbus,Level 2
_result,1,2026-07-24 20:29:11.255273+00:00,2026-07-25 02:56:34.423623+00:00,2026-07-25 00:05:37.361441+00:00,security_metrics,ml_engine,a12aafb3,-0.5,0.16055382091040876,1,2.3622762455488555e-05,Stage 2 - ICS Impact,Damage to Property,T0828,Loss of Safety,Modbus,Level 2
_result,1,2026-07-24 20:29:11.255273+00:00,2026-07-25 02:56:34.423623+00:00,2026-07-25 00:05:54.094172+00:00,security_metrics,ml_engine,a12aafb3,-0.5,0.17018358683803442,1,1.8539465600042604e-05,Stage 2 - ICS Impact,Damage to Property,T0828,Loss of Safety,Modbus,Level 2
_result,1,2026-07-24 20:29:11.255273+00:00,2026-07-25 02:56:34.423623+00:00,2026-07-25 00:06:10.777938+00:00,security_metrics,ml_engine,a12aafb3,-0.5,0.026593808506308214,1,0.00016032010898925364,Stage 2 - ICS Impact,Damage to Property,T0828,Loss of Safety,Modbus,Level 2
_result,1,2026-07-24 20:29:11.255273+00:00,2026-07-25 02:56:34.423623+00:00,2026-07-25 00:06:27.408816+00:00,security_metrics,ml_engine,a12aafb3,-0.5,0.13884454503817895,1,3.279318116256036e-05,Stage 2 - ICS Impact,Damage to Property,T0828,Loss of Safety,Modbus,Level 2
_result,1,2026-07-24 20:29:11.255273+00:00,2026-07-25 02:56:34.423623+00:00,2026-07-25 00:06:44.151591+00:00,security_metrics,ml_engine,a12aafb3,-0.5,0.1874107985936122,1,1.9965687897638418e-05,Stage 2 - ICS Impact,Damage to Property,T0828,Loss of Safety,Modbus,Level 2
_result,1,2026-07-24 20:29:11.255273+00:00,2026-07-25 02:56:34.423623+00:00,2026-07-25 00:07:34.089059+00:00,security_metrics,ml_engine,a12aafb3,-0.5,0.09518338149140315,1,2.0482035324675962e-05,Stage 2 - ICS Impact,Damage to Property,T0828,Loss of Safety,Modbus,Level 2
_result,1,2026-07-24 20:29:11.255273+00:00,2026-07-25 02:56:34.423623+00:00,2026-07-25 00:07:50.856826+00:00,security_metrics,ml_engine,a12aafb3,-0.5,0.1337986324626243,1,2.0728435629280284e-05,Stage 2 - ICS Impact,Damage to Property,T0828,Loss of Safety,Modbus,Level 2
_result,1,2026-07-24 20:29:11.255273+00:00,2026-07-25 02:56:34.423623+00:00,2026-07-25 00:08:07.487843+00:00,security_metrics,ml_engine,a12aafb3,-0.5,0.09728352415675212,1,1.964883631444536e-05,Stage 2 - ICS Impact,Damage to Property,T0828,Loss of Safety,Modbus,Level 2
_result,1,2026-07-24 20:29:11.255273+00:00,2026-07-25 02:56:34.423623+00:00,2026-07-25 00:08:24.182706+00:00,security_metrics,ml_engine,a12aafb3,-0.5,0.13113837099781933,1,1.876224996522069e-05,Stage 2 - ICS Impact,Damage to Property,T0828,Loss of Safety,Modbus,Level 2
_result,1,2026-07-24 20:29:11.255273+00:00,2026-07-25 02:56:34.423623+00:00,2026-07-25 00:08:40.972544+00:00,security_metrics,ml_engine,a12aafb3,-0.5,0.12413306312192757,1,3.373355866642669e-05,Stage 2 - ICS Impact,Damage to Property,T0828,Loss of Safety,Modbus,Level 2
_result,1,2026-07-24 20:29:11.255273+00:00,2026-07-25 02:56:34.423623+00:00,2026-07-25 00:08:57.677620+00:00,security_metrics,ml_engine,a12aafb3,-0.5,0.09728352415675212,1,2.7787969884229824e-05,Stage 2 - ICS Impact,Damage to Property,T0828,Loss of Safety,Modbus,Level 2
_result,1,2026-07-24 20:29:11.255273+00:00,2026-07-25 02:56:34.423623+00:00,2026-07-25 00:09:14.362196+00:00,security_metrics,ml_engine,a12aafb3,-0.5,0.10374425136736731,1,1.852211971709039e-05,Stage 2 - ICS Impact,Damage to Property,T0828,Loss of Safety,Modbus,Level 2
_result,1,2026-07-24 20:29:11.255273+00:00,2026-07-25 02:56:34.423623+00:00,2026-07-25 00:09:31.148651+00:00,security_metrics,ml_engine,a12aafb3,-0.5,0.15800402825414694,1,1.9026336303795688e-05,Stage 2 - ICS Impact,Damage to Property,T0828,Loss of Safety,Modbus,Level 2
_result,1,2026-07-24 20:29:11.255273+00:00,2026-07-25 02:56:34.423623+00:00,2026-07-25 00:09:47.866878+00:00,security_metrics,ml_engine,a12aafb3,-0.5,0.09204477297338842,1,1.8275173715665005e-05,Stage 2 - ICS Impact,Damage to Property,T0828,Loss of Safety,Modbus,Level 2
_result,1,2026-07-24 20:29:11.255273+00:00,2026-07-25 02:56:34.423623+00:00,2026-07-25 00:10:04.551759+00:00,security_metrics,ml_engine,a12aafb3,-0.5,0.17287835744123808,1,2.0610714273061603e-05,Stage 2 - ICS Impact,Damage to Property,T0828,Loss of Safety,Modbus,Level 2
_result,1,2026-07-24 20:29:11.255273+00:00,2026-07-25 02:56:34.423623+00:00,2026-07-25 00:10:21.234138+00:00,security_metrics,ml_engine,a12aafb3,-0.5,0.1591614303855844,1,2.7812477128463797e-05,Stage 2 - ICS Impact,Damage to Property,T0828,Loss of Safety,Modbus,Level 2
_result,1,2026-07-24 20:29:11.255273+00:00,2026-07-25 02:56:34.423623+00:00,2026-07-25 00:10:37.997458+00:00,security_metrics,ml_engine,a12aafb3,-0.5,0.11822295920307047,1,0.00036667994572781026,Stage 2 - ICS Impact,Damage to Property,T0828,Loss of Safety,Modbus,Level 2
_result,1,2026-07-24 20:29:11.255273+00:00,2026-07-25 02:56:34.423623+00:00,2026-07-25 00:10:54.673511+00:00,security_metrics,ml_engine,a12aafb3,-0.5,0.18767605645982866,1,1.8853497749660164e-05,Stage 2 - ICS Impact,Damage to Property,T0828,Loss of Safety,Modbus,Level 2
_result,1,2026-07-24 20:29:11.255273+00:00,2026-07-25 02:56:34.423623+00:00,2026-07-25 00:11:11.357003+00:00,security_metrics,ml_engine,a12aafb3,-0.5,0.1823399823373435,1,0.00046452536480501294,Stage 2 - ICS Impact,Damage to Property,T0828,Loss of Safety,Modbus,Level 2
_result,1,2026-07-24 20:29:11.255273+00:00,2026-07-25 02:56:34.423623+00:00,2026-07-25 00:11:28.156869+00:00,security_metrics,ml_engine,a12aafb3,-0.5,0.10374425136736731,1,1.7361080608679913e-05,Stage 2 - ICS Impact,Damage to Property,T0828,Loss of Safety,Modbus,Level 2
_result,1,2026-07-24 20:29:11.255273+00:00,2026-07-25 02:56:34.423623+00:00,2026-07-25 00:11:44.846877+00:00,security_metrics,ml_engine,a12aafb3,-0.5,0.16688243124686342,1,1.8179942344431765e-05,Stage 2 - ICS Impact,Damage to Property,T0828,Loss of Safety,Modbus,Level 2
_result,1,2026-07-24 20:29:11.255273+00:00,2026-07-25 02:56:34.423623+00:00,2026-07-25 00:12:01.555736+00:00,security_metrics,ml_engine,a12aafb3,-0.5,0.15155351121202565,1,1.964479270100128e-05,Stage 2 - ICS Impact,Damage to Property,T0828,Loss of Safety,Modbus,Level 2
_result,1,2026-07-24 20:29:11.255273+00:00,2026-07-25 02:56:34.423623+00:00,2026-07-25 00:12:18.234586+00:00,security_metrics,ml_engine,a12aafb3,-0.5,0.18207138089372787,1,1.9132043235003948e-05,Stage 2 - ICS Impact,Damage to Property,T0828,Loss of Safety,Modbus,Level 2
_result,1,2026-07-24 20:29:11.255273+00:00,2026-07-25 02:56:34.423623+00:00,2026-07-25 00:12:35.042654+00:00,security_metrics,ml_engine,a12aafb3,-0.5,0.05448137883296644,1,0.00039261128404177725,Stage 2 - ICS Impact,Damage to Property,T0828,Loss of Safety,Modbus,Level 2
_result,1,2026-07-24 20:29:11.255273+00:00,2026-07-25 02:56:34.423623+00:00,2026-07-25 00:12:51.744836+00:00,security_metrics,ml_engine,a12aafb3,-0.5,0.16757095668528477,1,1.9909781258320436e-05,Stage 2 - ICS Impact,Damage to Property,T0828,Loss of Safety,Modbus,Level 2
_result,1,2026-07-24 20:29:11.255273+00:00,2026-07-25 02:56:34.423623+00:00,2026-07-25 00:13:08.413028+00:00,security_metrics,ml_engine,a12aafb3,-0.5,0.1808648806302564,1,2.0391949874465354e-05,Stage 2 - ICS Impact,Damage to Property,T0828,Loss of Safety,Modbus,Level 2
_result,1,2026-07-24 20:29:11.255273+00:00,2026-07-25 02:56:34.423623+00:00,2026-07-25 00:13:25.212701+00:00,security_metrics,ml_engine,a12aafb3,-0.5,0.09315436273482747,1,0.0006229293649084866,Stage 2 - ICS Impact,Damage to Property,T0828,Loss of Safety,Modbus,Level 2
_result,1,2026-07-24 20:29:11.255273+00:00,2026-07-25 02:56:34.423623+00:00,2026-07-25 00:13:41.908044+00:00,security_metrics,ml_engine,a12aafb3,-0.5,0.14706405621401714,1,0.0007238187827169895,Stage 2 - ICS Impact,Damage to Property,T0828,Loss of Safety,Modbus,Level 2
_result,1,2026-07-24 20:29:11.255273+00:00,2026-07-25 02:56:34.423623+00:00,2026-07-25 00:13:58.599861+00:00,security_metrics,ml_engine,a12aafb3,-0.5,0.1903817967402897,1,1.8823535356204957e-05,Stage 2 - ICS Impact,Damage to Property,T0828,Loss of Safety,Modbus,Level 2
_result,1,2026-07-24 20:29:11.255273+00:00,2026-07-25 02:56:34.423623+00:00,2026-07-25 00:14:15.372813+00:00,security_metrics,ml_engine,a12aafb3,-0.5,0.11325133473505883,1,1.8795377400238067e-05,Stage 2 - ICS Impact,Damage to Property,T0828,Loss of Safety,Modbus,Level 2
_result,1,2026-07-24 20:29:11.255273+00:00,2026-07-25 02:56:34.423623+00:00,2026-07-25 00:14:32.050932+00:00,security_metrics,ml_engine,a12aafb3,-0.5,0.11215011830389143,1,1.9702667486853898e-05,Stage 2 - ICS Impact,Damage to Property,T0828,Loss of Safety,Modbus,Level 2
_result,1,2026-07-24 20:29:11.255273+00:00,2026-07-25 02:56:34.423623+00:00,2026-07-25 00:14:48.748614+00:00,security_metrics,ml_engine,a12aafb3,-0.5,0.16684787244255816,1,2.308436705789063e-05,Stage 2 - ICS Impact,Damage to Property,T0828,Loss of Safety,Modbus,Level 2
_result,1,2026-07-24 20:29:11.255273+00:00,2026-07-25 02:56:34.423623+00:00,2026-07-25 00:15:05.535556+00:00,security_metrics,ml_engine,a12aafb3,-0.5,0.19827722169873435,1,0.0005585778271779418,Stage 2 - ICS Impact,Damage to Property,T0828,Loss of Safety,Modbus,Level 2
_result,1,2026-07-24 20:29:11.255273+00:00,2026-07-25 02:56:34.423623+00:00,2026-07-25 00:15:22.240147+00:00,security_metrics,ml_engine,a12aafb3,-0.5,0.17687650213333855,1,1.692164187261369e-05,Stage 2 - ICS Impact,Damage to Property,T0828,Loss of Safety,Modbus,Level 2
_result,1,2026-07-24 20:29:11.255273+00:00,2026-07-25 02:56:34.423623+00:00,2026-07-25 00:15:38.925290+00:00,security_metrics,ml_engine,a12aafb3,-0.5,0.12663908360748677,1,1.719199826766271e-05,Stage 2 - ICS Impact,Damage to Property,T0828,Loss of Safety,Modbus,Level 2
_result,1,2026-07-24 20:29:11.255273+00:00,2026-07-25 02:56:34.423623+00:00,2026-07-25 00:16:12.426324+00:00,security_metrics,ml_engine,a12aafb3,-0.5,0.1010741917076049,1,0.07756313681602478,Stage 2 - ICS Impact,Damage to Property,T0828,Loss of Safety,Modbus,Level 2
_result,1,2026-07-24 20:29:11.255273+00:00,2026-07-25 02:56:34.423623+00:00,2026-07-25 00:16:29.082327+00:00,security_metrics,ml_engine,a12aafb3,-0.5,0.11434458019966082,1,1.846792656579055e-05,Stage 2 - ICS Impact,Damage to Property,T0828,Loss of Safety,Modbus,Level 2
_result,1,2026-07-24 20:29:11.255273+00:00,2026-07-25 02:56:34.423623+00:00,2026-07-25 00:16:45.741151+00:00,security_metrics,ml_engine,a12aafb3,-0.5,0.11781401239169531,1,1.8917899069492705e-05,Stage 2 - ICS Impact,Damage to Property,T0828,Loss of Safety,Modbus,Level 2
_result,1,2026-07-24 20:29:11.255273+00:00,2026-07-25 02:56:34.423623+00:00,2026-07-25 00:17:02.492694+00:00,security_metrics,ml_engine,a12aafb3,-0.5,0.12003375617457451,1,1.9060222257394344e-05,Stage 2 - ICS Impact,Damage to Property,T0828,Loss of Safety,Modbus,Level 2
_result,1,2026-07-24 20:29:11.255273+00:00,2026-07-25 02:56:34.423623+00:00,2026-07-25 00:17:19.185485+00:00,security_metrics,ml_engine,a12aafb3,-0.5,0.15053717371315672,1,1.844835060182959e-05,Stage 2 - ICS Impact,Damage to Property,T0828,Loss of Safety,Modbus,Level 2
_result,1,2026-07-24 20:29:11.255273+00:00,2026-07-25 02:56:34.423623+00:00,2026-07-25 00:17:35.850289+00:00,security_metrics,ml_engine,a12aafb3,-0.5,0.12599038290991532,1,2.2925045414012857e-05,Stage 2 - ICS Impact,Damage to Property,T0828,Loss of Safety,Modbus,Level 2
_result,1,2026-07-24 20:29:11.255273+00:00,2026-07-25 02:56:34.423623+00:00,2026-07-25 00:17:52.602140+00:00,security_metrics,ml_engine,a12aafb3,-0.5,0.15728645114119055,1,1.9494447769830003e-05,Stage 2 - ICS Impact,Damage to Property,T0828,Loss of Safety,Modbus,Level 2
_result,1,2026-07-24 20:29:11.255273+00:00,2026-07-25 02:56:34.423623+00:00,2026-07-25 00:18:09.306840+00:00,security_metrics,ml_engine,a12aafb3,-0.5,0.1711482878194287,1,2.053460593742784e-05,Stage 2 - ICS Impact,Damage to Property,T0828,Loss of Safety,Modbus,Level 2
_result,1,2026-07-24 20:29:11.255273+00:00,2026-07-25 02:56:34.423623+00:00,2026-07-25 00:18:25.998078+00:00,security_metrics,ml_engine,a12aafb3,-0.5,0.17825312546344885,1,1.8849692423827946e-05,Stage 2 - ICS Impact,Damage to Property,T0828,Loss of Safety,Modbus,Level 2
_result,1,2026-07-24 20:29:11.255273+00:00,2026-07-25 02:56:34.423623+00:00,2026-07-25 00:18:42.693004+00:00,security_metrics,ml_engine,a12aafb3,-0.5,0.17469795978960856,1,1.7625896362005733e-05,Stage 2 - ICS Impact,Damage to Property,T0828,Loss of Safety,Modbus,Level 2
_result,1,2026-07-24 20:29:11.255273+00:00,2026-07-25 02:56:34.423623+00:00,2026-07-25 00:18:59.484129+00:00,security_metrics,ml_engine,a12aafb3,-0.5,0.1338193859058759,1,1.7865175323095173e-05,Stage 2 - ICS Impact,Damage to Property,T0828,Loss of Safety,Modbus,Level 2
_result,1,2026-07-24 20:29:11.255273+00:00,2026-07-25 02:56:34.423623+00:00,2026-07-25 00:19:16.212102+00:00,security_metrics,ml_engine,a12aafb3,-0.5,0.15590941398514346,1,1.7455711713409983e-05,Stage 2 - ICS Impact,Damage to Property,T0828,Loss of Safety,Modbus,Level 2
_result,1,2026-07-24 20:29:11.255273+00:00,2026-07-25 02:56:34.423623+00:00,2026-07-25 00:19:32.901874+00:00,security_metrics,ml_engine,a12aafb3,-0.5,0.18970706702128315,1,1.9031542251468636e-05,Stage 2 - ICS Impact,Damage to Property,T0828,Loss of Safety,Modbus,Level 2
_result,1,2026-07-24 20:29:11.255273+00:00,2026-07-25 02:56:34.423623+00:00,2026-07-25 00:19:49.726529+00:00,security_metrics,ml_engine,a12aafb3,-0.5,0.1714476306938887,1,1.9982251615147106e-05,Stage 2 - ICS Impact,Damage to Property,T0828,Loss of Safety,Modbus,Level 2
_result,1,2026-07-24 20:29:11.255273+00:00,2026-07-25 02:56:34.423623+00:00,2026-07-25 00:20:06.452754+00:00,security_metrics,ml_engine,a12aafb3,-0.5,0.16970016827273487,1,2.4570785171817988e-05,Stage 2 - ICS Impact,Damage to Property,T0828,Loss of Safety,Modbus,Level 2
_result,1,2026-07-24 20:29:11.255273+00:00,2026-07-25 02:56:34.423623+00:00,2026-07-25 00:20:23.149468+00:00,security_metrics,ml_engine,a12aafb3,-0.5,0.09554674311732181,1,1.803172563086264e-05,Stage 2 - ICS Impact,Damage to Property,T0828,Loss of Safety,Modbus,Level 2
_result,1,2026-07-24 20:29:11.255273+00:00,2026-07-25 02:56:34.423623+00:00,2026-07-25 00:20:39.946018+00:00,security_metrics,ml_engine,a12aafb3,-0.5,0.1268029138276256,1,2.1501076844288036e-05,Stage 2 - ICS Impact,Damage to Property,T0828,Loss of Safety,Modbus,Level 2
_result,1,2026-07-24 20:29:11.255273+00:00,2026-07-25 02:56:34.423623+00:00,2026-07-25 00:20:56.661014+00:00,security_metrics,ml_engine,a12aafb3,-0.5,0.19827722169873435,1,2.3264828996616416e-05,Stage 2 - ICS Impact,Damage to Property,T0828,Loss of Safety,Modbus,Level 2
_result,1,2026-07-24 20:29:11.255273+00:00,2026-07-25 02:56:34.423623+00:00,2026-07-25 00:21:13.367644+00:00,security_metrics,ml_engine,a12aafb3,-0.5,0.183409975043906,1,1.7813708836911246e-05,Stage 2 - ICS Impact,Damage to Property,T0828,Loss of Safety,Modbus,Level 2
_result,1,2026-07-24 20:29:11.255273+00:00,2026-07-25 02:56:34.423623+00:00,2026-07-25 00:21:30.070695+00:00,security_metrics,ml_engine,a12aafb3,-0.5,0.18058929767898763,1,2.039666287600994e-05,Stage 2 - ICS Impact,Damage to Property,T0828,Loss of Safety,Modbus,Level 2
_result,1,2026-07-24 20:29:11.255273+00:00,2026-07-25 02:56:34.423623+00:00,2026-07-25 00:21:46.903947+00:00,security_metrics,ml_engine,a12aafb3,-0.5,0.17231729591184441,1,1.918638554343488e-05,Stage 2 - ICS Impact,Damage to Property,T0828,Loss of Safety,Modbus,Level 2
_result,1,2026-07-24 20:29:11.255273+00:00,2026-07-25 02:56:34.423623+00:00,2026-07-25 00:22:03.614020+00:00,security_metrics,ml_engine,a12aafb3,-0.5,0.10673462876476136,1,1.6607966244919226e-05,Stage 2 - ICS Impact,Damage to Property,T0828,Loss of Safety,Modbus,Level 2
_result,1,2026-07-24 20:29:11.255273+00:00,2026-07-25 02:56:34.423623+00:00,2026-07-25 00:22:20.315690+00:00,security_metrics,ml_engine,a12aafb3,-0.5,0.15728645114119055,1,3.4768032492138445e-05,Stage 2 - ICS Impact,Damage to Property,T0828,Loss of Safety,Modbus,Level 2
_result,1,2026-07-24 20:29:11.255273+00:00,2026-07-25 02:56:34.423623+00:00,2026-07-25 00:22:37.111165+00:00,security_metrics,ml_engine,a12aafb3,-0.5,0.058157986325185984,1,0.004757817834615707,Stage 2 - ICS Impact,Damage to Property,T0828,Loss of Safety,Modbus,Level 2
_result,1,2026-07-24 20:29:11.255273+00:00,2026-07-25 02:56:34.423623+00:00,2026-07-25 00:22:53.818109+00:00,security_metrics,ml_engine,a12aafb3,-0.5,0.18372550322282388,1,1.6760699509177357e-05,Stage 2 - ICS Impact,Damage to Property,T0828,Loss of Safety,Modbus,Level 2
_result,1,2026-07-24 20:29:11.255273+00:00,2026-07-25 02:56:34.423623+00:00,2026-07-25 00:23:10.520336+00:00,security_metrics,ml_engine,a12aafb3,-0.5,0.0580393709539333,1,0.004758866503834724,Stage 2 - ICS Impact,Damage to Property,T0828,Loss of Safety,Modbus,Level 2
_result,1,2026-07-24 20:29:11.255273+00:00,2026-07-25 02:56:34.423623+00:00,2026-07-25 00:23:27.339547+00:00,security_metrics,ml_engine,a12aafb3,-0.5,0.1943287206632352,1,1.7335032680421136e-05,Stage 2 - ICS Impact,Damage to Property,T0828,Loss of Safety,Modbus,Level 2
_result,1,2026-07-24 20:29:11.255273+00:00,2026-07-25 02:56:34.423623+00:00,2026-07-25 00:23:44.036260+00:00,security_metrics,ml_engine,a12aafb3,-0.5,0.05443187002769789,1,0.004768735729157925,Stage 2 - ICS Impact,Damage to Property,T0828,Loss of Safety,Modbus,Level 2
_result,1,2026-07-24 20:29:11.255273+00:00,2026-07-25 02:56:34.423623+00:00,2026-07-25 00:24:00.767460+00:00,security_metrics,ml_engine,a12aafb3,-0.5,0.17825312546344885,1,1.9718436305993237e-05,Stage 2 - ICS Impact,Damage to Property,T0828,Loss of Safety,Modbus,Level 2
_result,1,2026-07-24 20:29:11.255273+00:00,2026-07-25 02:56:34.423623+00:00,2026-07-25 00:24:17.542473+00:00,security_metrics,ml_engine,a12aafb3,-0.5,0.04574530448035896,1,2.610709998407401e-05,Stage 2 - ICS Impact,Damage to Property,T0828,Loss of Safety,Modbus,Level 2
_result,1,2026-07-24 20:29:11.255273+00:00,2026-07-25 02:56:34.423623+00:00,2026-07-25 00:24:34.203649+00:00,security_metrics,ml_engine,a12aafb3,-0.5,0.15404734713673957,1,2.1398194803623483e-05,Stage 2 - ICS Impact,Damage to Property,T0828,Loss of Safety,Modbus,Level 2
_result,1,2026-07-24 20:29:11.255273+00:00,2026-07-25 02:56:34.423623+00:00,2026-07-25 00:24:50.852570+00:00,security_metrics,ml_engine,a12aafb3,-0.5,0.15053717371315672,1,0.00047558106598444283,Stage 2 - ICS Impact,Damage to Property,T0828,Loss of Safety,Modbus,Level 2
_result,1,2026-07-24 20:29:11.255273+00:00,2026-07-25 02:56:34.423623+00:00,2026-07-25 00:25:07.601888+00:00,security_metrics,ml_engine,a12aafb3,-0.5,0.11281153249690629,1,1.9501265342114493e-05,Stage 2 - ICS Impact,Damage to Property,T0828,Loss of Safety,Modbus,Level 2
_result,1,2026-07-24 20:29:11.255273+00:00,2026-07-25 02:56:34.423623+00:00,2026-07-25 00:25:24.277099+00:00,security_metrics,ml_engine,a12aafb3,-0.5,0.15575543196054237,1,1.85044264071621e-05,Stage 2 - ICS Impact,Damage to Property,T0828,Loss of Safety,Modbus,Level 2
_result,1,2026-07-24 20:29:11.255273+00:00,2026-07-25 02:56:34.423623+00:00,2026-07-25 00:25:40.922165+00:00,security_metrics,ml_engine,a12aafb3,-0.5,0.15728645114119055,1,1.8348981029703282e-05,Stage 2 - ICS Impact,Damage to Property,T0828,Loss of Safety,Modbus,Level 2
_result,1,2026-07-24 20:29:11.255273+00:00,2026-07-25 02:56:34.423623+00:00,2026-07-25 00:25:57.581249+00:00,security_metrics,ml_engine,a12aafb3,-0.5,0.0803033313588788,1,2.4270684662042186e-05,Stage 2 - ICS Impact,Damage to Property,T0828,Loss of Safety,Modbus,Level 2
_result,1,2026-07-24 20:29:11.255273+00:00,2026-07-25 02:56:34.423623+00:00,2026-07-25 00:26:14.398158+00:00,security_metrics,ml_engine,a12aafb3,-0.5,0.19016139734837234,1,2.0163623048574664e-05,Stage 2 - ICS Impact,Damage to Property,T0828,Loss of Safety,Modbus,Level 2
_result,1,2026-07-24 20:29:11.255273+00:00,2026-07-25 02:56:34.423623+00:00,2026-07-25 00:26:31.079585+00:00,security_metrics,ml_engine,a12aafb3,-0.5,0.16576594985250792,1,3.319043025840074e-05,Stage 2 - ICS Impact,Damage to Property,T0828,Loss of Safety,Modbus,Level 2
_result,1,2026-07-24 20:29:11.255273+00:00,2026-07-25 02:56:34.423623+00:00,2026-07-25 00:26:47.759394+00:00,security_metrics,ml_engine,a12aafb3,-0.5,0.1373638688339151,1,2.1780106180813164e-05,Stage 2 - ICS Impact,Damage to Property,T0828,Loss of Safety,Modbus,Level 2
_result,1,2026-07-24 20:29:11.255273+00:00,2026-07-25 02:56:34.423623+00:00,2026-07-25 00:27:04.517324+00:00,security_metrics,ml_engine,a12aafb3,-0.5,0.16067152371318927,1,1.9193250409443863e-05,Stage 2 - ICS Impact,Damage to Property,T0828,Loss of Safety,Modbus,Level 2
_result,1,2026-07-24 20:29:11.255273+00:00,2026-07-25 02:56:34.423623+00:00,2026-07-25 00:27:21.136248+00:00,security_metrics,ml_engine,a12aafb3,-0.5,0.16193993733201584,1,2.056363518931903e-05,Stage 2 - ICS Impact,Damage to Property,T0828,Loss of Safety,Modbus,Level 2
_result,1,2026-07-24 20:29:11.255273+00:00,2026-07-25 02:56:34.423623+00:00,2026-07-25 00:27:37.771486+00:00,security_metrics,ml_engine,a12aafb3,-0.5,0.15728645114119055,1,2.084397419821471e-05,Stage 2 - ICS Impact,Damage to Property,T0828,Loss of Safety,Modbus,Level 2
_result,1,2026-07-24 20:29:11.255273+00:00,2026-07-25 02:56:34.423623+00:00,2026-07-25 00:27:54.494759+00:00,security_metrics,ml_engine,a12aafb3,-0.5,0.16576594985250792,1,2.6937883376376703e-05,Stage 2 - ICS Impact,Damage to Property,T0828,Loss of Safety,Modbus,Level 2
_result,1,2026-07-24 20:29:11.255273+00:00,2026-07-25 02:56:34.423623+00:00,2026-07-25 00:28:11.109872+00:00,security_metrics,ml_engine,a12aafb3,-0.5,0.12272504383696742,1,1.8998147425008938e-05,Stage 2 - ICS Impact,Damage to Property,T0828,Loss of Safety,Modbus,Level 2
_result,1,2026-07-24 20:29:11.255273+00:00,2026-07-25 02:56:34.423623+00:00,2026-07-25 00:28:27.791852+00:00,security_metrics,ml_engine,a12aafb3,-0.5,0.12599038290991532,1,2.4322938770637847e-05,Stage 2 - ICS Impact,Damage to Property,T0828,Loss of Safety,Modbus,Level 2
_result,1,2026-07-24 20:29:11.255273+00:00,2026-07-25 02:56:34.423623+00:00,2026-07-25 00:28:44.421092+00:00,security_metrics,ml_engine,a12aafb3,-0.5,0.19625513069304373,1,1.8332275431021117e-05,Stage 2 - ICS Impact,Damage to Property,T0828,Loss of Safety,Modbus,Level 2
_result,1,2026-07-24 20:29:11.255273+00:00,2026-07-25 02:56:34.423623+00:00,2026-07-25 00:29:01.190609+00:00,security_metrics,ml_engine,a12aafb3,-0.5,0.19280448373661896,1,1.796468313841615e-05,Stage 2 - ICS Impact,Damage to Property,T0828,Loss of Safety,Modbus,Level 2
_result,1,2026-07-24 20:29:11.255273+00:00,2026-07-25 02:56:34.423623+00:00,2026-07-25 00:29:17.819118+00:00,security_metrics,ml_engine,a12aafb3,-0.5,0.107823079689499,1,2.0124805814702995e-05,Stage 2 - ICS Impact,Damage to Property,T0828,Loss of Safety,Modbus,Level 2
_result,1,2026-07-24 20:29:11.255273+00:00,2026-07-25 02:56:34.423623+00:00,2026-07-25 00:29:34.460344+00:00,security_metrics,ml_engine,a12aafb3,-0.5,0.1428571031765306,1,1.8129190721083432e-05,Stage 2 - ICS Impact,Damage to Property,T0828,Loss of Safety,Modbus,Level 2
_result,1,2026-07-24 20:29:11.255273+00:00,2026-07-25 02:56:34.423623+00:00,2026-07-25 00:29:51.182293+00:00,security_metrics,ml_engine,a12aafb3,-0.5,0.16688243124686342,1,2.2393873223336414e-05,Stage 2 - ICS Impact,Damage to Property,T0828,Loss of Safety,Modbus,Level 2
_result,1,2026-07-24 20:29:11.255273+00:00,2026-07-25 02:56:34.423623+00:00,2026-07-25 00:30:41.244507+00:00,security_metrics,ml_engine,a12aafb3,-0.5,0.09360635358204461,1,0.020767271518707275,Stage 2 - ICS Impact,Damage to Property,T0828,Loss of Safety,Modbus,Level 2
_result,1,2026-07-24 20:29:11.255273+00:00,2026-07-25 02:56:34.423623+00:00,2026-07-25 00:30:58.026951+00:00,security_metrics,ml_engine,a12aafb3,-0.5,0.08428980778494144,1,0.0004827481461688876,Stage 2 - ICS Impact,Damage to Property,T0828,Loss of Safety,Modbus,Level 2
_result,1,2026-07-24 20:29:11.255273+00:00,2026-07-25 02:56:34.423623+00:00,2026-07-25 00:31:14.720780+00:00,security_metrics,ml_engine,a12aafb3,-0.5,0.11325133473505883,1,2.2587122657569125e-05,Stage 2 - ICS Impact,Damage to Property,T0828,Loss of Safety,Modbus,Level 2
_result,1,2026-07-24 20:29:11.255273+00:00,2026-07-25 02:56:34.423623+00:00,2026-07-25 00:31:31.379958+00:00,security_metrics,ml_engine,a12aafb3,-0.5,0.1404324246999219,1,0.0006597247556783259,Stage 2 - ICS Impact,Damage to Property,T0828,Loss of Safety,Modbus,Level 2
_result,1,2026-07-24 20:29:11.255273+00:00,2026-07-25 02:56:34.423623+00:00,2026-07-25 00:31:48.134301+00:00,security_metrics,ml_engine,a12aafb3,-0.5,0.11564481950345129,1,2.0003561076009646e-05,Stage 2 - ICS Impact,Damage to Property,T0828,Loss of Safety,Modbus,Level 2
_result,1,2026-07-24 20:29:11.255273+00:00,2026-07-25 02:56:34.423623+00:00,2026-07-25 00:32:04.783894+00:00,security_metrics,ml_engine,a12aafb3,-0.5,0.11281153249690629,1,1.8929236830445006e-05,Stage 2 - ICS Impact,Damage to Property,T0828,Loss of Safety,Modbus,Level 2
_result,1,2026-07-24 20:29:11.255273+00:00,2026-07-25 02:56:34.423623+00:00,2026-07-25 00:32:21.431096+00:00,security_metrics,ml_engine,a12aafb3,-0.5,0.13097188953587113,1,0.0005512521602213383,Stage 2 - ICS Impact,Damage to Property,T0828,Loss of Safety,Modbus,Level 2
_result,1,2026-07-24 20:29:11.255273+00:00,2026-07-25 02:56:34.423623+00:00,2026-07-25 00:32:38.235121+00:00,security_metrics,ml_engine,a12aafb3,-0.5,0.14535348095325318,1,1.952244019776117e-05,Stage 2 - ICS Impact,Damage to Property,T0828,Loss of Safety,Modbus,Level 2
_result,1,2026-07-24 20:29:11.255273+00:00,2026-07-25 02:56:34.423623+00:00,2026-07-25 00:32:54.928089+00:00,security_metrics,ml_engine,a12aafb3,-0.5,0.16288806662572208,1,2.1326593923731707e-05,Stage 2 - ICS Impact,Damage to Property,T0828,Loss of Safety,Modbus,Level 2
_result,1,2026-07-24 20:29:11.255273+00:00,2026-07-25 02:56:34.423623+00:00,2026-07-25 00:33:11.627423+00:00,security_metrics,ml_engine,a12aafb3,-0.5,0.1874107985936122,1,2.0832589143537916e-05,Stage 2 - ICS Impact,Damage to Property,T0828,Loss of Safety,Modbus,Level 2
_result,1,2026-07-24 20:29:11.255273+00:00,2026-07-25 02:56:34.423623+00:00,2026-07-25 00:33:28.308697+00:00,security_metrics,ml_engine,a12aafb3,-0.5,0.08575355673584162,1,2.219362613686826e-05,Stage 2 - ICS Impact,Damage to Property,T0828,Loss of Safety,Modbus,Level 2
_result,1,2026-07-24 20:29:11.255273+00:00,2026-07-25 02:56:34.423623+00:00,2026-07-25 00:33:45.115985+00:00,security_metrics,ml_engine,a12aafb3,-0.5,0.185483049146572,1,2.0322804630268365e-05,Stage 2 - ICS Impact,Damage to Property,T0828,Loss of Safety,Modbus,Level 2
_result,1,2026-07-24 20:29:11.255273+00:00,2026-07-25 02:56:34.423623+00:00,2026-07-25 00:34:01.817101+00:00,security_metrics,ml_engine,a12aafb3,-0.5,0.17742238754558864,1,0.0001465074165025726,Stage 2 - ICS Impact,Damage to Property,T0828,Loss of Safety,Modbus,Level 2
_result,1,2026-07-24 20:29:11.255273+00:00,2026-07-25 02:56:34.423623+00:00,2026-07-25 00:34:18.497579+00:00,security_metrics,ml_engine,a12aafb3,-0.5,0.15152127517984715,1,2.2262333004618995e-05,Stage 2 - ICS Impact,Damage to Property,T0828,Loss of Safety,Modbus,Level 2
_result,1,2026-07-24 20:29:11.255273+00:00,2026-07-25 02:56:34.423623+00:00,2026-07-25 00:34:35.310316+00:00,security_metrics,ml_engine,a12aafb3,-0.5,0.19225924055011928,1,2.697198578971438e-05,Stage 2 - ICS Impact,Damage to Property,T0828,Loss of Safety,Modbus,Level 2
_result,1,2026-07-24 20:29:11.255273+00:00,2026-07-25 02:56:34.423623+00:00,2026-07-25 00:34:52.042530+00:00,security_metrics,ml_engine,a12aafb3,-0.5,0.1869141150902905,1,2.1159541574888863e-05,Stage 2 - ICS Impact,Damage to Property,T0828,Loss of Safety,Modbus,Level 2
_result,1,2026-07-24 20:29:11.255273+00:00,2026-07-25 02:56:34.423623+00:00,2026-07-25 00:35:08.743676+00:00,security_metrics,ml_engine,a12aafb3,-0.5,0.060220895462236856,1,0.0006531535764224827,Stage 2 - ICS Impact,Damage to Property,T0828,Loss of Safety,Modbus,Level 2
_result,1,2026-07-24 20:29:11.255273+00:00,2026-07-25 02:56:34.423623+00:00,2026-07-25 00:35:25.527217+00:00,security_metrics,ml_engine,a12aafb3,-0.5,0.1442802789411063,1,1.864078512880951e-05,Stage 2 - ICS Impact,Damage to Property,T0828,Loss of Safety,Modbus,Level 2
_result,1,2026-07-24 20:29:11.255273+00:00,2026-07-25 02:56:34.423623+00:00,2026-07-25 00:35:42.233021+00:00,security_metrics,ml_engine,a12aafb3,-0.5,0.16992755744086546,1,0.0006873352685943246,Stage 2 - ICS Impact,Damage to Property,T0828,Loss of Safety,Modbus,Level 2
_result,1,2026-07-24 20:29:11.255273+00:00,2026-07-25 02:56:34.423623+00:00,2026-07-25 00:35:58.936963+00:00,security_metrics,ml_engine,a12aafb3,-0.5,0.17944403383975033,1,1.750157207425218e-05,Stage 2 - ICS Impact,Damage to Property,T0828,Loss of Safety,Modbus,Level 2
_result,1,2026-07-24 20:29:11.255273+00:00,2026-07-25 02:56:34.423623+00:00,2026-07-25 00:36:15.741085+00:00,security_metrics,ml_engine,a12aafb3,-0.5,0.12494993916659214,1,2.3754710127832368e-05,Stage 2 - ICS Impact,Damage to Property,T0828,Loss of Safety,Modbus,Level 2
_result,1,2026-07-24 20:29:11.255273+00:00,2026-07-25 02:56:34.423623+00:00,2026-07-25 00:36:32.438984+00:00,security_metrics,ml_engine,a12aafb3,-0.5,0.017918837661842657,1,0.0002829250006470829,Stage 2 - ICS Impact,Damage to Property,T0828,Loss of Safety,Modbus,Level 2
_result,1,2026-07-24 20:29:11.255273+00:00,2026-07-25 02:56:34.423623+00:00,2026-07-25 00:36:49.130698+00:00,security_metrics,ml_engine,a12aafb3,-0.5,0.18598241178686642,1,1.771875577105675e-05,Stage 2 - ICS Impact,Damage to Property,T0828,Loss of Safety,Modbus,Level 2
_result,1,2026-07-24 20:29:11.255273+00:00,2026-07-25 02:56:34.423623+00:00,2026-07-25 00:37:05.936180+00:00,security_metrics,ml_engine,a12aafb3,-0.5,0.15915832215827191,1,1.961636371561326e-05,Stage 2 - ICS Impact,Damage to Property,T0828,Loss of Safety,Modbus,Level 2
_result,1,2026-07-24 20:29:11.255273+00:00,2026-07-25 02:56:34.423623+00:00,2026-07-25 00:37:22.646963+00:00,security_metrics,ml_engine,a12aafb3,-0.5,0.19340870807834037,1,2.19798312173225e-05,Stage 2 - ICS Impact,Damage to Property,T0828,Loss of Safety,Modbus,Level 2
_result,1,2026-07-24 20:29:11.255273+00:00,2026-07-25 02:56:34.423623+00:00,2026-07-25 00:37:39.342874+00:00,security_metrics,ml_engine,a12aafb3,-0.5,0.15282899777062386,1,1.8988794181495905e-05,Stage 2 - ICS Impact,Damage to Property,T0828,Loss of Safety,Modbus,Level 2
_result,1,2026-07-24 20:29:11.255273+00:00,2026-07-25 02:56:34.423623+00:00,2026-07-25 00:37:56.156502+00:00,security_metrics,ml_engine,a12aafb3,-0.5,0.1874107985936122,1,1.7113137801061384e-05,Stage 2 - ICS Impact,Damage to Property,T0828,Loss of Safety,Modbus,Level 2
_result,1,2026-07-24 20:29:11.255273+00:00,2026-07-25 02:56:34.423623+00:00,2026-07-25 00:38:46.297100+00:00,security_metrics,ml_engine,a12aafb3,-0.5,0.08709110206094384,1,0.004478939808905125,Stage 2 - ICS Impact,Damage to Property,T0828,Loss of Safety,Modbus,Level 2
_result,1,2026-07-24 20:29:11.255273+00:00,2026-07-25 02:56:34.423623+00:00,2026-07-25 00:39:03.073030+00:00,security_metrics,ml_engine,a12aafb3,-0.5,0.18877948115297888,1,2.0000949007226154e-05,Stage 2 - ICS Impact,Damage to Property,T0828,Loss of Safety,Modbus,Level 2
_result,1,2026-07-24 20:29:11.255273+00:00,2026-07-25 02:56:34.423623+00:00,2026-07-25 00:39:19.750713+00:00,security_metrics,ml_engine,a12aafb3,-0.5,0.13752407154621094,1,1.93578362086555e-05,Stage 2 - ICS Impact,Damage to Property,T0828,Loss of Safety,Modbus,Level 2
_result,1,2026-07-24 20:29:11.255273+00:00,2026-07-25 02:56:34.423623+00:00,2026-07-25 00:39:36.564574+00:00,security_metrics,ml_engine,a12aafb3,-0.5,0.1299199688110248,1,1.876775968412403e-05,Stage 2 - ICS Impact,Damage to Property,T0828,Loss of Safety,Modbus,Level 2
_result,1,2026-07-24 20:29:11.255273+00:00,2026-07-25 02:56:34.423623+00:00,2026-07-25 00:39:53.232801+00:00,security_metrics,ml_engine,a12aafb3,-0.5,0.1019384313029027,1,2.3678410798311234e-05,Stage 2 - ICS Impact,Damage to Property,T0828,Loss of Safety,Modbus,Level 2
_result,1,2026-07-24 20:29:11.255273+00:00,2026-07-25 02:56:34.423623+00:00,2026-07-25 00:40:09.932968+00:00,security_metrics,ml_engine,a12aafb3,-0.5,0.18760292363811604,1,1.7185828255605884e-05,Stage 2 - ICS Impact,Damage to Property,T0828,Loss of Safety,Modbus,Level 2
_result,1,2026-07-24 20:29:11.255273+00:00,2026-07-25 02:56:34.423623+00:00,2026-07-25 00:40:26.777925+00:00,security_metrics,ml_engine,a12aafb3,-0.5,0.1482241874484364,1,2.0204559405101463e-05,Stage 2 - ICS Impact,Damage to Property,T0828,Loss of Safety,Modbus,Level 2
_result,1,2026-07-24 20:29:11.255273+00:00,2026-07-25 02:56:34.423623+00:00,2026-07-25 00:40:43.511717+00:00,security_metrics,ml_engine,a12aafb3,-0.5,0.1625829241689526,1,1.9122255253023468e-05,Stage 2 - ICS Impact,Damage to Property,T0828,Loss of Safety,Modbus,Level 2
_result,1,2026-07-24 20:29:11.255273+00:00,2026-07-25 02:56:34.423623+00:00,2026-07-25 00:41:00.249384+00:00,security_metrics,ml_engine,a12aafb3,-0.5,0.16763729343756567,1,1.692706428002566e-05,Stage 2 - ICS Impact,Damage to Property,T0828,Loss of Safety,Modbus,Level 2
_result,1,2026-07-24 20:29:11.255273+00:00,2026-07-25 02:56:34.423623+00:00,2026-07-25 00:41:16.970812+00:00,security_metrics,ml_engine,a12aafb3,-0.5,0.05779331358072515,1,1.7731972548062913e-05,Stage 2 - ICS Impact,Damage to Property,T0828,Loss of Safety,Modbus,Level 2
_result,1,2026-07-24 20:29:11.255273+00:00,2026-07-25 02:56:34.423623+00:00,2026-07-25 00:41:33.806502+00:00,security_metrics,ml_engine,a12aafb3,-0.5,0.1668726633379235,1,2.875008613045793e-05,Stage 2 - ICS Impact,Damage to Property,T0828,Loss of Safety,Modbus,Level 2
_result,1,2026-07-24 20:29:11.255273+00:00,2026-07-25 02:56:34.423623+00:00,2026-07-25 00:41:50.535252+00:00,security_metrics,ml_engine,a12aafb3,-0.5,0.17040061085486463,1,2.2757742044632323e-05,Stage 2 - ICS Impact,Damage to Property,T0828,Loss of Safety,Modbus,Level 2
_result,1,2026-07-24 20:29:11.255273+00:00,2026-07-25 02:56:34.423623+00:00,2026-07-25 00:42:07.253220+00:00,security_metrics,ml_engine,a12aafb3,-0.5,0.17687650213333855,1,2.0149012925685383e-05,Stage 2 - ICS Impact,Damage to Property,T0828,Loss of Safety,Modbus,Level 2
_result,1,2026-07-24 20:29:11.255273+00:00,2026-07-25 02:56:34.423623+00:00,2026-07-25 00:42:24.086719+00:00,security_metrics,ml_engine,a12aafb3,-0.5,0.06078515286459196,1,2.2203821572475135e-05,Stage 2 - ICS Impact,Damage to Property,T0828,Loss of Safety,Modbus,Level 2
_result,1,2026-07-24 20:29:11.255273+00:00,2026-07-25 02:56:34.423623+00:00,2026-07-25 00:42:40.820232+00:00,security_metrics,ml_engine,a12aafb3,-0.5,0.1299199688110248,1,1.8561811884865165e-05,Stage 2 - ICS Impact,Damage to Property,T0828,Loss of Safety,Modbus,Level 2
_result,1,2026-07-24 20:29:11.255273+00:00,2026-07-25 02:56:34.423623+00:00,2026-07-25 00:42:57.534878+00:00,security_metrics,ml_engine,a12aafb3,-0.5,0.14248842445268006,1,1.937796150741633e-05,Stage 2 - ICS Impact,Damage to Property,T0828,Loss of Safety,Modbus,Level 2
_result,1,2026-07-24 20:29:11.255273+00:00,2026-07-25 02:56:34.423623+00:00,2026-07-25 00:43:14.369217+00:00,security_metrics,ml_engine,a12aafb3,-0.5,0.17687650213333855,1,1.8337403162149712e-05,Stage 2 - ICS Impact,Damage to Property,T0828,Loss of Safety,Modbus,Level 2
_result,1,2026-07-24 20:29:11.255273+00:00,2026-07-25 02:56:34.423623+00:00,2026-07-25 00:43:31.115548+00:00,security_metrics,ml_engine,a12aafb3,-0.5,0.1625829241689526,1,1.863438774307724e-05,Stage 2 - ICS Impact,Damage to Property,T0828,Loss of Safety,Modbus,Level 2
_result,1,2026-07-24 20:29:11.255273+00:00,2026-07-25 02:56:34.423623+00:00,2026-07-25 00:43:47.858492+00:00,security_metrics,ml_engine,a12aafb3,-0.5,0.11434458019966082,1,1.9089195120614022e-05,Stage 2 - ICS Impact,Damage to Property,T0828,Loss of Safety,Modbus,Level 2
_result,1,2026-07-24 20:29:11.255273+00:00,2026-07-25 02:56:34.423623+00:00,2026-07-25 00:44:04.589173+00:00,security_metrics,ml_engine,a12aafb3,-0.5,0.1682812138093227,1,1.9962042642873712e-05,Stage 2 - ICS Impact,Damage to Property,T0828,Loss of Safety,Modbus,Level 2
_result,1,2026-07-24 20:29:11.255273+00:00,2026-07-25 02:56:34.423623+00:00,2026-07-25 00:44:21.420476+00:00,security_metrics,ml_engine,a12aafb3,-0.5,0.15728645114119055,1,1.917226836667396e-05,Stage 2 - ICS Impact,Damage to Property,T0828,Loss of Safety,Modbus,Level 2
_result,1,2026-07-24 20:29:11.255273+00:00,2026-07-25 02:56:34.423623+00:00,2026-07-25 00:44:38.149990+00:00,security_metrics,ml_engine,a12aafb3,-0.5,0.17944403383975033,1,1.9157156202709302e-05,Stage 2 - ICS Impact,Damage to Property,T0828,Loss of Safety,Modbus,Level 2
_result,1,2026-07-24 20:29:11.255273+00:00,2026-07-25 02:56:34.423623+00:00,2026-07-25 00:44:54.875850+00:00,security_metrics,ml_engine,a12aafb3,-0.5,0.0954777198558826,1,1.849276668508537e-05,Stage 2 - ICS Impact,Damage to Property,T0828,Loss of Safety,Modbus,Level 2
_result,1,2026-07-24 20:29:11.255273+00:00,2026-07-25 02:56:34.423623+00:00,2026-07-25 00:45:11.721719+00:00,security_metrics,ml_engine,a12aafb3,-0.5,0.1444381422749083,1,2.0230574591550976e-05,Stage 2 - ICS Impact,Damage to Property,T0828,Loss of Safety,Modbus,Level 2
_result,1,2026-07-24 20:29:11.255273+00:00,2026-07-25 02:56:34.423623+00:00,2026-07-25 00:45:28.463666+00:00,security_metrics,ml_engine,a12aafb3,-0.5,0.16025899175518227,1,1.920861359394621e-05,Stage 2 - ICS Impact,Damage to Property,T0828,Loss of Safety,Modbus,Level 2
_result,1,2026-07-24 20:29:11.255273+00:00,2026-07-25 02:56:34.423623+00:00,2026-07-25 00:45:45.172696+00:00,security_metrics,ml_engine,a12aafb3,-0.5,0.1758037503703077,1,1.816013900679536e-05,Stage 2 - ICS Impact,Damage to Property,T0828,Loss of Safety,Modbus,Level 2
_result,1,2026-07-24 20:29:11.255273+00:00,2026-07-25 02:56:34.423623+00:00,2026-07-25 00:46:02.025770+00:00,security_metrics,ml_engine,a12aafb3,-0.5,0.17445181231001522,1,1.8319033188163303e-05,Stage 2 - ICS Impact,Damage to Property,T0828,Loss of Safety,Modbus,Level 2
_result,1,2026-07-24 20:29:11.255273+00:00,2026-07-25 02:56:34.423623+00:00,2026-07-25 00:46:18.771265+00:00,security_metrics,ml_engine,a12aafb3,-0.5,0.1823399823373435,1,2.4452114303130656e-05,Stage 2 - ICS Impact,Damage to Property,T0828,Loss of Safety,Modbus,Level 2
_result,1,2026-07-24 20:29:11.255273+00:00,2026-07-25 02:56:34.423623+00:00,2026-07-25 00:46:35.489481+00:00,security_metrics,ml_engine,a12aafb3,-0.5,0.15139805536604373,1,1.993746991502121e-05,Stage 2 - ICS Impact,Damage to Property,T0828,Loss of Safety,Modbus,Level 2
_result,1,2026-07-24 20:29:11.255273+00:00,2026-07-25 02:56:34.423623+00:00,2026-07-25 00:46:52.353125+00:00,security_metrics,ml_engine,a12aafb3,-0.5,0.15575543196054237,1,1.7067663065972738e-05,Stage 2 - ICS Impact,Damage to Property,T0828,Loss of Safety,Modbus,Level 2
_result,1,2026-07-24 20:29:11.255273+00:00,2026-07-25 02:56:34.423623+00:00,2026-07-25 00:47:09.084769+00:00,security_metrics,ml_engine,a12aafb3,-0.5,0.09308479506615708,1,0.0005418983055278659,Stage 2 - ICS Impact,Damage to Property,T0828,Loss of Safety,Modbus,Level 2
_result,1,2026-07-24 20:29:11.255273+00:00,2026-07-25 02:56:34.423623+00:00,2026-07-25 00:47:25.800184+00:00,security_metrics,ml_engine,a12aafb3,-0.5,0.08676651882638842,1,0.05448278784751892,Stage 2 - ICS Impact,Damage to Property,T0828,Loss of Safety,Modbus,Level 2
_result,1,2026-07-24 20:29:11.255273+00:00,2026-07-25 02:56:34.423623+00:00,2026-07-25 00:47:42.532946+00:00,security_metrics,ml_engine,a12aafb3,-0.5,0.17959991788306678,1,1.9136956325382926e-05,Stage 2 - ICS Impact,Damage to Property,T0828,Loss of Safety,Modbus,Level 2
_result,1,2026-07-24 20:29:11.255273+00:00,2026-07-25 02:56:34.423623+00:00,2026-07-25 00:47:59.343184+00:00,security_metrics,ml_engine,a12aafb3,-0.5,0.17989640356128833,1,2.1592648408841342e-05,Stage 2 - ICS Impact,Damage to Property,T0828,Loss of Safety,Modbus,Level 2
_result,1,2026-07-24 20:29:11.255273+00:00,2026-07-25 02:56:34.423623+00:00,2026-07-25 00:48:16.057803+00:00,security_metrics,ml_engine,a12aafb3,-0.5,0.14853719322895914,1,1.8223645383841358e-05,Stage 2 - ICS Impact,Damage to Property,T0828,Loss of Safety,Modbus,Level 2
_result,1,2026-07-24 20:29:11.255273+00:00,2026-07-25 02:56:34.423623+00:00,2026-07-25 00:48:32.787086+00:00,security_metrics,ml_engine,a12aafb3,-0.5,0.17839949795947585,1,1.909735146909952e-05,Stage 2 - ICS Impact,Damage to Property,T0828,Loss of Safety,Modbus,Level 2
_result,1,2026-07-24 20:29:11.255273+00:00,2026-07-25 02:56:34.423623+00:00,2026-07-25 00:48:49.620088+00:00,security_metrics,ml_engine,a12aafb3,-0.5,0.16055382091040876,1,3.003433084813878e-05,Stage 2 - ICS Impact,Damage to Property,T0828,Loss of Safety,Modbus,Level 2
_result,1,2026-07-24 20:29:11.255273+00:00,2026-07-25 02:56:34.423623+00:00,2026-07-25 00:49:06.341432+00:00,security_metrics,ml_engine,a12aafb3,-0.5,0.17080520998698595,1,2.6091665858984925e-05,Stage 2 - ICS Impact,Damage to Property,T0828,Loss of Safety,Modbus,Level 2
_result,1,2026-07-24 20:29:11.255273+00:00,2026-07-25 02:56:34.423623+00:00,2026-07-25 00:49:23.070905+00:00,security_metrics,ml_engine,a12aafb3,-0.5,0.19198481990420935,1,1.8869237464969046e-05,Stage 2 - ICS Impact,Damage to Property,T0828,Loss of Safety,Modbus,Level 2
_result,1,2026-07-24 20:29:11.255273+00:00,2026-07-25 02:56:34.423623+00:00,2026-07-25 00:49:39.922689+00:00,security_metrics,ml_engine,a12aafb3,-0.5,0.18760292363811604,1,2.3070955649018288e-05,Stage 2 - ICS Impact,Damage to Property,T0828,Loss of Safety,Modbus,Level 2
_result,1,2026-07-24 20:29:11.255273+00:00,2026-07-25 02:56:34.423623+00:00,2026-07-25 00:49:56.641030+00:00,security_metrics,ml_engine,a12aafb3,-0.5,0.18347421572352007,1,1.872253415058367e-05,Stage 2 - ICS Impact,Damage to Property,T0828,Loss of Safety,Modbus,Level 2
_result,1,2026-07-24 20:29:11.255273+00:00,2026-07-25 02:56:34.423623+00:00,2026-07-25 00:50:13.373453+00:00,security_metrics,ml_engine,a12aafb3,-0.5,0.16041145051398997,1,1.843525024014525e-05,Stage 2 - ICS Impact,Damage to Property,T0828,Loss of Safety,Modbus,Level 2
_result,1,2026-07-24 20:29:11.255273+00:00,2026-07-25 02:56:34.423623+00:00,2026-07-25 00:50:30.212539+00:00,security_metrics,ml_engine,a12aafb3,-0.5,0.15152127517984715,1,1.9615376004367135e-05,Stage 2 - ICS Impact,Damage to Property,T0828,Loss of Safety,Modbus,Level 2
_result,1,2026-07-24 20:29:11.255273+00:00,2026-07-25 02:56:34.423623+00:00,2026-07-25 00:50:46.927199+00:00,security_metrics,ml_engine,a12aafb3,-0.5,0.17944403383975033,1,2.382502680120524e-05,Stage 2 - ICS Impact,Damage to Property,T0828,Loss of Safety,Modbus,Level 2
_result,1,2026-07-24 20:29:11.255273+00:00,2026-07-25 02:56:34.423623+00:00,2026-07-25 00:51:03.652970+00:00,security_metrics,ml_engine,a12aafb3,-0.5,0.18420917562046568,1,1.8276252376381308e-05,Stage 2 - ICS Impact,Damage to Property,T0828,Loss of Safety,Modbus,Level 2
_result,1,2026-07-24 20:29:11.255273+00:00,2026-07-25 02:56:34.423623+00:00,2026-07-25 00:51:20.483066+00:00,security_metrics,ml_engine,a12aafb3,-0.5,0.17583428281798186,1,1.7605911125428975e-05,Stage 2 - ICS Impact,Damage to Property,T0828,Loss of Safety,Modbus,Level 2
_result,1,2026-07-24 20:29:11.255273+00:00,2026-07-25 02:56:34.423623+00:00,2026-07-25 00:51:37.210083+00:00,security_metrics,ml_engine,a12aafb3,-0.5,0.1706929608778998,1,1.99414134840481e-05,Stage 2 - ICS Impact,Damage to Property,T0828,Loss of Safety,Modbus,Level 2
_result,1,2026-07-24 20:29:11.255273+00:00,2026-07-25 02:56:34.423623+00:00,2026-07-25 00:51:53.931631+00:00,security_metrics,ml_engine,a12aafb3,-0.5,0.16576594985250792,1,2.3739337848383002e-05,Stage 2 - ICS Impact,Damage to Property,T0828,Loss of Safety,Modbus,Level 2
_result,1,2026-07-24 20:29:11.255273+00:00,2026-07-25 02:56:34.423623+00:00,2026-07-25 00:52:10.658298+00:00,security_metrics,ml_engine,a12aafb3,-0.5,0.17687650213333855,1,2.0952678823960014e-05,Stage 2 - ICS Impact,Damage to Property,T0828,Loss of Safety,Modbus,Level 2
_result,1,2026-07-24 20:29:11.255273+00:00,2026-07-25 02:56:34.423623+00:00,2026-07-25 00:52:27.469509+00:00,security_metrics,ml_engine,a12aafb3,-0.5,0.05405071361184799,1,0.004758994095027447,Stage 2 - ICS Impact,Damage to Property,T0828,Loss of Safety,Modbus,Level 2
_result,1,2026-07-24 20:29:11.255273+00:00,2026-07-25 02:56:34.423623+00:00,2026-07-25 00:52:44.202948+00:00,security_metrics,ml_engine,a12aafb3,-0.5,0.18877948115297888,1,1.810307912819553e-05,Stage 2 - ICS Impact,Damage to Property,T0828,Loss of Safety,Modbus,Level 2
_result,1,2026-07-24 20:29:11.255273+00:00,2026-07-25 02:56:34.423623+00:00,2026-07-25 00:53:00.909428+00:00,security_metrics,ml_engine,a12aafb3,-0.5,0.17797786041916475,1,1.8914744941866957e-05,Stage 2 - ICS Impact,Damage to Property,T0828,Loss of Safety,Modbus,Level 2
_result,1,2026-07-24 20:29:11.255273+00:00,2026-07-25 02:56:34.423623+00:00,2026-07-25 00:53:17.734454+00:00,security_metrics,ml_engine,a12aafb3,-0.5,0.17003206354266986,1,0.0002644576888997108,Stage 2 - ICS Impact,Damage to Property,T0828,Loss of Safety,Modbus,Level 2
_result,1,2026-07-24 20:29:11.255273+00:00,2026-07-25 02:56:34.423623+00:00,2026-07-25 00:53:34.470478+00:00,security_metrics,ml_engine,a12aafb3,-0.5,0.15728645114119055,1,0.0004703340237028897,Stage 2 - ICS Impact,Damage to Property,T0828,Loss of Safety,Modbus,Level 2
_result,1,2026-07-24 20:29:11.255273+00:00,2026-07-25 02:56:34.423623+00:00,2026-07-25 00:53:51.186850+00:00,security_metrics,ml_engine,a12aafb3,-0.5,0.11434458019966082,1,0.0003734147176146507,Stage 2 - ICS Impact,Damage to Property,T0828,Loss of Safety,Modbus,Level 2
_result,1,2026-07-24 20:29:11.255273+00:00,2026-07-25 02:56:34.423623+00:00,2026-07-25 00:54:08.054692+00:00,security_metrics,ml_engine,a12aafb3,-0.5,0.14961339156277614,1,2.6555762815405615e-05,Stage 2 - ICS Impact,Damage to Property,T0828,Loss of Safety,Modbus,Level 2
_result,1,2026-07-24 20:29:11.255273+00:00,2026-07-25 02:56:34.423623+00:00,2026-07-25 00:54:58.241462+00:00,security_metrics,ml_engine,a12aafb3,-0.5,0.12646914641222062,1,2.6459429136593826e-05,Stage 2 - ICS Impact,Damage to Property,T0828,Loss of Safety,Modbus,Level 2
_result,1,2026-07-24 20:29:11.255273+00:00,2026-07-25 02:56:34.423623+00:00,2026-07-25 00:55:15.050161+00:00,security_metrics,ml_engine,a12aafb3,-0.5,0.14695245697645348,1,0.0007048937841318548,Stage 2 - ICS Impact,Damage to Property,T0828,Loss of Safety,Modbus,Level 2
_result,1,2026-07-24 20:29:11.255273+00:00,2026-07-25 02:56:34.423623+00:00,2026-07-25 00:55:31.767409+00:00,security_metrics,ml_engine,a12aafb3,-0.5,0.028288023670417384,1,2.653626688697841e-05,Stage 2 - ICS Impact,Damage to Property,T0828,Loss of Safety,Modbus,Level 2
_result,1,2026-07-24 20:29:11.255273+00:00,2026-07-25 02:56:34.423623+00:00,2026-07-25 00:55:48.458680+00:00,security_metrics,ml_engine,a12aafb3,-0.5,0.16507754715486928,1,1.9892944692401215e-05,Stage 2 - ICS Impact,Damage to Property,T0828,Loss of Safety,Modbus,Level 2
_result,1,2026-07-24 20:29:11.255273+00:00,2026-07-25 02:56:34.423623+00:00,2026-07-25 00:56:05.270757+00:00,security_metrics,ml_engine,a12aafb3,-0.5,0.11325133473505883,1,1.800298377929721e-05,Stage 2 - ICS Impact,Damage to Property,T0828,Loss of Safety,Modbus,Level 2
_result,1,2026-07-24 20:29:11.255273+00:00,2026-07-25 02:56:34.423623+00:00,2026-07-25 00:56:21.957287+00:00,security_metrics,ml_engine,a12aafb3,-0.5,0.10673462876476136,1,0.0007096701301634312,Stage 2 - ICS Impact,Damage to Property,T0828,Loss of Safety,Modbus,Level 2
_result,1,2026-07-24 20:29:11.255273+00:00,2026-07-25 02:56:34.423623+00:00,2026-07-25 00:56:38.682572+00:00,security_metrics,ml_engine,a12aafb3,-0.5,0.17997001531136053,1,2.0637051420635544e-05,Stage 2 - ICS Impact,Damage to Property,T0828,Loss of Safety,Modbus,Level 2
_result,1,2026-07-24 20:29:11.255273+00:00,2026-07-25 02:56:34.423623+00:00,2026-07-25 00:56:55.536982+00:00,security_metrics,ml_engine,a12aafb3,-0.5,0.18432447822114656,1,1.8786096916301176e-05,Stage 2 - ICS Impact,Damage to Property,T0828,Loss of Safety,Modbus,Level 2
_result,1,2026-07-24 20:29:11.255273+00:00,2026-07-25 02:56:34.423623+00:00,2026-07-25 00:57:12.285759+00:00,security_metrics,ml_engine,a12aafb3,-0.5,0.1869141150902905,1,1.693748345132917e-05,Stage 2 - ICS Impact,Damage to Property,T0828,Loss of Safety,Modbus,Level 2
_result,1,2026-07-24 20:29:11.255273+00:00,2026-07-25 02:56:34.423623+00:00,2026-07-25 00:57:29.034786+00:00,security_metrics,ml_engine,a12aafb3,-0.5,0.15110573198562194,1,2.1894780729780905e-05,Stage 2 - ICS Impact,Damage to Property,T0828,Loss of Safety,Modbus,Level 2
_result,1,2026-07-24 20:29:11.255273+00:00,2026-07-25 02:56:34.423623+00:00,2026-07-25 00:57:45.894825+00:00,security_metrics,ml_engine,a12aafb3,-0.5,0.10794612003562964,1,2.9192025976954028e-05,Stage 2 - ICS Impact,Damage to Property,T0828,Loss of Safety,Modbus,Level 2
_result,1,2026-07-24 20:29:11.255273+00:00,2026-07-25 02:56:34.423623+00:00,2026-07-25 00:58:02.655329+00:00,security_metrics,ml_engine,a12aafb3,-0.5,0.18420917562046568,1,0.0007225692388601601,Stage 2 - ICS Impact,Damage to Property,T0828,Loss of Safety,Modbus,Level 2
_result,1,2026-07-24 20:29:11.255273+00:00,2026-07-25 02:56:34.423623+00:00,2026-07-25 00:58:19.394710+00:00,security_metrics,ml_engine,a12aafb3,-0.5,0.17825312546344885,1,2.3829814381315373e-05,Stage 2 - ICS Impact,Damage to Property,T0828,Loss of Safety,Modbus,Level 2
_result,1,2026-07-24 20:29:11.255273+00:00,2026-07-25 02:56:34.423623+00:00,2026-07-25 00:58:36.237793+00:00,security_metrics,ml_engine,a12aafb3,-0.5,0.17392658466268424,1,4.00034332415089e-05,Stage 2 - ICS Impact,Damage to Property,T0828,Loss of Safety,Modbus,Level 2
_result,1,2026-07-24 20:29:11.255273+00:00,2026-07-25 02:56:34.423623+00:00,2026-07-25 00:58:53.012851+00:00,security_metrics,ml_engine,a12aafb3,-0.5,0.17687650213333855,1,1.6538095223950222e-05,Stage 2 - ICS Impact,Damage to Property,T0828,Loss of Safety,Modbus,Level 2
_result,1,2026-07-24 20:29:11.255273+00:00,2026-07-25 02:56:34.423623+00:00,2026-07-25 00:59:09.760030+00:00,security_metrics,ml_engine,a12aafb3,-0.5,0.12618844823654646,1,1.6986588889267296e-05,Stage 2 - ICS Impact,Damage to Property,T0828,Loss of Safety,Modbus,Level 2
_result,1,2026-07-24 20:29:11.255273+00:00,2026-07-25 02:56:34.423623+00:00,2026-07-25 00:59:26.506867+00:00,security_metrics,ml_engine,a12aafb3,-0.5,0.16606709113077833,1,1.8547998479334638e-05,Stage 2 - ICS Impact,Damage to Property,T0828,Loss of Safety,Modbus,Level 2
_result,1,2026-07-24 20:29:11.255273+00:00,2026-07-25 02:56:34.423623+00:00,2026-07-25 00:59:43.354190+00:00,security_metrics,ml_engine,a12aafb3,-0.5,0.19951196140911942,1,1.995477214222774e-05,Stage 2 - ICS Impact,Damage to Property,T0828,Loss of Safety,Modbus,Level 2
_result,1,2026-07-24 20:29:11.255273+00:00,2026-07-25 02:56:34.423623+00:00,2026-07-25 01:00:00.081795+00:00,security_metrics,ml_engine,a12aafb3,-0.5,0.15728645114119055,1,2.2890619220561348e-05,Stage 2 - ICS Impact,Damage to Property,T0828,Loss of Safety,Modbus,Level 2
_result,1,2026-07-24 20:29:11.255273+00:00,2026-07-25 02:56:34.423623+00:00,2026-07-25 01:00:16.843472+00:00,security_metrics,ml_engine,a12aafb3,-0.5,0.06034714791128404,1,3.244468825869262e-05,Stage 2 - ICS Impact,Damage to Property,T0828,Loss of Safety,Modbus,Level 2
_result,1,2026-07-24 20:29:11.255273+00:00,2026-07-25 02:56:34.423623+00:00,2026-07-25 01:00:33.711990+00:00,security_metrics,ml_engine,a12aafb3,-0.5,0.1010741917076049,1,1.8137723600375466e-05,Stage 2 - ICS Impact,Damage to Property,T0828,Loss of Safety,Modbus,Level 2
_result,1,2026-07-24 20:29:11.255273+00:00,2026-07-25 02:56:34.423623+00:00,2026-07-25 01:00:50.484145+00:00,security_metrics,ml_engine,a12aafb3,-0.5,0.10357261923990468,1,1.9009718016604893e-05,Stage 2 - ICS Impact,Damage to Property,T0828,Loss of Safety,Modbus,Level 2
_result,1,2026-07-24 20:29:11.255273+00:00,2026-07-25 02:56:34.423623+00:00,2026-07-25 01:01:07.242395+00:00,security_metrics,ml_engine,a12aafb3,-0.5,0.17040061085486463,1,1.8209679183200933e-05,Stage 2 - ICS Impact,Damage to Property,T0828,Loss of Safety,Modbus,Level 2
_result,1,2026-07-24 20:29:11.255273+00:00,2026-07-25 02:56:34.423623+00:00,2026-07-25 01:01:24.090511+00:00,security_metrics,ml_engine,a12aafb3,-0.5,0.1591614303855844,1,0.00026897178031504154,Stage 2 - ICS Impact,Damage to Property,T0828,Loss of Safety,Modbus,Level 2
_result,1,2026-07-24 20:29:11.255273+00:00,2026-07-25 02:56:34.423623+00:00,2026-07-25 01:01:40.839166+00:00,security_metrics,ml_engine,a12aafb3,-0.5,0.15643240701320582,1,2.9394896046142094e-05,Stage 2 - ICS Impact,Damage to Property,T0828,Loss of Safety,Modbus,Level 2
_result,1,2026-07-24 20:29:11.255273+00:00,2026-07-25 02:56:34.423623+00:00,2026-07-25 01:01:57.566927+00:00,security_metrics,ml_engine,a12aafb3,-0.5,0.10254792323557571,1,1.999784763029311e-05,Stage 2 - ICS Impact,Damage to Property,T0828,Loss of Safety,Modbus,Level 2
_result,1,2026-07-24 20:29:11.255273+00:00,2026-07-25 02:56:34.423623+00:00,2026-07-25 01:02:14.454138+00:00,security_metrics,ml_engine,a12aafb3,-0.5,0.1478270640875436,1,1.7712147382553667e-05,Stage 2 - ICS Impact,Damage to Property,T0828,Loss of Safety,Modbus,Level 2
_result,1,2026-07-24 20:29:11.255273+00:00,2026-07-25 02:56:34.423623+00:00,2026-07-25 01:02:31.199443+00:00,security_metrics,ml_engine,a12aafb3,-0.5,0.1668726633379235,1,1.765326851455029e-05,Stage 2 - ICS Impact,Damage to Property,T0828,Loss of Safety,Modbus,Level 2
_result,1,2026-07-24 20:29:11.255273+00:00,2026-07-25 02:56:34.423623+00:00,2026-07-25 01:02:47.950978+00:00,security_metrics,ml_engine,a12aafb3,-0.5,0.18269458742827793,1,1.8439392079017125e-05,Stage 2 - ICS Impact,Damage to Property,T0828,Loss of Safety,Modbus,Level 2
_result,1,2026-07-24 20:29:11.255273+00:00,2026-07-25 02:56:34.423623+00:00,2026-07-25 01:03:04.650998+00:00,security_metrics,ml_engine,a12aafb3,-0.5,0.16178799573731162,1,0.00037358750705607235,Stage 2 - ICS Impact,Damage to Property,T0828,Loss of Safety,Modbus,Level 2
_result,1,2026-07-24 20:29:11.255273+00:00,2026-07-25 02:56:34.423623+00:00,2026-07-25 01:03:21.453076+00:00,security_metrics,ml_engine,a12aafb3,-0.5,0.1546829382825718,1,2.141542427125387e-05,Stage 2 - ICS Impact,Damage to Property,T0828,Loss of Safety,Modbus,Level 2
_result,1,2026-07-24 20:29:11.255273+00:00,2026-07-25 02:56:34.423623+00:00,2026-07-25 01:03:38.150128+00:00,security_metrics,ml_engine,a12aafb3,-0.5,0.15728645114119055,1,1.7690286767901853e-05,Stage 2 - ICS Impact,Damage to Property,T0828,Loss of Safety,Modbus,Level 2
_result,1,2026-07-24 20:29:11.255273+00:00,2026-07-25 02:56:34.423623+00:00,2026-07-25 01:03:54.838931+00:00,security_metrics,ml_engine,a12aafb3,-0.5,0.15575543196054237,1,2.034999488387257e-05,Stage 2 - ICS Impact,Damage to Property,T0828,Loss of Safety,Modbus,Level 2
_result,1,2026-07-24 20:29:11.255273+00:00,2026-07-25 02:56:34.423623+00:00,2026-07-25 01:04:11.646582+00:00,security_metrics,ml_engine,a12aafb3,-0.5,0.17920472541836446,1,2.0153640434728004e-05,Stage 2 - ICS Impact,Damage to Property,T0828,Loss of Safety,Modbus,Level 2
_result,1,2026-07-24 20:29:11.255273+00:00,2026-07-25 02:56:34.423623+00:00,2026-07-25 01:04:28.343528+00:00,security_metrics,ml_engine,a12aafb3,-0.5,0.14833080917357533,1,3.115083018201403e-05,Stage 2 - ICS Impact,Damage to Property,T0828,Loss of Safety,Modbus,Level 2
_result,1,2026-07-24 20:29:11.255273+00:00,2026-07-25 02:56:34.423623+00:00,2026-07-25 01:04:45.063001+00:00,security_metrics,ml_engine,a12aafb3,-0.5,0.15800402825414694,1,1.8399980035610497e-05,Stage 2 - ICS Impact,Damage to Property,T0828,Loss of Safety,Modbus,Level 2
_result,1,2026-07-24 20:29:11.255273+00:00,2026-07-25 02:56:34.423623+00:00,2026-07-25 01:05:01.917528+00:00,security_metrics,ml_engine,a12aafb3,-0.5,0.10374425136736731,1,1.7221871530637145e-05,Stage 2 - ICS Impact,Damage to Property,T0828,Loss of Safety,Modbus,Level 2
_result,1,2026-07-24 20:29:11.255273+00:00,2026-07-25 02:56:34.423623+00:00,2026-07-25 01:05:18.610607+00:00,security_metrics,ml_engine,a12aafb3,-0.5,0.15268057322650486,1,1.9042883650399745e-05,Stage 2 - ICS Impact,Damage to Property,T0828,Loss of Safety,Modbus,Level 2
_result,1,2026-07-24 20:29:11.255273+00:00,2026-07-25 02:56:34.423623+00:00,2026-07-25 01:05:35.307438+00:00,security_metrics,ml_engine,a12aafb3,-0.5,0.12086744041738506,1,1.8662500224309042e-05,Stage 2 - ICS Impact,Damage to Property,T0828,Loss of Safety,Modbus,Level 2
_result,1,2026-07-24 20:29:11.255273+00:00,2026-07-25 02:56:34.423623+00:00,2026-07-25 01:05:52.117918+00:00,security_metrics,ml_engine,a12aafb3,-0.5,0.19478283303395044,1,1.740775041980669e-05,Stage 2 - ICS Impact,Damage to Property,T0828,Loss of Safety,Modbus,Level 2
_result,1,2026-07-24 20:29:11.255273+00:00,2026-07-25 02:56:34.423623+00:00,2026-07-25 01:06:08.829562+00:00,security_metrics,ml_engine,a12aafb3,-0.5,0.17797786041916475,1,1.8500995793147013e-05,Stage 2 - ICS Impact,Damage to Property,T0828,Loss of Safety,Modbus,Level 2
_result,1,2026-07-24 20:29:11.255273+00:00,2026-07-25 02:56:34.423623+00:00,2026-07-25 01:06:25.546840+00:00,security_metrics,ml_engine,a12aafb3,-0.5,0.09581688450108738,1,2.1152627596165985e-05,Stage 2 - ICS Impact,Damage to Property,T0828,Loss of Safety,Modbus,Level 2
_result,1,2026-07-24 20:29:11.255273+00:00,2026-07-25 02:56:34.423623+00:00,2026-07-25 01:06:42.247917+00:00,security_metrics,ml_engine,a12aafb3,-0.5,0.17685469737320758,1,2.3038195649860427e-05,Stage 2 - ICS Impact,Damage to Property,T0828,Loss of Safety,Modbus,Level 2
_result,1,2026-07-24 20:29:11.255273+00:00,2026-07-25 02:56:34.423623+00:00,2026-07-25 01:06:59.049384+00:00,security_metrics,ml_engine,a12aafb3,-0.5,0.11215011830389143,1,2.1202680727583356e-05,Stage 2 - ICS Impact,Damage to Property,T0828,Loss of Safety,Modbus,Level 2
_result,1,2026-07-24 20:29:11.255273+00:00,2026-07-25 02:56:34.423623+00:00,2026-07-25 01:07:15.801029+00:00,security_metrics,ml_engine,a12aafb3,-0.5,0.09728352415675212,1,1.7245110939256847e-05,Stage 2 - ICS Impact,Damage to Property,T0828,Loss of Safety,Modbus,Level 2
_result,1,2026-07-24 20:29:11.255273+00:00,2026-07-25 02:56:34.423623+00:00,2026-07-25 01:07:32.512798+00:00,security_metrics,ml_engine,a12aafb3,-0.5,0.10777590961204908,1,2.283958747284487e-05,Stage 2 - ICS Impact,Damage to Property,T0828,Loss of Safety,Modbus,Level 2
_result,1,2026-07-24 20:29:11.255273+00:00,2026-07-25 02:56:34.423623+00:00,2026-07-25 01:07:49.328625+00:00,security_metrics,ml_engine,a12aafb3,-0.5,0.09728352415675212,1,2.1676103642676026e-05,Stage 2 - ICS Impact,Damage to Property,T0828,Loss of Safety,Modbus,Level 2
_result,1,2026-07-24 20:29:11.255273+00:00,2026-07-25 02:56:34.423623+00:00,2026-07-25 01:08:06.029780+00:00,security_metrics,ml_engine,a12aafb3,-0.5,0.09757697907837015,1,2.0776298697455786e-05,Stage 2 - ICS Impact,Damage to Property,T0828,Loss of Safety,Modbus,Level 2
_result,1,2026-07-24 20:29:11.255273+00:00,2026-07-25 02:56:34.423623+00:00,2026-07-25 01:08:22.727699+00:00,security_metrics,ml_engine,a12aafb3,-0.5,0.08428980778494144,1,3.233409006497823e-05,Stage 2 - ICS Impact,Damage to Property,T0828,Loss of Safety,Modbus,Level 2
_result,1,2026-07-24 20:29:11.255273+00:00,2026-07-25 02:56:34.423623+00:00,2026-07-25 01:08:39.555592+00:00,security_metrics,ml_engine,a12aafb3,-0.5,0.16992755744086546,1,1.9600633095251396e-05,Stage 2 - ICS Impact,Damage to Property,T0828,Loss of Safety,Modbus,Level 2
_result,1,2026-07-24 20:29:11.255273+00:00,2026-07-25 02:56:34.423623+00:00,2026-07-25 01:08:56.267046+00:00,security_metrics,ml_engine,a12aafb3,-0.5,0.18965326370272473,1,1.9168308426742442e-05,Stage 2 - ICS Impact,Damage to Property,T0828,Loss of Safety,Modbus,Level 2
_result,1,2026-07-24 20:29:11.255273+00:00,2026-07-25 02:56:34.423623+00:00,2026-07-25 01:09:12.970194+00:00,security_metrics,ml_engine,a12aafb3,-0.5,0.12546941424575048,1,1.7382022633682936e-05,Stage 2 - ICS Impact,Damage to Property,T0828,Loss of Safety,Modbus,Level 2
_result,1,2026-07-24 20:29:11.255273+00:00,2026-07-25 02:56:34.423623+00:00,2026-07-25 01:09:29.753531+00:00,security_metrics,ml_engine,a12aafb3,-0.5,0.06034714791128404,1,1.8617132809595205e-05,Stage 2 - ICS Impact,Damage to Property,T0828,Loss of Safety,Modbus,Level 2
_result,1,2026-07-24 20:29:11.255273+00:00,2026-07-25 02:56:34.423623+00:00,2026-07-25 01:09:46.598677+00:00,security_metrics,ml_engine,a12aafb3,-0.5,0.1842927422071286,1,2.0670648154919036e-05,Stage 2 - ICS Impact,Damage to Property,T0828,Loss of Safety,Modbus,Level 2
_result,1,2026-07-24 20:29:11.255273+00:00,2026-07-25 02:56:34.423623+00:00,2026-07-25 01:10:03.337570+00:00,security_metrics,ml_engine,a12aafb3,-0.5,0.134922431216208,1,1.72757117979927e-05,Stage 2 - ICS Impact,Damage to Property,T0828,Loss of Safety,Modbus,Level 2
_result,1,2026-07-24 20:29:11.255273+00:00,2026-07-25 02:56:34.423623+00:00,2026-07-25 01:10:20.097743+00:00,security_metrics,ml_engine,a12aafb3,-0.5,0.07918772865344981,1,1.8432343495078385e-05,Stage 2 - ICS Impact,Damage to Property,T0828,Loss of Safety,Modbus,Level 2
_result,1,2026-07-24 20:29:11.255273+00:00,2026-07-25 02:56:34.423623+00:00,2026-07-25 01:10:36.933672+00:00,security_metrics,ml_engine,a12aafb3,-0.5,0.1711482878194287,1,1.7797206965042278e-05,Stage 2 - ICS Impact,Damage to Property,T0828,Loss of Safety,Modbus,Level 2
_result,1,2026-07-24 20:29:11.255273+00:00,2026-07-25 02:56:34.423623+00:00,2026-07-25 01:10:53.706350+00:00,security_metrics,ml_engine,a12aafb3,-0.5,0.04676772119615291,1,0.02720332145690918,Stage 2 - ICS Impact,Damage to Property,T0828,Loss of Safety,Modbus,Level 2
_result,1,2026-07-24 20:29:11.255273+00:00,2026-07-25 02:56:34.423623+00:00,2026-07-25 01:11:10.445557+00:00,security_metrics,ml_engine,a12aafb3,-0.5,0.1690715966523817,1,0.0001513972965767607,Stage 2 - ICS Impact,Damage to Property,T0828,Loss of Safety,Modbus,Level 2
_result,1,2026-07-24 20:29:11.255273+00:00,2026-07-25 02:56:34.423623+00:00,2026-07-25 01:11:27.286535+00:00,security_metrics,ml_engine,a12aafb3,-0.5,0.1546829382825718,1,2.3139542463468388e-05,Stage 2 - ICS Impact,Damage to Property,T0828,Loss of Safety,Modbus,Level 2
_result,1,2026-07-24 20:29:11.255273+00:00,2026-07-25 02:56:34.423623+00:00,2026-07-25 01:11:44.040604+00:00,security_metrics,ml_engine,a12aafb3,-0.5,0.13880347102417206,1,1.853954017860815e-05,Stage 2 - ICS Impact,Damage to Property,T0828,Loss of Safety,Modbus,Level 2
_result,1,2026-07-24 20:29:11.255273+00:00,2026-07-25 02:56:34.423623+00:00,2026-07-25 01:12:00.774169+00:00,security_metrics,ml_engine,a12aafb3,-0.5,0.1668726633379235,1,1.794169656932354e-05,Stage 2 - ICS Impact,Damage to Property,T0828,Loss of Safety,Modbus,Level 2
_result,1,2026-07-24 20:29:11.255273+00:00,2026-07-25 02:56:34.423623+00:00,2026-07-25 01:12:17.728699+00:00,security_metrics,ml_engine,a12aafb3,-0.5,0.1758037503703077,1,2.1520076188608073e-05,Stage 2 - ICS Impact,Damage to Property,T0828,Loss of Safety,Modbus,Level 2
_result,1,2026-07-24 20:29:11.255273+00:00,2026-07-25 02:56:34.423623+00:00,2026-07-25 01:12:34.472632+00:00,security_metrics,ml_engine,a12aafb3,-0.5,0.17680195832522322,1,2.0154575395281427e-05,Stage 2 - ICS Impact,Damage to Property,T0828,Loss of Safety,Modbus,Level 2
_result,1,2026-07-24 20:29:11.255273+00:00,2026-07-25 02:56:34.423623+00:00,2026-07-25 01:12:51.233827+00:00,security_metrics,ml_engine,a12aafb3,-0.5,0.15152127517984715,1,1.873497421911452e-05,Stage 2 - ICS Impact,Damage to Property,T0828,Loss of Safety,Modbus,Level 2
_result,1,2026-07-24 20:29:11.255273+00:00,2026-07-25 02:56:34.423623+00:00,2026-07-25 01:13:08.009114+00:00,security_metrics,ml_engine,a12aafb3,-0.5,0.15155351121202565,1,4.0465387428412214e-05,Stage 2 - ICS Impact,Damage to Property,T0828,Loss of Safety,Modbus,Level 2
_result,1,2026-07-24 20:29:11.255273+00:00,2026-07-25 02:56:34.423623+00:00,2026-07-25 01:13:24.847756+00:00,security_metrics,ml_engine,a12aafb3,-0.5,0.11724525198805696,1,3.106358417426236e-05,Stage 2 - ICS Impact,Damage to Property,T0828,Loss of Safety,Modbus,Level 2
_result,1,2026-07-24 20:29:11.255273+00:00,2026-07-25 02:56:34.423623+00:00,2026-07-25 01:13:41.620648+00:00,security_metrics,ml_engine,a12aafb3,-0.5,0.1299199688110248,1,2.227024560852442e-05,Stage 2 - ICS Impact,Damage to Property,T0828,Loss of Safety,Modbus,Level 2
_result,1,2026-07-24 20:29:11.255273+00:00,2026-07-25 02:56:34.423623+00:00,2026-07-25 01:13:58.398864+00:00,security_metrics,ml_engine,a12aafb3,-0.5,0.1353316534696471,1,1.8783284758683294e-05,Stage 2 - ICS Impact,Damage to Property,T0828,Loss of Safety,Modbus,Level 2
_result,1,2026-07-24 20:29:11.255273+00:00,2026-07-25 02:56:34.423623+00:00,2026-07-25 01:14:15.247675+00:00,security_metrics,ml_engine,a12aafb3,-0.5,0.15728645114119055,1,2.1871417629881762e-05,Stage 2 - ICS Impact,Damage to Property,T0828,Loss of Safety,Modbus,Level 2
_result,1,2026-07-24 20:29:11.255273+00:00,2026-07-25 02:56:34.423623+00:00,2026-07-25 01:14:32.004536+00:00,security_metrics,ml_engine,a12aafb3,-0.5,0.20153702881224084,1,1.7873666365630925e-05,Stage 2 - ICS Impact,Damage to Property,T0828,Loss of Safety,Modbus,Level 2
_result,1,2026-07-24 20:29:11.255273+00:00,2026-07-25 02:56:34.423623+00:00,2026-07-25 01:14:48.732440+00:00,security_metrics,ml_engine,a12aafb3,-0.5,-0.013780420444714836,1,0.004763438832014799,Stage 2 - ICS Impact,Damage to Property,T0828,Loss of Safety,Modbus,Level 2
_result,1,2026-07-24 20:29:11.255273+00:00,2026-07-25 02:56:34.423623+00:00,2026-07-25 01:15:05.580135+00:00,security_metrics,ml_engine,a12aafb3,-0.5,0.10777590961204908,1,0.0004822181072086096,Stage 2 - ICS Impact,Damage to Property,T0828,Loss of Safety,Modbus,Level 2
_result,1,2026-07-24 20:29:11.255273+00:00,2026-07-25 02:56:34.423623+00:00,2026-07-25 01:15:22.345118+00:00,security_metrics,ml_engine,a12aafb3,-0.5,0.14442240244533078,1,1.813405833672732e-05,Stage 2 - ICS Impact,Damage to Property,T0828,Loss of Safety,Modbus,Level 2
_result,1,2026-07-24 20:29:11.255273+00:00,2026-07-25 02:56:34.423623+00:00,2026-07-25 01:15:39.077762+00:00,security_metrics,ml_engine,a12aafb3,-0.5,0.16757095668528477,1,2.117272379109636e-05,Stage 2 - ICS Impact,Damage to Property,T0828,Loss of Safety,Modbus,Level 2
_result,1,2026-07-24 20:29:11.255273+00:00,2026-07-25 02:56:34.423623+00:00,2026-07-25 01:15:55.931485+00:00,security_metrics,ml_engine,a12aafb3,-0.5,0.17288530639576005,1,2.119146301993169e-05,Stage 2 - ICS Impact,Damage to Property,T0828,Loss of Safety,Modbus,Level 2
_result,1,2026-07-24 20:29:11.255273+00:00,2026-07-25 02:56:34.423623+00:00,2026-07-25 01:16:12.676384+00:00,security_metrics,ml_engine,a12aafb3,-0.5,0.09728352415675212,1,1.8886046746047214e-05,Stage 2 - ICS Impact,Damage to Property,T0828,Loss of Safety,Modbus,Level 2
_result,1,2026-07-24 20:29:11.255273+00:00,2026-07-25 02:56:34.423623+00:00,2026-07-25 01:16:29.417252+00:00,security_metrics,ml_engine,a12aafb3,-0.5,0.1808648806302564,1,1.8945498595712706e-05,Stage 2 - ICS Impact,Damage to Property,T0828,Loss of Safety,Modbus,Level 2
_result,1,2026-07-24 20:29:11.255273+00:00,2026-07-25 02:56:34.423623+00:00,2026-07-25 01:16:46.285487+00:00,security_metrics,ml_engine,a12aafb3,-0.5,0.20528145577928208,1,1.7131133063230664e-05,Stage 2 - ICS Impact,Damage to Property,T0828,Loss of Safety,Modbus,Level 2
_result,1,2026-07-24 20:29:11.255273+00:00,2026-07-25 02:56:34.423623+00:00,2026-07-25 01:17:03.059268+00:00,security_metrics,ml_engine,a12aafb3,-0.5,0.18125855368955107,1,2.0710773242171854e-05,Stage 2 - ICS Impact,Damage to Property,T0828,Loss of Safety,Modbus,Level 2
_result,1,2026-07-24 20:29:11.255273+00:00,2026-07-25 02:56:34.423623+00:00,2026-07-25 01:17:19.819783+00:00,security_metrics,ml_engine,a12aafb3,-0.5,0.13113837099781933,1,1.759193037287332e-05,Stage 2 - ICS Impact,Damage to Property,T0828,Loss of Safety,Modbus,Level 2
_result,1,2026-07-24 20:29:11.255273+00:00,2026-07-25 02:56:34.423623+00:00,2026-07-25 01:17:36.659535+00:00,security_metrics,ml_engine,a12aafb3,-0.5,0.15243582590186505,1,1.7659662262303755e-05,Stage 2 - ICS Impact,Damage to Property,T0828,Loss of Safety,Modbus,Level 2
_result,1,2026-07-24 20:29:11.255273+00:00,2026-07-25 02:56:34.423623+00:00,2026-07-25 01:17:53.442933+00:00,security_metrics,ml_engine,a12aafb3,-0.5,0.09722948264770481,1,2.160694384656381e-05,Stage 2 - ICS Impact,Damage to Property,T0828,Loss of Safety,Modbus,Level 2
_result,1,2026-07-24 20:29:11.255273+00:00,2026-07-25 02:56:34.423623+00:00,2026-07-25 01:18:10.189551+00:00,security_metrics,ml_engine,a12aafb3,-0.5,0.17287835744123808,1,2.2038806491764262e-05,Stage 2 - ICS Impact,Damage to Property,T0828,Loss of Safety,Modbus,Level 2
_result,1,2026-07-24 20:29:11.255273+00:00,2026-07-25 02:56:34.423623+00:00,2026-07-25 01:18:26.932669+00:00,security_metrics,ml_engine,a12aafb3,-0.5,0.17042516938862856,1,1.9701117707882077e-05,Stage 2 - ICS Impact,Damage to Property,T0828,Loss of Safety,Modbus,Level 2
_result,1,2026-07-24 20:29:11.255273+00:00,2026-07-25 02:56:34.423623+00:00,2026-07-25 01:18:43.788830+00:00,security_metrics,ml_engine,a12aafb3,-0.5,0.06422531494773531,1,0.21729671955108643,Stage 2 - ICS Impact,Damage to Property,T0828,Loss of Safety,Modbus,Level 2
_result,1,2026-07-24 20:29:11.255273+00:00,2026-07-25 02:56:34.423623+00:00,2026-07-25 01:19:00.540136+00:00,security_metrics,ml_engine,a12aafb3,-0.5,0.027656258228497266,1,0.21720513701438904,Stage 2 - ICS Impact,Damage to Property,T0828,Loss of Safety,Modbus,Level 2
_result,1,2026-07-24 20:29:11.255273+00:00,2026-07-25 02:56:34.423623+00:00,2026-07-25 01:19:17.247288+00:00,security_metrics,ml_engine,a12aafb3,-0.5,0.12003375617457451,1,1.894814158731606e-05,Stage 2 - ICS Impact,Damage to Property,T0828,Loss of Safety,Modbus,Level 2
_result,1,2026-07-24 20:29:11.255273+00:00,2026-07-25 02:56:34.423623+00:00,2026-07-25 01:19:34.052531+00:00,security_metrics,ml_engine,a12aafb3,-0.5,0.134922431216208,1,1.8898974303738214e-05,Stage 2 - ICS Impact,Damage to Property,T0828,Loss of Safety,Modbus,Level 2
_result,1,2026-07-24 20:29:11.255273+00:00,2026-07-25 02:56:34.423623+00:00,2026-07-25 01:19:50.767375+00:00,security_metrics,ml_engine,a12aafb3,-0.5,0.15104340208330058,1,1.9253373466199264e-05,Stage 2 - ICS Impact,Damage to Property,T0828,Loss of Safety,Modbus,Level 2
_result,1,2026-07-24 20:29:11.255273+00:00,2026-07-25 02:56:34.423623+00:00,2026-07-25 01:20:07.453393+00:00,security_metrics,ml_engine,a12aafb3,-0.5,0.08719392175007257,1,1.8960057786898687e-05,Stage 2 - ICS Impact,Damage to Property,T0828,Loss of Safety,Modbus,Level 2
_result,1,2026-07-24 20:29:11.255273+00:00,2026-07-25 02:56:34.423623+00:00,2026-07-25 01:20:24.252477+00:00,security_metrics,ml_engine,a12aafb3,-0.5,0.09204477297338842,1,2.009349009313155e-05,Stage 2 - ICS Impact,Damage to Property,T0828,Loss of Safety,Modbus,Level 2
_result,1,2026-07-24 20:29:11.255273+00:00,2026-07-25 02:56:34.423623+00:00,2026-07-25 01:20:40.963313+00:00,security_metrics,ml_engine,a12aafb3,-0.5,0.147396141165601,1,1.9259714463260025e-05,Stage 2 - ICS Impact,Damage to Property,T0828,Loss of Safety,Modbus,Level 2
_result,1,2026-07-24 20:29:11.255273+00:00,2026-07-25 02:56:34.423623+00:00,2026-07-25 01:20:57.672914+00:00,security_metrics,ml_engine,a12aafb3,-0.5,0.1668726633379235,1,1.7704935089568608e-05,Stage 2 - ICS Impact,Damage to Property,T0828,Loss of Safety,Modbus,Level 2
_result,1,2026-07-24 20:29:11.255273+00:00,2026-07-25 02:56:34.423623+00:00,2026-07-25 01:21:14.542953+00:00,security_metrics,ml_engine,a12aafb3,-0.5,0.017918837661842657,1,0.00038546178257092834,Stage 2 - ICS Impact,Damage to Property,T0828,Loss of Safety,Modbus,Level 2
_result,1,2026-07-24 20:29:11.255273+00:00,2026-07-25 02:56:34.423623+00:00,2026-07-25 01:21:31.246469+00:00,security_metrics,ml_engine,a12aafb3,-0.5,0.1359152814472071,1,2.0195417164359242e-05,Stage 2 - ICS Impact,Damage to Property,T0828,Loss of Safety,Modbus,Level 2
_result,1,2026-07-24 20:29:11.255273+00:00,2026-07-25 02:56:34.423623+00:00,2026-07-25 01:21:47.950344+00:00,security_metrics,ml_engine,a12aafb3,-0.5,0.16243305032112376,1,1.835429429775104e-05,Stage 2 - ICS Impact,Damage to Property,T0828,Loss of Safety,Modbus,Level 2
_result,1,2026-07-24 20:29:11.255273+00:00,2026-07-25 02:56:34.423623+00:00,2026-07-25 01:22:04.747375+00:00,security_metrics,ml_engine,a12aafb3,-0.5,0.15089922648578802,1,2.008861702051945e-05,Stage 2 - ICS Impact,Damage to Property,T0828,Loss of Safety,Modbus,Level 2
_result,1,2026-07-24 20:29:11.255273+00:00,2026-07-25 02:56:34.423623+00:00,2026-07-25 01:22:21.441015+00:00,security_metrics,ml_engine,a12aafb3,-0.5,0.1360759741238235,1,3.310065221739933e-05,Stage 2 - ICS Impact,Damage to Property,T0828,Loss of Safety,Modbus,Level 2
_result,1,2026-07-24 20:29:11.255273+00:00,2026-07-25 02:56:34.423623+00:00,2026-07-25 01:22:38.136352+00:00,security_metrics,ml_engine,a12aafb3,-0.5,0.17577986212283025,1,1.962661735888105e-05,Stage 2 - ICS Impact,Damage to Property,T0828,Loss of Safety,Modbus,Level 2
_result,1,2026-07-24 20:29:11.255273+00:00,2026-07-25 02:56:34.423623+00:00,2026-07-25 01:22:54.820594+00:00,security_metrics,ml_engine,a12aafb3,-0.5,0.18837072140815975,1,1.9013941709999926e-05,Stage 2 - ICS Impact,Damage to Property,T0828,Loss of Safety,Modbus,Level 2
_result,1,2026-07-24 20:29:11.255273+00:00,2026-07-25 02:56:34.423623+00:00,2026-07-25 01:23:11.604874+00:00,security_metrics,ml_engine,a12aafb3,-0.5,0.1359152814472071,1,2.0682129616034217e-05,Stage 2 - ICS Impact,Damage to Property,T0828,Loss of Safety,Modbus,Level 2
_result,1,2026-07-24 20:29:11.255273+00:00,2026-07-25 02:56:34.423623+00:00,2026-07-25 01:23:28.338835+00:00,security_metrics,ml_engine,a12aafb3,-0.5,0.15025992045656916,1,1.9472390704322606e-05,Stage 2 - ICS Impact,Damage to Property,T0828,Loss of Safety,Modbus,Level 2
_result,1,2026-07-24 20:29:11.255273+00:00,2026-07-25 02:56:34.423623+00:00,2026-07-25 01:23:45.038479+00:00,security_metrics,ml_engine,a12aafb3,-0.5,0.15089922648578802,1,1.907481055241078e-05,Stage 2 - ICS Impact,Damage to Property,T0828,Loss of Safety,Modbus,Level 2
_result,1,2026-07-24 20:29:11.255273+00:00,2026-07-25 02:56:34.423623+00:00,2026-07-25 01:24:01.840617+00:00,security_metrics,ml_engine,a12aafb3,-0.5,0.126741054911631,1,1.9233377315686084e-05,Stage 2 - ICS Impact,Damage to Property,T0828,Loss of Safety,Modbus,Level 2
_result,1,2026-07-24 20:29:11.255273+00:00,2026-07-25 02:56:34.423623+00:00,2026-07-25 01:24:18.528768+00:00,security_metrics,ml_engine,a12aafb3,-0.5,0.18420917562046568,1,0.0002756286703515798,Stage 2 - ICS Impact,Damage to Property,T0828,Loss of Safety,Modbus,Level 2
_result,1,2026-07-24 20:29:11.255273+00:00,2026-07-25 02:56:34.423623+00:00,2026-07-25 01:24:35.188376+00:00,security_metrics,ml_engine,a12aafb3,-0.5,0.06686475136796377,1,1.783297921065241e-05,Stage 2 - ICS Impact,Damage to Property,T0828,Loss of Safety,Modbus,Level 2
_result,1,2026-07-24 20:29:11.255273+00:00,2026-07-25 02:56:34.423623+00:00,2026-07-25 01:24:51.950994+00:00,security_metrics,ml_engine,a12aafb3,-0.5,0.19632526061465488,1,1.8149854440707713e-05,Stage 2 - ICS Impact,Damage to Property,T0828,Loss of Safety,Modbus,Level 2
_result,1,2026-07-24 20:29:11.255273+00:00,2026-07-25 02:56:34.423623+00:00,2026-07-25 01:25:08.622412+00:00,security_metrics,ml_engine,a12aafb3,-0.5,0.15104340208330058,1,3.3145752240670845e-05,Stage 2 - ICS Impact,Damage to Property,T0828,Loss of Safety,Modbus,Level 2
_result,1,2026-07-24 20:29:11.255273+00:00,2026-07-25 02:56:34.423623+00:00,2026-07-25 01:25:25.320466+00:00,security_metrics,ml_engine,a12aafb3,-0.5,0.10881131526849042,1,1.94741314771818e-05,Stage 2 - ICS Impact,Damage to Property,T0828,Loss of Safety,Modbus,Level 2
_result,1,2026-07-24 20:29:11.255273+00:00,2026-07-25 02:56:34.423623+00:00,2026-07-25 01:25:42.145677+00:00,security_metrics,ml_engine,a12aafb3,-0.5,0.13477007808628988,1,2.016740108956583e-05,Stage 2 - ICS Impact,Damage to Property,T0828,Loss of Safety,Modbus,Level 2
_result,1,2026-07-24 20:29:11.255273+00:00,2026-07-25 02:56:34.423623+00:00,2026-07-25 01:25:58.887501+00:00,security_metrics,ml_engine,a12aafb3,-0.5,0.10903646793311761,1,1.958767643372994e-05,Stage 2 - ICS Impact,Damage to Property,T0828,Loss of Safety,Modbus,Level 2
_result,1,2026-07-24 20:29:11.255273+00:00,2026-07-25 02:56:34.423623+00:00,2026-07-25 01:26:49.138780+00:00,security_metrics,ml_engine,a12aafb3,-0.5,0.10809808162540535,1,2.065248554572463e-05,Stage 2 - ICS Impact,Damage to Property,T0828,Loss of Safety,Modbus,Level 2
_result,1,2026-07-24 20:29:11.255273+00:00,2026-07-25 02:56:34.423623+00:00,2026-07-25 01:27:05.855102+00:00,security_metrics,ml_engine,a12aafb3,-0.5,0.06548905978200237,1,2.6456043997313827e-05,Stage 2 - ICS Impact,Damage to Property,T0828,Loss of Safety,Modbus,Level 2
_result,1,2026-07-24 20:29:11.255273+00:00,2026-07-25 02:56:34.423623+00:00,2026-07-25 01:27:22.543981+00:00,security_metrics,ml_engine,a12aafb3,-0.5,0.09957013996378938,1,2.43340982706286e-05,Stage 2 - ICS Impact,Damage to Property,T0828,Loss of Safety,Modbus,Level 2
_result,1,2026-07-24 20:29:11.255273+00:00,2026-07-25 02:56:34.423623+00:00,2026-07-25 01:27:39.331261+00:00,security_metrics,ml_engine,a12aafb3,-0.5,-0.0016572288317079353,1,0.004761974327266216,Stage 2 - ICS Impact,Damage to Property,T0828,Loss of Safety,Modbus,Level 2
_result,1,2026-07-24 20:29:11.255273+00:00,2026-07-25 02:56:34.423623+00:00,2026-07-25 01:27:56.023683+00:00,security_metrics,ml_engine,a12aafb3,-0.5,0.052640740622086124,1,2.3289599994313903e-05,Stage 2 - ICS Impact,Damage to Property,T0828,Loss of Safety,Modbus,Level 2
_result,1,2026-07-24 20:29:11.255273+00:00,2026-07-25 02:56:34.423623+00:00,2026-07-25 01:28:12.709030+00:00,security_metrics,ml_engine,a12aafb3,-0.5,0.14583011408220853,1,2.080675221804995e-05,Stage 2 - ICS Impact,Damage to Property,T0828,Loss of Safety,Modbus,Level 2
_result,1,2026-07-24 20:29:11.255273+00:00,2026-07-25 02:56:34.423623+00:00,2026-07-25 01:28:29.544990+00:00,security_metrics,ml_engine,a12aafb3,-0.5,0.08428980778494144,1,1.8469130736775696e-05,Stage 2 - ICS Impact,Damage to Property,T0828,Loss of Safety,Modbus,Level 2
_result,1,2026-07-24 20:29:11.255273+00:00,2026-07-25 02:56:34.423623+00:00,2026-07-25 01:28:46.281646+00:00,security_metrics,ml_engine,a12aafb3,-0.5,0.10330141378240254,1,2.4616778318886645e-05,Stage 2 - ICS Impact,Damage to Property,T0828,Loss of Safety,Modbus,Level 2
_result,1,2026-07-24 20:29:11.255273+00:00,2026-07-25 02:56:34.423623+00:00,2026-07-25 01:29:03.037412+00:00,security_metrics,ml_engine,a12aafb3,-0.5,0.15199863020432386,1,2.073925679724198e-05,Stage 2 - ICS Impact,Damage to Property,T0828,Loss of Safety,Modbus,Level 2
_result,1,2026-07-24 20:29:11.255273+00:00,2026-07-25 02:56:34.423623+00:00,2026-07-25 01:29:19.876744+00:00,security_metrics,ml_engine,a12aafb3,-0.5,0.1577466879740987,1,0.0006163397920317948,Stage 2 - ICS Impact,Damage to Property,T0828,Loss of Safety,Modbus,Level 2
_result,1,2026-07-24 20:29:11.255273+00:00,2026-07-25 02:56:34.423623+00:00,2026-07-25 01:29:36.622565+00:00,security_metrics,ml_engine,a12aafb3,-0.5,0.1758037503703077,1,1.7861226297100075e-05,Stage 2 - ICS Impact,Damage to Property,T0828,Loss of Safety,Modbus,Level 2
_result,1,2026-07-24 20:29:11.255273+00:00,2026-07-25 02:56:34.423623+00:00,2026-07-25 01:29:53.389064+00:00,security_metrics,ml_engine,a12aafb3,-0.5,0.07166719363010077,1,0.00015116725990083069,Stage 2 - ICS Impact,Damage to Property,T0828,Loss of Safety,Modbus,Level 2
_result,1,2026-07-24 20:29:11.255273+00:00,2026-07-25 02:56:34.423623+00:00,2026-07-25 01:30:10.230393+00:00,security_metrics,ml_engine,a12aafb3,-0.5,0.18207138089372787,1,2.0296858565416187e-05,Stage 2 - ICS Impact,Damage to Property,T0828,Loss of Safety,Modbus,Level 2
_result,1,2026-07-24 20:29:11.255273+00:00,2026-07-25 02:56:34.423623+00:00,2026-07-25 01:30:26.974888+00:00,security_metrics,ml_engine,a12aafb3,-0.5,0.17997001531136053,1,0.0006960676400922239,Stage 2 - ICS Impact,Damage to Property,T0828,Loss of Safety,Modbus,Level 2
_result,1,2026-07-24 20:29:11.255273+00:00,2026-07-25 02:56:34.423623+00:00,2026-07-25 01:30:43.713563+00:00,security_metrics,ml_engine,a12aafb3,-0.5,0.08409179861756533,1,0.00061530910898,Stage 2 - ICS Impact,Damage to Property,T0828,Loss of Safety,Modbus,Level 2
_result,1,2026-07-24 20:29:11.255273+00:00,2026-07-25 02:56:34.423623+00:00,2026-07-25 01:31:00.562525+00:00,security_metrics,ml_engine,a12aafb3,-0.5,0.060220895462236856,1,2.1875481252209283e-05,Stage 2 - ICS Impact,Damage to Property,T0828,Loss of Safety,Modbus,Level 2
_result,1,2026-07-24 20:29:11.255273+00:00,2026-07-25 02:56:34.423623+00:00,2026-07-25 01:31:17.321062+00:00,security_metrics,ml_engine,a12aafb3,-0.5,0.14539208631121153,1,2.0027890059282072e-05,Stage 2 - ICS Impact,Damage to Property,T0828,Loss of Safety,Modbus,Level 2
_result,1,2026-07-24 20:29:11.255273+00:00,2026-07-25 02:56:34.423623+00:00,2026-07-25 01:31:34.103207+00:00,security_metrics,ml_engine,a12aafb3,-0.5,0.11601510327693121,1,1.7726637452142313e-05,Stage 2 - ICS Impact,Damage to Property,T0828,Loss of Safety,Modbus,Level 2
_result,1,2026-07-24 20:29:11.255273+00:00,2026-07-25 02:56:34.423623+00:00,2026-07-25 01:31:50.869894+00:00,security_metrics,ml_engine,a12aafb3,-0.5,0.17449423679666015,1,0.000281311571598053,Stage 2 - ICS Impact,Damage to Property,T0828,Loss of Safety,Modbus,Level 2
_result,1,2026-07-24 20:29:11.255273+00:00,2026-07-25 02:56:34.423623+00:00,2026-07-25 01:32:07.706395+00:00,security_metrics,ml_engine,a12aafb3,-0.5,0.16648192425412583,1,2.2239955796976574e-05,Stage 2 - ICS Impact,Damage to Property,T0828,Loss of Safety,Modbus,Level 2
_result,1,2026-07-24 20:29:11.255273+00:00,2026-07-25 02:56:34.423623+00:00,2026-07-25 01:32:24.455213+00:00,security_metrics,ml_engine,a12aafb3,-0.5,0.14598745320606038,1,2.267063973704353e-05,Stage 2 - ICS Impact,Damage to Property,T0828,Loss of Safety,Modbus,Level 2
_result,1,2026-07-24 20:29:11.255273+00:00,2026-07-25 02:56:34.423623+00:00,2026-07-25 01:32:41.187476+00:00,security_metrics,ml_engine,a12aafb3,-0.5,0.12975180858219565,1,2.1929778085905127e-05,Stage 2 - ICS Impact,Damage to Property,T0828,Loss of Safety,Modbus,Level 2
_result,1,2026-07-24 20:29:11.255273+00:00,2026-07-25 02:56:34.423623+00:00,2026-07-25 01:32:58.036247+00:00,security_metrics,ml_engine,a12aafb3,-0.5,0.1874107985936122,1,2.2201073079486378e-05,Stage 2 - ICS Impact,Damage to Property,T0828,Loss of Safety,Modbus,Level 2
_result,1,2026-07-24 20:29:11.255273+00:00,2026-07-25 02:56:34.423623+00:00,2026-07-25 01:33:14.806713+00:00,security_metrics,ml_engine,a12aafb3,-0.5,0.1599151988822421,1,1.95387165149441e-05,Stage 2 - ICS Impact,Damage to Property,T0828,Loss of Safety,Modbus,Level 2
_result,1,2026-07-24 20:29:11.255273+00:00,2026-07-25 02:56:34.423623+00:00,2026-07-25 01:33:31.532770+00:00,security_metrics,ml_engine,a12aafb3,-0.5,0.18767605645982866,1,1.879422416095622e-05,Stage 2 - ICS Impact,Damage to Property,T0828,Loss of Safety,Modbus,Level 2
_result,1,2026-07-24 20:29:11.255273+00:00,2026-07-25 02:56:34.423623+00:00,2026-07-25 01:33:48.388047+00:00,security_metrics,ml_engine,a12aafb3,-0.5,0.018520444076140286,1,2.1326806745491922e-05,Stage 2 - ICS Impact,Damage to Property,T0828,Loss of Safety,Modbus,Level 2
_result,1,2026-07-24 20:29:11.255273+00:00,2026-07-25 02:56:34.423623+00:00,2026-07-25 01:34:05.123074+00:00,security_metrics,ml_engine,a12aafb3,-0.5,0.12460999463833572,1,2.237755870737601e-05,Stage 2 - ICS Impact,Damage to Property,T0828,Loss of Safety,Modbus,Level 2
_result,1,2026-07-24 20:29:11.255273+00:00,2026-07-25 02:56:34.423623+00:00,2026-07-25 01:34:21.895557+00:00,security_metrics,ml_engine,a12aafb3,-0.5,0.05162242039095055,1,0.14158417284488678,Stage 2 - ICS Impact,Damage to Property,T0828,Loss of Safety,Modbus,Level 2
_result,1,2026-07-24 20:29:11.255273+00:00,2026-07-25 02:56:34.423623+00:00,2026-07-25 01:34:38.765355+00:00,security_metrics,ml_engine,a12aafb3,-0.5,0.09447266452577918,1,0.1413545161485672,Stage 2 - ICS Impact,Damage to Property,T0828,Loss of Safety,Modbus,Level 2
_result,1,2026-07-24 20:29:11.255273+00:00,2026-07-25 02:56:34.423623+00:00,2026-07-25 01:34:55.545093+00:00,security_metrics,ml_engine,a12aafb3,-0.5,0.055569739911087046,1,0.14141948521137238,Stage 2 - ICS Impact,Damage to Property,T0828,Loss of Safety,Modbus,Level 2
_result,1,2026-07-24 20:29:11.255273+00:00,2026-07-25 02:56:34.423623+00:00,2026-07-25 01:35:12.252293+00:00,security_metrics,ml_engine,a12aafb3,-0.5,0.17287835744123808,1,2.0741485059261322e-05,Stage 2 - ICS Impact,Damage to Property,T0828,Loss of Safety,Modbus,Level 2
_result,1,2026-07-24 20:29:11.255273+00:00,2026-07-25 02:56:34.423623+00:00,2026-07-25 01:35:28.930017+00:00,security_metrics,ml_engine,a12aafb3,-0.5,0.17433609934069405,1,1.7335878510493785e-05,Stage 2 - ICS Impact,Damage to Property,T0828,Loss of Safety,Modbus,Level 2
_result,1,2026-07-24 20:29:11.255273+00:00,2026-07-25 02:56:34.423623+00:00,2026-07-25 01:35:45.730449+00:00,security_metrics,ml_engine,a12aafb3,-0.5,0.1449040514624208,1,1.919420355989132e-05,Stage 2 - ICS Impact,Damage to Property,T0828,Loss of Safety,Modbus,Level 2
_result,1,2026-07-24 20:29:11.255273+00:00,2026-07-25 02:56:34.423623+00:00,2026-07-25 01:36:02.417283+00:00,security_metrics,ml_engine,a12aafb3,-0.5,0.12413306312192757,1,2.4964319891296327e-05,Stage 2 - ICS Impact,Damage to Property,T0828,Loss of Safety,Modbus,Level 2
_result,1,2026-07-24 20:29:11.255273+00:00,2026-07-25 02:56:34.423623+00:00,2026-07-25 01:36:19.112399+00:00,security_metrics,ml_engine,a12aafb3,-0.5,0.13641596332207845,1,2.0841405785176903e-05,Stage 2 - ICS Impact,Damage to Property,T0828,Loss of Safety,Modbus,Level 2
_result,1,2026-07-24 20:29:11.255273+00:00,2026-07-25 02:56:34.423623+00:00,2026-07-25 01:36:35.897785+00:00,security_metrics,ml_engine,a12aafb3,-0.5,0.1808648806302564,1,1.865184458438307e-05,Stage 2 - ICS Impact,Damage to Property,T0828,Loss of Safety,Modbus,Level 2
_result,1,2026-07-24 20:29:11.255273+00:00,2026-07-25 02:56:34.423623+00:00,2026-07-25 01:36:52.603818+00:00,security_metrics,ml_engine,a12aafb3,-0.5,0.15532310650910658,1,2.129388667526655e-05,Stage 2 - ICS Impact,Damage to Property,T0828,Loss of Safety,Modbus,Level 2
_result,1,2026-07-24 20:29:11.255273+00:00,2026-07-25 02:56:34.423623+00:00,2026-07-25 01:37:09.347414+00:00,security_metrics,ml_engine,a12aafb3,-0.5,0.13509218365434544,1,2.2178039216669276e-05,Stage 2 - ICS Impact,Damage to Property,T0828,Loss of Safety,Modbus,Level 2
_result,1,2026-07-24 20:29:11.255273+00:00,2026-07-25 02:56:34.423623+00:00,2026-07-25 01:37:26.194594+00:00,security_metrics,ml_engine,a12aafb3,-0.5,0.1337986324626243,1,2.1198642571107484e-05,Stage 2 - ICS Impact,Damage to Property,T0828,Loss of Safety,Modbus,Level 2
_result,1,2026-07-24 20:29:11.255273+00:00,2026-07-25 02:56:34.423623+00:00,2026-07-25 01:37:42.961847+00:00,security_metrics,ml_engine,a12aafb3,-0.5,0.1871936616343784,1,2.1558314983849414e-05,Stage 2 - ICS Impact,Damage to Property,T0828,Loss of Safety,Modbus,Level 2
_result,1,2026-07-24 20:29:11.255273+00:00,2026-07-25 02:56:34.423623+00:00,2026-07-25 01:37:59.695624+00:00,security_metrics,ml_engine,a12aafb3,-0.5,0.1874107985936122,1,1.8357955923420377e-05,Stage 2 - ICS Impact,Damage to Property,T0828,Loss of Safety,Modbus,Level 2
_result,1,2026-07-24 20:29:11.255273+00:00,2026-07-25 02:56:34.423623+00:00,2026-07-25 01:38:16.549763+00:00,security_metrics,ml_engine,a12aafb3,-0.5,0.1874107985936122,1,2.832102654792834e-05,Stage 2 - ICS Impact,Damage to Property,T0828,Loss of Safety,Modbus,Level 2
_result,1,2026-07-24 20:29:11.255273+00:00,2026-07-25 02:56:34.423623+00:00,2026-07-25 01:38:33.291887+00:00,security_metrics,ml_engine,a12aafb3,-0.5,0.11462150834874274,1,1.9672757844091393e-05,Stage 2 - ICS Impact,Damage to Property,T0828,Loss of Safety,Modbus,Level 2
_result,1,2026-07-24 20:29:11.255273+00:00,2026-07-25 02:56:34.423623+00:00,2026-07-25 01:38:50.042037+00:00,security_metrics,ml_engine,a12aafb3,-0.5,0.14539208631121153,1,0.0003847766201943159,Stage 2 - ICS Impact,Damage to Property,T0828,Loss of Safety,Modbus,Level 2
_result,1,2026-07-24 20:29:11.255273+00:00,2026-07-25 02:56:34.423623+00:00,2026-07-25 01:39:06.785894+00:00,security_metrics,ml_engine,a12aafb3,-0.5,0.16300450357672602,1,2.132662120857276e-05,Stage 2 - ICS Impact,Damage to Property,T0828,Loss of Safety,Modbus,Level 2
_result,1,2026-07-24 20:29:11.255273+00:00,2026-07-25 02:56:34.423623+00:00,2026-07-25 01:39:23.635625+00:00,security_metrics,ml_engine,a12aafb3,-0.5,0.1539557912698824,1,1.800929931050632e-05,Stage 2 - ICS Impact,Damage to Property,T0828,Loss of Safety,Modbus,Level 2
_result,1,2026-07-24 20:29:11.255273+00:00,2026-07-25 02:56:34.423623+00:00,2026-07-25 01:39:40.379499+00:00,security_metrics,ml_engine,a12aafb3,-0.5,0.18259363540933327,1,1.836230694607366e-05,Stage 2 - ICS Impact,Damage to Property,T0828,Loss of Safety,Modbus,Level 2
_result,1,2026-07-24 20:29:11.255273+00:00,2026-07-25 02:56:34.423623+00:00,2026-07-25 01:39:57.108177+00:00,security_metrics,ml_engine,a12aafb3,-0.5,0.1442802789411063,1,1.8619844922795892e-05,Stage 2 - ICS Impact,Damage to Property,T0828,Loss of Safety,Modbus,Level 2
_result,1,2026-07-24 20:29:11.255273+00:00,2026-07-25 02:56:34.423623+00:00,2026-07-25 01:40:13.984687+00:00,security_metrics,ml_engine,a12aafb3,-0.5,0.12272504383696742,1,1.8963653928949498e-05,Stage 2 - ICS Impact,Damage to Property,T0828,Loss of Safety,Modbus,Level 2
_result,1,2026-07-24 20:29:11.255273+00:00,2026-07-25 02:56:34.423623+00:00,2026-07-25 01:40:30.722640+00:00,security_metrics,ml_engine,a12aafb3,-0.5,0.09820643714993516,1,1.8933258616016246e-05,Stage 2 - ICS Impact,Damage to Property,T0828,Loss of Safety,Modbus,Level 2
_result,1,2026-07-24 20:29:11.255273+00:00,2026-07-25 02:56:34.423623+00:00,2026-07-25 01:40:47.461433+00:00,security_metrics,ml_engine,a12aafb3,-0.5,0.17825312546344885,1,1.8303684555576183e-05,Stage 2 - ICS Impact,Damage to Property,T0828,Loss of Safety,Modbus,Level 2
_result,1,2026-07-24 20:29:11.255273+00:00,2026-07-25 02:56:34.423623+00:00,2026-07-25 01:41:04.301088+00:00,security_metrics,ml_engine,a12aafb3,-0.5,0.15053717371315672,1,1.964977491297759e-05,Stage 2 - ICS Impact,Damage to Property,T0828,Loss of Safety,Modbus,Level 2
_result,1,2026-07-24 20:29:11.255273+00:00,2026-07-25 02:56:34.423623+00:00,2026-07-25 01:41:21.026126+00:00,security_metrics,ml_engine,a12aafb3,-0.5,0.14723927867186276,1,3.5477281926432624e-05,Stage 2 - ICS Impact,Damage to Property,T0828,Loss of Safety,Modbus,Level 2
_result,1,2026-07-24 20:29:11.255273+00:00,2026-07-25 02:56:34.423623+00:00,2026-07-25 01:41:37.786498+00:00,security_metrics,ml_engine,a12aafb3,-0.5,0.13754108137331367,1,2.4267288608825766e-05,Stage 2 - ICS Impact,Damage to Property,T0828,Loss of Safety,Modbus,Level 2
_result,1,2026-07-24 20:29:11.255273+00:00,2026-07-25 02:56:34.423623+00:00,2026-07-25 01:41:54.646384+00:00,security_metrics,ml_engine,a12aafb3,-0.5,0.05082652496597029,1,0.06008899211883545,Stage 2 - ICS Impact,Damage to Property,T0828,Loss of Safety,Modbus,Level 2
_result,1,2026-07-24 20:29:11.255273+00:00,2026-07-25 02:56:34.423623+00:00,2026-07-25 01:42:11.377778+00:00,security_metrics,ml_engine,a12aafb3,-0.5,0.04115957514703916,1,0.08924704790115356,Stage 2 - ICS Impact,Damage to Property,T0828,Loss of Safety,Modbus,Level 2
_result,1,2026-07-24 20:29:11.255273+00:00,2026-07-25 02:56:34.423623+00:00,2026-07-25 01:42:28.114507+00:00,security_metrics,ml_engine,a12aafb3,-0.5,0.15800402825414694,1,1.820621037040837e-05,Stage 2 - ICS Impact,Damage to Property,T0828,Loss of Safety,Modbus,Level 2
_result,1,2026-07-24 20:29:11.255273+00:00,2026-07-25 02:56:34.423623+00:00,2026-07-25 01:42:44.947462+00:00,security_metrics,ml_engine,a12aafb3,-0.5,0.06686475136796377,1,2.3996177333174273e-05,Stage 2 - ICS Impact,Damage to Property,T0828,Loss of Safety,Modbus,Level 2
_result,1,2026-07-24 20:29:11.255273+00:00,2026-07-25 02:56:34.423623+00:00,2026-07-25 01:43:01.700388+00:00,security_metrics,ml_engine,a12aafb3,-0.5,0.12599038290991532,1,2.123934609699063e-05,Stage 2 - ICS Impact,Damage to Property,T0828,Loss of Safety,Modbus,Level 2
_result,1,2026-07-24 20:29:11.255273+00:00,2026-07-25 02:56:34.423623+00:00,2026-07-25 01:43:18.437723+00:00,security_metrics,ml_engine,a12aafb3,-0.5,0.07522003205740768,1,1.8676959371077828e-05,Stage 2 - ICS Impact,Damage to Property,T0828,Loss of Safety,Modbus,Level 2
_result,1,2026-07-24 20:29:11.255273+00:00,2026-07-25 02:56:34.423623+00:00,2026-07-25 01:43:35.284288+00:00,security_metrics,ml_engine,a12aafb3,-0.5,0.09007349652553653,1,1.934430838446133e-05,Stage 2 - ICS Impact,Damage to Property,T0828,Loss of Safety,Modbus,Level 2
_result,1,2026-07-24 20:29:11.255273+00:00,2026-07-25 02:56:34.423623+00:00,2026-07-25 01:43:52.034297+00:00,security_metrics,ml_engine,a12aafb3,-0.5,0.11724525198805696,1,1.8122789697372355e-05,Stage 2 - ICS Impact,Damage to Property,T0828,Loss of Safety,Modbus,Level 2
_result,1,2026-07-24 20:29:11.255273+00:00,2026-07-25 02:56:34.423623+00:00,2026-07-25 01:44:08.761352+00:00,security_metrics,ml_engine,a12aafb3,-0.5,0.17340068232662126,1,1.869918742158916e-05,Stage 2 - ICS Impact,Damage to Property,T0828,Loss of Safety,Modbus,Level 2
_result,1,2026-07-24 20:29:11.255273+00:00,2026-07-25 02:56:34.423623+00:00,2026-07-25 01:44:25.508538+00:00,security_metrics,ml_engine,a12aafb3,-0.5,0.1690715966523817,1,2.0225896150805056e-05,Stage 2 - ICS Impact,Damage to Property,T0828,Loss of Safety,Modbus,Level 2
_result,1,2026-07-24 20:29:11.255273+00:00,2026-07-25 02:56:34.423623+00:00,2026-07-25 01:44:42.365661+00:00,security_metrics,ml_engine,a12aafb3,-0.5,0.17687650213333855,1,1.83917218237184e-05,Stage 2 - ICS Impact,Damage to Property,T0828,Loss of Safety,Modbus,Level 2
_result,1,2026-07-24 20:29:11.255273+00:00,2026-07-25 02:56:34.423623+00:00,2026-07-25 01:44:59.127363+00:00,security_metrics,ml_engine,a12aafb3,-0.5,0.11869558288385806,1,1.9451264961389825e-05,Stage 2 - ICS Impact,Damage to Property,T0828,Loss of Safety,Modbus,Level 2
_result,1,2026-07-24 20:29:11.255273+00:00,2026-07-25 02:56:34.423623+00:00,2026-07-25 01:45:15.873471+00:00,security_metrics,ml_engine,a12aafb3,-0.5,0.17080520998698595,1,1.7865560948848724e-05,Stage 2 - ICS Impact,Damage to Property,T0828,Loss of Safety,Modbus,Level 2
_result,1,2026-07-24 20:29:11.255273+00:00,2026-07-25 02:56:34.423623+00:00,2026-07-25 01:45:32.723311+00:00,security_metrics,ml_engine,a12aafb3,-0.5,0.13354380528842613,1,2.4357019356102683e-05,Stage 2 - ICS Impact,Damage to Property,T0828,Loss of Safety,Modbus,Level 2
_result,1,2026-07-24 20:29:11.255273+00:00,2026-07-25 02:56:34.423623+00:00,2026-07-25 01:45:49.460124+00:00,security_metrics,ml_engine,a12aafb3,-0.5,0.06501998755684069,1,0.004762380383908749,Stage 2 - ICS Impact,Damage to Property,T0828,Loss of Safety,Modbus,Level 2
_result,1,2026-07-24 20:29:11.255273+00:00,2026-07-25 02:56:34.423623+00:00,2026-07-25 01:46:06.197106+00:00,security_metrics,ml_engine,a12aafb3,-0.5,0.13354380528842613,1,2.026458241743967e-05,Stage 2 - ICS Impact,Damage to Property,T0828,Loss of Safety,Modbus,Level 2
_result,1,2026-07-24 20:29:11.255273+00:00,2026-07-25 02:56:34.423623+00:00,2026-07-25 01:46:23.032724+00:00,security_metrics,ml_engine,a12aafb3,-0.5,0.17080520998698595,1,1.9466653611743823e-05,Stage 2 - ICS Impact,Damage to Property,T0828,Loss of Safety,Modbus,Level 2
_result,1,2026-07-24 20:29:11.255273+00:00,2026-07-25 02:56:34.423623+00:00,2026-07-25 01:46:39.771446+00:00,security_metrics,ml_engine,a12aafb3,-0.5,0.17944403383975033,1,1.833972601161804e-05,Stage 2 - ICS Impact,Damage to Property,T0828,Loss of Safety,Modbus,Level 2
_result,1,2026-07-24 20:29:11.255273+00:00,2026-07-25 02:56:34.423623+00:00,2026-07-25 01:46:56.506414+00:00,security_metrics,ml_engine,a12aafb3,-0.5,0.12755023901275803,1,1.9091145077254623e-05,Stage 2 - ICS Impact,Damage to Property,T0828,Loss of Safety,Modbus,Level 2
_result,1,2026-07-24 20:29:11.255273+00:00,2026-07-25 02:56:34.423623+00:00,2026-07-25 01:47:13.342430+00:00,security_metrics,ml_engine,a12aafb3,-0.5,0.065390123396882,1,1.9190532839274965e-05,Stage 2 - ICS Impact,Damage to Property,T0828,Loss of Safety,Modbus,Level 2
_result,1,2026-07-24 20:29:11.255273+00:00,2026-07-25 02:56:34.423623+00:00,2026-07-25 01:47:30.076898+00:00,security_metrics,ml_engine,a12aafb3,-0.5,0.15728645114119055,1,1.8222837752546184e-05,Stage 2 - ICS Impact,Damage to Property,T0828,Loss of Safety,Modbus,Level 2
_result,1,2026-07-24 20:29:11.255273+00:00,2026-07-25 02:56:34.423623+00:00,2026-07-25 01:47:46.830866+00:00,security_metrics,ml_engine,a12aafb3,-0.5,0.1404324246999219,1,2.0805206077056937e-05,Stage 2 - ICS Impact,Damage to Property,T0828,Loss of Safety,Modbus,Level 2
_result,1,2026-07-24 20:29:11.255273+00:00,2026-07-25 02:56:34.423623+00:00,2026-07-25 01:48:03.689266+00:00,security_metrics,ml_engine,a12aafb3,-0.5,0.14671701187717384,1,2.0186716938042082e-05,Stage 2 - ICS Impact,Damage to Property,T0828,Loss of Safety,Modbus,Level 2
_result,1,2026-07-24 20:29:11.255273+00:00,2026-07-25 02:56:34.423623+00:00,2026-07-25 01:48:20.417110+00:00,security_metrics,ml_engine,a12aafb3,-0.5,0.12003375617457451,1,2.3822485673008487e-05,Stage 2 - ICS Impact,Damage to Property,T0828,Loss of Safety,Modbus,Level 2
_result,1,2026-07-24 20:29:11.255273+00:00,2026-07-25 02:56:34.423623+00:00,2026-07-25 01:48:37.174084+00:00,security_metrics,ml_engine,a12aafb3,-0.5,0.16925188124447438,1,2.541610592743382e-05,Stage 2 - ICS Impact,Damage to Property,T0828,Loss of Safety,Modbus,Level 2
_result,1,2026-07-24 20:29:11.255273+00:00,2026-07-25 02:56:34.423623+00:00,2026-07-25 01:48:53.912847+00:00,security_metrics,ml_engine,a12aafb3,-0.5,0.17583428281798186,1,2.0764493456226774e-05,Stage 2 - ICS Impact,Damage to Property,T0828,Loss of Safety,Modbus,Level 2
_result,1,2026-07-24 20:29:11.255273+00:00,2026-07-25 02:56:34.423623+00:00,2026-07-25 01:57:15.978113+00:00,security_metrics,ml_engine,a12aafb3,-0.5,0.08777441869882652,1,0.1139560341835022,Stage 2 - ICS Impact,Damage to Property,T0828,Loss of Safety,Modbus,Level 2
_result,1,2026-07-24 20:29:11.255273+00:00,2026-07-25 02:56:34.423623+00:00,2026-07-25 01:57:32.696407+00:00,security_metrics,ml_engine,a12aafb3,-0.5,0.013704785179544654,1,0.14429573714733124,Stage 2 - ICS Impact,Damage to Property,T0828,Loss of Safety,Modbus,Level 2
_result,1,2026-07-24 20:29:11.255273+00:00,2026-07-25 02:56:34.423623+00:00,2026-07-25 01:57:49.530510+00:00,security_metrics,ml_engine,a12aafb3,-0.5,0.02848404872573551,1,0.1445700079202652,Stage 2 - ICS Impact,Damage to Property,T0828,Loss of Safety,Modbus,Level 2
_result,1,2026-07-24 20:29:11.255273+00:00,2026-07-25 02:56:34.423623+00:00,2026-07-25 01:58:06.282746+00:00,security_metrics,ml_engine,a12aafb3,-0.5,0.015253615093183792,1,0.12335074692964554,Stage 2 - ICS Impact,Damage to Property,T0828,Loss of Safety,Modbus,Level 2
_result,1,2026-07-24 20:29:11.255273+00:00,2026-07-25 02:56:34.423623+00:00,2026-07-25 01:58:23.027999+00:00,security_metrics,ml_engine,a12aafb3,-0.5,0.11325133473505883,1,0.07241719216108322,Stage 2 - ICS Impact,Damage to Property,T0828,Loss of Safety,Modbus,Level 2
_result,1,2026-07-24 20:29:11.255273+00:00,2026-07-25 02:56:34.423623+00:00,2026-07-25 01:58:39.721324+00:00,security_metrics,ml_engine,a12aafb3,-0.5,0.1061974899035063,1,2.032484371738974e-05,Stage 2 - ICS Impact,Damage to Property,T0828,Loss of Safety,Modbus,Level 2
_result,1,2026-07-24 20:29:11.255273+00:00,2026-07-25 02:56:34.423623+00:00,2026-07-25 01:58:56.519016+00:00,security_metrics,ml_engine,a12aafb3,-0.5,0.15053717371315672,1,0.00047845375956967473,Stage 2 - ICS Impact,Damage to Property,T0828,Loss of Safety,Modbus,Level 2
_result,1,2026-07-24 20:29:11.255273+00:00,2026-07-25 02:56:34.423623+00:00,2026-07-25 01:59:13.194100+00:00,security_metrics,ml_engine,a12aafb3,-0.5,0.07166719363010077,1,1.9725397578440607e-05,Stage 2 - ICS Impact,Damage to Property,T0828,Loss of Safety,Modbus,Level 2
_result,1,2026-07-24 20:29:11.255273+00:00,2026-07-25 02:56:34.423623+00:00,2026-07-25 01:59:29.895175+00:00,security_metrics,ml_engine,a12aafb3,-0.5,0.13269274761005984,1,1.7189451682497747e-05,Stage 2 - ICS Impact,Damage to Property,T0828,Loss of Safety,Modbus,Level 2
_result,1,2026-07-24 20:29:11.255273+00:00,2026-07-25 02:56:34.423623+00:00,2026-07-25 01:59:46.721813+00:00,security_metrics,ml_engine,a12aafb3,-0.5,0.10503911023312373,1,1.8909187929239124e-05,Stage 2 - ICS Impact,Damage to Property,T0828,Loss of Safety,Modbus,Level 2
_result,1,2026-07-24 20:29:11.255273+00:00,2026-07-25 02:56:34.423623+00:00,2026-07-25 02:00:03.417541+00:00,security_metrics,ml_engine,a12aafb3,-0.5,0.16688243124686342,1,1.816849908209406e-05,Stage 2 - ICS Impact,Damage to Property,T0828,Loss of Safety,Modbus,Level 2
_result,1,2026-07-24 20:29:11.255273+00:00,2026-07-25 02:56:34.423623+00:00,2026-07-25 02:00:20.155213+00:00,security_metrics,ml_engine,a12aafb3,-0.5,0.15590941398514346,1,1.862848876044154e-05,Stage 2 - ICS Impact,Damage to Property,T0828,Loss of Safety,Modbus,Level 2
_result,1,2026-07-24 20:29:11.255273+00:00,2026-07-25 02:56:34.423623+00:00,2026-07-25 02:00:37.008986+00:00,security_metrics,ml_engine,a12aafb3,-0.5,0.16153122840405382,1,1.8059708963846788e-05,Stage 2 - ICS Impact,Damage to Property,T0828,Loss of Safety,Modbus,Level 2
_result,1,2026-07-24 20:29:11.255273+00:00,2026-07-25 02:56:34.423623+00:00,2026-07-25 02:00:53.751871+00:00,security_metrics,ml_engine,a12aafb3,-0.5,0.11864595370489439,1,1.790138048818335e-05,Stage 2 - ICS Impact,Damage to Property,T0828,Loss of Safety,Modbus,Level 2
_result,1,2026-07-24 20:29:11.255273+00:00,2026-07-25 02:56:34.423623+00:00,2026-07-25 02:01:10.502065+00:00,security_metrics,ml_engine,a12aafb3,-0.5,0.15344857073855095,1,2.551017314544879e-05,Stage 2 - ICS Impact,Damage to Property,T0828,Loss of Safety,Modbus,Level 2
_result,1,2026-07-24 20:29:11.255273+00:00,2026-07-25 02:56:34.423623+00:00,2026-07-25 02:01:27.349392+00:00,security_metrics,ml_engine,a12aafb3,-0.5,0.07831377234034287,1,2.3494227207265794e-05,Stage 2 - ICS Impact,Damage to Property,T0828,Loss of Safety,Modbus,Level 2
_result,1,2026-07-24 20:29:11.255273+00:00,2026-07-25 02:56:34.423623+00:00,2026-07-25 02:01:44.072941+00:00,security_metrics,ml_engine,a12aafb3,-0.5,0.10809808162540535,1,1.880347372207325e-05,Stage 2 - ICS Impact,Damage to Property,T0828,Loss of Safety,Modbus,Level 2
_result,1,2026-07-24 20:29:11.255273+00:00,2026-07-25 02:56:34.423623+00:00,2026-07-25 02:02:00.820725+00:00,security_metrics,ml_engine,a12aafb3,-0.5,0.1874107985936122,1,1.9950728528783657e-05,Stage 2 - ICS Impact,Damage to Property,T0828,Loss of Safety,Modbus,Level 2
_result,1,2026-07-24 20:29:11.255273+00:00,2026-07-25 02:56:34.423623+00:00,2026-07-25 02:02:17.549510+00:00,security_metrics,ml_engine,a12aafb3,-0.5,0.15038137398899065,1,0.00048451381735503674,Stage 2 - ICS Impact,Damage to Property,T0828,Loss of Safety,Modbus,Level 2
_result,1,2026-07-24 20:29:11.255273+00:00,2026-07-25 02:56:34.423623+00:00,2026-07-25 02:02:34.387904+00:00,security_metrics,ml_engine,a12aafb3,-0.5,0.15728645114119055,1,1.8845486920326948e-05,Stage 2 - ICS Impact,Damage to Property,T0828,Loss of Safety,Modbus,Level 2
_result,1,2026-07-24 20:29:11.255273+00:00,2026-07-25 02:56:34.423623+00:00,2026-07-25 02:02:51.128716+00:00,security_metrics,ml_engine,a12aafb3,-0.5,0.1577466879740987,1,2.310422496520914e-05,Stage 2 - ICS Impact,Damage to Property,T0828,Loss of Safety,Modbus,Level 2
_result,1,2026-07-24 20:29:11.255273+00:00,2026-07-25 02:56:34.423623+00:00,2026-07-25 02:03:07.874260+00:00,security_metrics,ml_engine,a12aafb3,-0.5,0.11355315431452573,1,1.8564216588856652e-05,Stage 2 - ICS Impact,Damage to Property,T0828,Loss of Safety,Modbus,Level 2
_result,1,2026-07-24 20:29:11.255273+00:00,2026-07-25 02:56:34.423623+00:00,2026-07-25 02:03:24.729662+00:00,security_metrics,ml_engine,a12aafb3,-0.5,0.02631499426137973,1,0.004752053879201412,Stage 2 - ICS Impact,Damage to Property,T0828,Loss of Safety,Modbus,Level 2
_result,1,2026-07-24 20:29:11.255273+00:00,2026-07-25 02:56:34.423623+00:00,2026-07-25 02:03:41.469935+00:00,security_metrics,ml_engine,a12aafb3,-0.5,0.1338193859058759,1,2.0531078916974366e-05,Stage 2 - ICS Impact,Damage to Property,T0828,Loss of Safety,Modbus,Level 2
_result,1,2026-07-24 20:29:11.255273+00:00,2026-07-25 02:56:34.423623+00:00,2026-07-25 02:03:58.219504+00:00,security_metrics,ml_engine,a12aafb3,-0.5,0.16992755744086546,1,2.0231127564329654e-05,Stage 2 - ICS Impact,Damage to Property,T0828,Loss of Safety,Modbus,Level 2
_result,1,2026-07-24 20:29:11.255273+00:00,2026-07-25 02:56:34.423623+00:00,2026-07-25 02:04:15.040332+00:00,security_metrics,ml_engine,a12aafb3,-0.5,0.0698338970862995,1,2.002350811380893e-05,Stage 2 - ICS Impact,Damage to Property,T0828,Loss of Safety,Modbus,Level 2
_result,1,2026-07-24 20:29:11.255273+00:00,2026-07-25 02:56:34.423623+00:00,2026-07-25 02:04:31.737491+00:00,security_metrics,ml_engine,a12aafb3,-0.5,0.1353316534696471,1,1.9379524019313976e-05,Stage 2 - ICS Impact,Damage to Property,T0828,Loss of Safety,Modbus,Level 2
_result,1,2026-07-24 20:29:11.255273+00:00,2026-07-25 02:56:34.423623+00:00,2026-07-25 02:04:48.433459+00:00,security_metrics,ml_engine,a12aafb3,-0.5,0.1865115754843859,1,1.8584400095278397e-05,Stage 2 - ICS Impact,Damage to Property,T0828,Loss of Safety,Modbus,Level 2
_result,1,2026-07-24 20:29:11.255273+00:00,2026-07-25 02:56:34.423623+00:00,2026-07-25 02:05:05.230455+00:00,security_metrics,ml_engine,a12aafb3,-0.5,0.12755023901275803,1,2.001838765863795e-05,Stage 2 - ICS Impact,Damage to Property,T0828,Loss of Safety,Modbus,Level 2
_result,1,2026-07-24 20:29:11.255273+00:00,2026-07-25 02:56:34.423623+00:00,2026-07-25 02:05:21.949540+00:00,security_metrics,ml_engine,a12aafb3,-0.5,0.09308479506615708,1,1.9526452888385393e-05,Stage 2 - ICS Impact,Damage to Property,T0828,Loss of Safety,Modbus,Level 2
_result,1,2026-07-24 20:29:11.255273+00:00,2026-07-25 02:56:34.423623+00:00,2026-07-25 02:05:38.656054+00:00,security_metrics,ml_engine,a12aafb3,-0.5,0.1482241874484364,1,0.04003480449318886,Stage 2 - ICS Impact,Damage to Property,T0828,Loss of Safety,Modbus,Level 2
_result,1,2026-07-24 20:29:11.255273+00:00,2026-07-25 02:56:34.423623+00:00,2026-07-25 02:05:55.444677+00:00,security_metrics,ml_engine,a12aafb3,-0.5,0.1383477197182268,1,1.9573817553464323e-05,Stage 2 - ICS Impact,Damage to Property,T0828,Loss of Safety,Modbus,Level 2
_result,1,2026-07-24 20:29:11.255273+00:00,2026-07-25 02:56:34.423623+00:00,2026-07-25 02:06:12.195309+00:00,security_metrics,ml_engine,a12aafb3,-0.5,0.17022941265887992,1,2.186418896599207e-05,Stage 2 - ICS Impact,Damage to Property,T0828,Loss of Safety,Modbus,Level 2
_result,1,2026-07-24 20:29:11.255273+00:00,2026-07-25 02:56:34.423623+00:00,2026-07-25 02:06:28.946047+00:00,security_metrics,ml_engine,a12aafb3,-0.5,0.12599038290991532,1,1.70318890013732e-05,Stage 2 - ICS Impact,Damage to Property,T0828,Loss of Safety,Modbus,Level 2
_result,1,2026-07-24 20:29:11.255273+00:00,2026-07-25 02:56:34.423623+00:00,2026-07-25 02:06:45.735961+00:00,security_metrics,ml_engine,a12aafb3,-0.5,0.12494993916659214,1,1.93076666619163e-05,Stage 2 - ICS Impact,Damage to Property,T0828,Loss of Safety,Modbus,Level 2
_result,1,2026-07-24 20:29:11.255273+00:00,2026-07-25 02:56:34.423623+00:00,2026-07-25 02:07:02.581705+00:00,security_metrics,ml_engine,a12aafb3,-0.5,0.07282080138687563,1,2.2715996237820946e-05,Stage 2 - ICS Impact,Damage to Property,T0828,Loss of Safety,Modbus,Level 2
_result,1,2026-07-24 20:29:11.255273+00:00,2026-07-25 02:56:34.423623+00:00,2026-07-25 02:07:19.321564+00:00,security_metrics,ml_engine,a12aafb3,-0.5,0.11392753657793525,1,2.6989127945853397e-05,Stage 2 - ICS Impact,Damage to Property,T0828,Loss of Safety,Modbus,Level 2
_result,1,2026-07-24 20:29:11.255273+00:00,2026-07-25 02:56:34.423623+00:00,2026-07-25 02:07:36.089109+00:00,security_metrics,ml_engine,a12aafb3,-0.5,0.077926863533475,1,1.9693781723617576e-05,Stage 2 - ICS Impact,Damage to Property,T0828,Loss of Safety,Modbus,Level 2
_result,1,2026-07-24 20:29:11.255273+00:00,2026-07-25 02:56:34.423623+00:00,2026-07-25 02:07:52.918953+00:00,security_metrics,ml_engine,a12aafb3,-0.5,0.15575543196054237,1,2.5034398277057335e-05,Stage 2 - ICS Impact,Damage to Property,T0828,Loss of Safety,Modbus,Level 2
_result,1,2026-07-24 20:29:11.255273+00:00,2026-07-25 02:56:34.423623+00:00,2026-07-25 02:08:09.668072+00:00,security_metrics,ml_engine,a12aafb3,-0.5,0.17583428281798186,1,1.934175998030696e-05,Stage 2 - ICS Impact,Damage to Property,T0828,Loss of Safety,Modbus,Level 2
_result,1,2026-07-24 20:29:11.255273+00:00,2026-07-25 02:56:34.423623+00:00,2026-07-25 02:08:26.418090+00:00,security_metrics,ml_engine,a12aafb3,-0.5,0.15053717371315672,1,2.1090283553348854e-05,Stage 2 - ICS Impact,Damage to Property,T0828,Loss of Safety,Modbus,Level 2
_result,1,2026-07-24 20:29:11.255273+00:00,2026-07-25 02:56:34.423623+00:00,2026-07-25 02:08:43.276883+00:00,security_metrics,ml_engine,a12aafb3,-0.5,0.09239577612123484,1,1.9633798729046248e-05,Stage 2 - ICS Impact,Damage to Property,T0828,Loss of Safety,Modbus,Level 2
_result,1,2026-07-24 20:29:11.255273+00:00,2026-07-25 02:56:34.423623+00:00,2026-07-25 02:09:00.005272+00:00,security_metrics,ml_engine,a12aafb3,-0.5,-0.0036377510762206633,1,2.1018335246481e-05,Stage 2 - ICS Impact,Damage to Property,T0828,Loss of Safety,Modbus,Level 2
_result,1,2026-07-24 20:29:11.255273+00:00,2026-07-25 02:56:34.423623+00:00,2026-07-25 02:09:16.742569+00:00,security_metrics,ml_engine,a12aafb3,-0.5,0.14884998730568022,1,1.6834213965921663e-05,Stage 2 - ICS Impact,Damage to Property,T0828,Loss of Safety,Modbus,Level 2
_result,1,2026-07-24 20:29:11.255273+00:00,2026-07-25 02:56:34.423623+00:00,2026-07-25 02:09:33.590285+00:00,security_metrics,ml_engine,a12aafb3,-0.5,0.12975180858219565,1,0.0007358224829658866,Stage 2 - ICS Impact,Damage to Property,T0828,Loss of Safety,Modbus,Level 2
_result,1,2026-07-24 20:29:11.255273+00:00,2026-07-25 02:56:34.423623+00:00,2026-07-25 02:09:50.323871+00:00,security_metrics,ml_engine,a12aafb3,-0.5,0.07097841965965612,1,2.4523613319615833e-05,Stage 2 - ICS Impact,Damage to Property,T0828,Loss of Safety,Modbus,Level 2
_result,1,2026-07-24 20:29:11.255273+00:00,2026-07-25 02:56:34.423623+00:00,2026-07-25 02:10:07.054705+00:00,security_metrics,ml_engine,a12aafb3,-0.5,0.12690485064140966,1,1.927340417751111e-05,Stage 2 - ICS Impact,Damage to Property,T0828,Loss of Safety,Modbus,Level 2
_result,1,2026-07-24 20:29:11.255273+00:00,2026-07-25 02:56:34.423623+00:00,2026-07-25 02:10:23.791998+00:00,security_metrics,ml_engine,a12aafb3,-0.5,0.14583011408220853,1,1.7923692212207243e-05,Stage 2 - ICS Impact,Damage to Property,T0828,Loss of Safety,Modbus,Level 2
_result,1,2026-07-24 20:29:11.255273+00:00,2026-07-25 02:56:34.423623+00:00,2026-07-25 02:10:40.621266+00:00,security_metrics,ml_engine,a12aafb3,-0.5,0.14442240244533078,1,2.0148952899035066e-05,Stage 2 - ICS Impact,Damage to Property,T0828,Loss of Safety,Modbus,Level 2
_result,1,2026-07-24 20:29:11.255273+00:00,2026-07-25 02:56:34.423623+00:00,2026-07-25 02:10:57.350527+00:00,security_metrics,ml_engine,a12aafb3,-0.5,0.12704430455807397,1,2.106482679664623e-05,Stage 2 - ICS Impact,Damage to Property,T0828,Loss of Safety,Modbus,Level 2
_result,1,2026-07-24 20:29:11.255273+00:00,2026-07-25 02:56:34.423623+00:00,2026-07-25 02:11:14.082244+00:00,security_metrics,ml_engine,a12aafb3,-0.5,0.12975180858219565,1,1.884444645838812e-05,Stage 2 - ICS Impact,Damage to Property,T0828,Loss of Safety,Modbus,Level 2
_result,1,2026-07-24 20:29:11.255273+00:00,2026-07-25 02:56:34.423623+00:00,2026-07-25 02:11:30.934920+00:00,security_metrics,ml_engine,a12aafb3,-0.5,0.12460999463833572,1,2.149311148968991e-05,Stage 2 - ICS Impact,Damage to Property,T0828,Loss of Safety,Modbus,Level 2
_result,1,2026-07-24 20:29:11.255273+00:00,2026-07-25 02:56:34.423623+00:00,2026-07-25 02:11:47.670439+00:00,security_metrics,ml_engine,a12aafb3,-0.5,0.0876232470024475,1,2.083359686366748e-05,Stage 2 - ICS Impact,Damage to Property,T0828,Loss of Safety,Modbus,Level 2
_result,1,2026-07-24 20:29:11.255273+00:00,2026-07-25 02:56:34.423623+00:00,2026-07-25 02:12:04.397119+00:00,security_metrics,ml_engine,a12aafb3,-0.5,-0.008467601826183557,1,2.818549910443835e-05,Stage 2 - ICS Impact,Damage to Property,T0828,Loss of Safety,Modbus,Level 2
_result,1,2026-07-24 20:29:11.255273+00:00,2026-07-25 02:56:34.423623+00:00,2026-07-25 02:12:21.224264+00:00,security_metrics,ml_engine,a12aafb3,-0.5,0.10037709107906656,1,2.182575008191634e-05,Stage 2 - ICS Impact,Damage to Property,T0828,Loss of Safety,Modbus,Level 2
_result,1,2026-07-24 20:29:11.255273+00:00,2026-07-25 02:56:34.423623+00:00,2026-07-25 02:12:37.968913+00:00,security_metrics,ml_engine,a12aafb3,-0.5,0.0217732259889849,1,0.023932522162795067,Stage 2 - ICS Impact,Damage to Property,T0828,Loss of Safety,Modbus,Level 2
_result,1,2026-07-24 20:29:11.255273+00:00,2026-07-25 02:56:34.423623+00:00,2026-07-25 02:12:54.712560+00:00,security_metrics,ml_engine,a12aafb3,-0.5,0.1383477197182268,1,1.9062868886976503e-05,Stage 2 - ICS Impact,Damage to Property,T0828,Loss of Safety,Modbus,Level 2
_result,1,2026-07-24 20:29:11.255273+00:00,2026-07-25 02:56:34.423623+00:00,2026-07-25 02:13:11.555706+00:00,security_metrics,ml_engine,a12aafb3,-0.5,0.026905337695482534,1,2.2017471565050073e-05,Stage 2 - ICS Impact,Damage to Property,T0828,Loss of Safety,Modbus,Level 2
_result,1,2026-07-24 20:29:11.255273+00:00,2026-07-25 02:56:34.423623+00:00,2026-07-25 02:13:28.274280+00:00,security_metrics,ml_engine,a12aafb3,-0.5,0.16970016827273487,1,1.9467481251922436e-05,Stage 2 - ICS Impact,Damage to Property,T0828,Loss of Safety,Modbus,Level 2
_result,1,2026-07-24 20:29:11.255273+00:00,2026-07-25 02:56:34.423623+00:00,2026-07-25 02:13:44.987361+00:00,security_metrics,ml_engine,a12aafb3,-0.5,0.1406529418465141,1,1.8908483980339952e-05,Stage 2 - ICS Impact,Damage to Property,T0828,Loss of Safety,Modbus,Level 2
_result,1,2026-07-24 20:29:11.255273+00:00,2026-07-25 02:56:34.423623+00:00,2026-07-25 02:14:01.817671+00:00,security_metrics,ml_engine,a12aafb3,-0.5,0.17742238754558864,1,2.5602765163057484e-05,Stage 2 - ICS Impact,Damage to Property,T0828,Loss of Safety,Modbus,Level 2
_result,1,2026-07-24 20:29:11.255273+00:00,2026-07-25 02:56:34.423623+00:00,2026-07-25 02:14:18.551392+00:00,security_metrics,ml_engine,a12aafb3,-0.5,0.11281153249690629,1,2.0107570890104398e-05,Stage 2 - ICS Impact,Damage to Property,T0828,Loss of Safety,Modbus,Level 2
_result,1,2026-07-24 20:29:11.255273+00:00,2026-07-25 02:56:34.423623+00:00,2026-07-25 02:14:35.298206+00:00,security_metrics,ml_engine,a12aafb3,-0.5,0.19673273447291417,1,1.9213135601603426e-05,Stage 2 - ICS Impact,Damage to Property,T0828,Loss of Safety,Modbus,Level 2
_result,1,2026-07-24 20:29:11.255273+00:00,2026-07-25 02:56:34.423623+00:00,2026-07-25 02:14:52.041902+00:00,security_metrics,ml_engine,a12aafb3,-0.5,0.14772755594345582,1,2.0049530576216057e-05,Stage 2 - ICS Impact,Damage to Property,T0828,Loss of Safety,Modbus,Level 2
_result,1,2026-07-24 20:29:11.255273+00:00,2026-07-25 02:56:34.423623+00:00,2026-07-25 02:15:08.893359+00:00,security_metrics,ml_engine,a12aafb3,-0.5,0.11281153249690629,1,2.1447227481985465e-05,Stage 2 - ICS Impact,Damage to Property,T0828,Loss of Safety,Modbus,Level 2
_result,1,2026-07-24 20:29:11.255273+00:00,2026-07-25 02:56:34.423623+00:00,2026-07-25 02:15:25.627728+00:00,security_metrics,ml_engine,a12aafb3,-0.5,0.08895842460920245,1,2.016577491303906e-05,Stage 2 - ICS Impact,Damage to Property,T0828,Loss of Safety,Modbus,Level 2
_result,1,2026-07-24 20:29:11.255273+00:00,2026-07-25 02:56:34.423623+00:00,2026-07-25 02:15:42.374336+00:00,security_metrics,ml_engine,a12aafb3,-0.5,0.05816748295940677,1,2.0240484445821494e-05,Stage 2 - ICS Impact,Damage to Property,T0828,Loss of Safety,Modbus,Level 2
_result,1,2026-07-24 20:29:11.255273+00:00,2026-07-25 02:56:34.423623+00:00,2026-07-25 02:15:59.212253+00:00,security_metrics,ml_engine,a12aafb3,-0.5,0.16055382091040876,1,2.2306307073449716e-05,Stage 2 - ICS Impact,Damage to Property,T0828,Loss of Safety,Modbus,Level 2
_result,1,2026-07-24 20:29:11.255273+00:00,2026-07-25 02:56:34.423623+00:00,2026-07-25 02:16:15.943791+00:00,security_metrics,ml_engine,a12aafb3,-0.5,0.2013037548953589,1,2.0210376533214003e-05,Stage 2 - ICS Impact,Damage to Property,T0828,Loss of Safety,Modbus,Level 2
_result,1,2026-07-24 20:29:11.255273+00:00,2026-07-25 02:56:34.423623+00:00,2026-07-25 02:16:32.693139+00:00,security_metrics,ml_engine,a12aafb3,-0.5,0.11724525198805696,1,2.0557476091198623e-05,Stage 2 - ICS Impact,Damage to Property,T0828,Loss of Safety,Modbus,Level 2
_result,1,2026-07-24 20:29:11.255273+00:00,2026-07-25 02:56:34.423623+00:00,2026-07-25 02:16:49.515784+00:00,security_metrics,ml_engine,a12aafb3,-0.5,0.077926863533475,1,2.6251009330735542e-05,Stage 2 - ICS Impact,Damage to Property,T0828,Loss of Safety,Modbus,Level 2
_result,1,2026-07-24 20:29:11.255273+00:00,2026-07-25 02:56:34.423623+00:00,2026-07-25 02:17:06.234489+00:00,security_metrics,ml_engine,a12aafb3,-0.5,0.11281153249690629,1,1.9463675926090218e-05,Stage 2 - ICS Impact,Damage to Property,T0828,Loss of Safety,Modbus,Level 2
_result,1,2026-07-24 20:29:11.255273+00:00,2026-07-25 02:56:34.423623+00:00,2026-07-25 02:17:22.947169+00:00,security_metrics,ml_engine,a12aafb3,-0.5,0.08609865859067867,1,1.9722636352526024e-05,Stage 2 - ICS Impact,Damage to Property,T0828,Loss of Safety,Modbus,Level 2
_result,1,2026-07-24 20:29:11.255273+00:00,2026-07-25 02:56:34.423623+00:00,2026-07-25 02:17:39.780866+00:00,security_metrics,ml_engine,a12aafb3,-0.5,0.14460011643747578,1,1.954061008291319e-05,Stage 2 - ICS Impact,Damage to Property,T0828,Loss of Safety,Modbus,Level 2
_result,1,2026-07-24 20:29:11.255273+00:00,2026-07-25 02:56:34.423623+00:00,2026-07-25 02:17:56.495504+00:00,security_metrics,ml_engine,a12aafb3,-0.5,0.09204477297338842,1,2.0332290660007857e-05,Stage 2 - ICS Impact,Damage to Property,T0828,Loss of Safety,Modbus,Level 2
_result,1,2026-07-24 20:29:11.255273+00:00,2026-07-25 02:56:34.423623+00:00,2026-07-25 02:18:13.209176+00:00,security_metrics,ml_engine,a12aafb3,-0.5,0.14539208631121153,1,2.2786487534176558e-05,Stage 2 - ICS Impact,Damage to Property,T0828,Loss of Safety,Modbus,Level 2
_result,1,2026-07-24 20:29:11.255273+00:00,2026-07-25 02:56:34.423623+00:00,2026-07-25 02:18:29.935396+00:00,security_metrics,ml_engine,a12aafb3,-0.5,0.17292803608071883,1,1.9509747289703228e-05,Stage 2 - ICS Impact,Damage to Property,T0828,Loss of Safety,Modbus,Level 2
_result,1,2026-07-24 20:29:11.255273+00:00,2026-07-25 02:56:34.423623+00:00,2026-07-25 02:18:46.774534+00:00,security_metrics,ml_engine,a12aafb3,-0.5,0.18316828810855168,1,1.9625354980234988e-05,Stage 2 - ICS Impact,Damage to Property,T0828,Loss of Safety,Modbus,Level 2
_result,1,2026-07-24 20:29:11.255273+00:00,2026-07-25 02:56:34.423623+00:00,2026-07-25 02:19:03.528692+00:00,security_metrics,ml_engine,a12aafb3,-0.5,0.19407546746938914,1,2.430816675769165e-05,Stage 2 - ICS Impact,Damage to Property,T0828,Loss of Safety,Modbus,Level 2
_result,1,2026-07-24 20:29:11.255273+00:00,2026-07-25 02:56:34.423623+00:00,2026-07-25 02:19:53.853296+00:00,security_metrics,ml_engine,a12aafb3,-0.5,0.11881248748886225,1,2.1063728127046488e-05,Stage 2 - ICS Impact,Damage to Property,T0828,Loss of Safety,Modbus,Level 2
_result,1,2026-07-24 20:29:11.255273+00:00,2026-07-25 02:56:34.423623+00:00,2026-07-25 02:20:10.552409+00:00,security_metrics,ml_engine,a12aafb3,-0.5,0.12070160192753188,1,0.0006121304468251765,Stage 2 - ICS Impact,Damage to Property,T0828,Loss of Safety,Modbus,Level 2
_result,1,2026-07-24 20:29:11.255273+00:00,2026-07-25 02:56:34.423623+00:00,2026-07-25 02:20:27.365714+00:00,security_metrics,ml_engine,a12aafb3,-0.5,0.1019384313029027,1,2.0132531062699854e-05,Stage 2 - ICS Impact,Damage to Property,T0828,Loss of Safety,Modbus,Level 2
_result,1,2026-07-24 20:29:11.255273+00:00,2026-07-25 02:56:34.423623+00:00,2026-07-25 02:20:44.067218+00:00,security_metrics,ml_engine,a12aafb3,-0.5,0.09728352415675212,1,1.9225784853915684e-05,Stage 2 - ICS Impact,Damage to Property,T0828,Loss of Safety,Modbus,Level 2
_result,1,2026-07-24 20:29:11.255273+00:00,2026-07-25 02:56:34.423623+00:00,2026-07-25 02:21:00.751101+00:00,security_metrics,ml_engine,a12aafb3,-0.5,0.10122250718347481,1,2.210983984696213e-05,Stage 2 - ICS Impact,Damage to Property,T0828,Loss of Safety,Modbus,Level 2
_result,1,2026-07-24 20:29:11.255273+00:00,2026-07-25 02:56:34.423623+00:00,2026-07-25 02:21:17.430606+00:00,security_metrics,ml_engine,a12aafb3,-0.5,0.10903646793311761,1,1.9954535673605278e-05,Stage 2 - ICS Impact,Damage to Property,T0828,Loss of Safety,Modbus,Level 2
_result,1,2026-07-24 20:29:11.255273+00:00,2026-07-25 02:56:34.423623+00:00,2026-07-25 02:21:34.280613+00:00,security_metrics,ml_engine,a12aafb3,-0.5,0.10374425136736731,1,2.0080558897461742e-05,Stage 2 - ICS Impact,Damage to Property,T0828,Loss of Safety,Modbus,Level 2
_result,1,2026-07-24 20:29:11.255273+00:00,2026-07-25 02:56:34.423623+00:00,2026-07-25 02:21:51.050596+00:00,security_metrics,ml_engine,a12aafb3,-0.5,0.13509218365434544,1,2.1619787730742246e-05,Stage 2 - ICS Impact,Damage to Property,T0828,Loss of Safety,Modbus,Level 2
_result,1,2026-07-24 20:29:11.255273+00:00,2026-07-25 02:56:34.423623+00:00,2026-07-25 02:22:07.794379+00:00,security_metrics,ml_engine,a12aafb3,-0.5,0.16300450357672602,1,2.1144389393157326e-05,Stage 2 - ICS Impact,Damage to Property,T0828,Loss of Safety,Modbus,Level 2
_result,1,2026-07-24 20:29:11.255273+00:00,2026-07-25 02:56:34.423623+00:00,2026-07-25 02:22:24.643160+00:00,security_metrics,ml_engine,a12aafb3,-0.5,0.07230136617165095,1,2.2697835447615944e-05,Stage 2 - ICS Impact,Damage to Property,T0828,Loss of Safety,Modbus,Level 2
_result,1,2026-07-24 20:29:11.255273+00:00,2026-07-25 02:56:34.423623+00:00,2026-07-25 02:22:41.380928+00:00,security_metrics,ml_engine,a12aafb3,-0.5,0.07512271283556882,1,1.8732449461822398e-05,Stage 2 - ICS Impact,Damage to Property,T0828,Loss of Safety,Modbus,Level 2
_result,1,2026-07-24 20:29:11.255273+00:00,2026-07-25 02:56:34.423623+00:00,2026-07-25 02:22:58.136872+00:00,security_metrics,ml_engine,a12aafb3,-0.5,0.15268057322650486,1,1.850844273576513e-05,Stage 2 - ICS Impact,Damage to Property,T0828,Loss of Safety,Modbus,Level 2
_result,1,2026-07-24 20:29:11.255273+00:00,2026-07-25 02:56:34.423623+00:00,2026-07-25 02:23:14.982210+00:00,security_metrics,ml_engine,a12aafb3,-0.5,0.03229397530354372,1,0.005456528626382351,Stage 2 - ICS Impact,Damage to Property,T0828,Loss of Safety,Modbus,Level 2
_result,1,2026-07-24 20:29:11.255273+00:00,2026-07-25 02:56:34.423623+00:00,2026-07-25 02:23:31.752655+00:00,security_metrics,ml_engine,a12aafb3,-0.5,0.11968292491567067,1,2.2070678824093193e-05,Stage 2 - ICS Impact,Damage to Property,T0828,Loss of Safety,Modbus,Level 2
_result,1,2026-07-24 20:29:11.255273+00:00,2026-07-25 02:56:34.423623+00:00,2026-07-25 02:23:48.477411+00:00,security_metrics,ml_engine,a12aafb3,-0.5,0.1216464881310989,1,2.012659388128668e-05,Stage 2 - ICS Impact,Damage to Property,T0828,Loss of Safety,Modbus,Level 2
_result,1,2026-07-24 20:29:11.255273+00:00,2026-07-25 02:56:34.423623+00:00,2026-07-25 02:24:05.327624+00:00,security_metrics,ml_engine,a12aafb3,-0.5,0.16987749558175913,1,1.99024270841619e-05,Stage 2 - ICS Impact,Damage to Property,T0828,Loss of Safety,Modbus,Level 2
_result,1,2026-07-24 20:29:11.255273+00:00,2026-07-25 02:56:34.423623+00:00,2026-07-25 02:24:22.069544+00:00,security_metrics,ml_engine,a12aafb3,-0.5,0.19799393981106528,1,1.9060596969211474e-05,Stage 2 - ICS Impact,Damage to Property,T0828,Loss of Safety,Modbus,Level 2
_result,1,2026-07-24 20:29:11.255273+00:00,2026-07-25 02:56:34.423623+00:00,2026-07-25 02:24:38.802753+00:00,security_metrics,ml_engine,a12aafb3,-0.5,0.1373638688339151,1,0.0007147919968701899,Stage 2 - ICS Impact,Damage to Property,T0828,Loss of Safety,Modbus,Level 2
_result,1,2026-07-24 20:29:11.255273+00:00,2026-07-25 02:56:34.423623+00:00,2026-07-25 02:24:55.560198+00:00,security_metrics,ml_engine,a12aafb3,-0.5,0.11281153249690629,1,1.8366859876550734e-05,Stage 2 - ICS Impact,Damage to Property,T0828,Loss of Safety,Modbus,Level 2
_result,1,2026-07-24 20:29:11.255273+00:00,2026-07-25 02:56:34.423623+00:00,2026-07-25 02:25:12.403069+00:00,security_metrics,ml_engine,a12aafb3,-0.5,0.032205651066242735,1,2.4024628146435134e-05,Stage 2 - ICS Impact,Damage to Property,T0828,Loss of Safety,Modbus,Level 2
_result,1,2026-07-24 20:29:11.255273+00:00,2026-07-25 02:56:34.423623+00:00,2026-07-25 02:25:29.128721+00:00,security_metrics,ml_engine,a12aafb3,-0.5,0.06670521410925734,1,1.7811113139032386e-05,Stage 2 - ICS Impact,Damage to Property,T0828,Loss of Safety,Modbus,Level 2
_result,1,2026-07-24 20:29:11.255273+00:00,2026-07-25 02:56:34.423623+00:00,2026-07-25 02:25:45.869124+00:00,security_metrics,ml_engine,a12aafb3,-0.5,0.0698338970862995,1,1.8312621250515804e-05,Stage 2 - ICS Impact,Damage to Property,T0828,Loss of Safety,Modbus,Level 2
_result,1,2026-07-24 20:29:11.255273+00:00,2026-07-25 02:56:34.423623+00:00,2026-07-25 02:26:02.742735+00:00,security_metrics,ml_engine,a12aafb3,-0.5,0.09107942193101448,1,0.0007214538636617362,Stage 2 - ICS Impact,Damage to Property,T0828,Loss of Safety,Modbus,Level 2
_result,1,2026-07-24 20:29:11.255273+00:00,2026-07-25 02:56:34.423623+00:00,2026-07-25 02:26:19.480576+00:00,security_metrics,ml_engine,a12aafb3,-0.5,0.15243582590186505,1,2.2077281755628064e-05,Stage 2 - ICS Impact,Damage to Property,T0828,Loss of Safety,Modbus,Level 2
_result,1,2026-07-24 20:29:11.255273+00:00,2026-07-25 02:56:34.423623+00:00,2026-07-25 02:26:36.250491+00:00,security_metrics,ml_engine,a12aafb3,-0.5,0.053600010639791695,1,0.08276514708995819,Stage 2 - ICS Impact,Damage to Property,T0828,Loss of Safety,Modbus,Level 2
_result,1,2026-07-24 20:29:11.255273+00:00,2026-07-25 02:56:34.423623+00:00,2026-07-25 02:26:53.098198+00:00,security_metrics,ml_engine,a12aafb3,-0.5,0.004523070800649953,1,0.05118159204721451,Stage 2 - ICS Impact,Damage to Property,T0828,Loss of Safety,Modbus,Level 2
_result,1,2026-07-24 20:29:11.255273+00:00,2026-07-25 02:56:34.423623+00:00,2026-07-25 02:27:09.837834+00:00,security_metrics,ml_engine,a12aafb3,-0.5,0.09204477297338842,1,1.8534050468588248e-05,Stage 2 - ICS Impact,Damage to Property,T0828,Loss of Safety,Modbus,Level 2
_result,1,2026-07-24 20:29:11.255273+00:00,2026-07-25 02:56:34.423623+00:00,2026-07-25 02:27:26.590119+00:00,security_metrics,ml_engine,a12aafb3,-0.5,0.15800402825414694,1,1.9107532352791168e-05,Stage 2 - ICS Impact,Damage to Property,T0828,Loss of Safety,Modbus,Level 2
_result,1,2026-07-24 20:29:11.255273+00:00,2026-07-25 02:56:34.423623+00:00,2026-07-25 02:27:43.471493+00:00,security_metrics,ml_engine,a12aafb3,-0.5,0.15157210451482694,1,4.043927401653491e-05,Stage 2 - ICS Impact,Damage to Property,T0828,Loss of Safety,Modbus,Level 2
_result,1,2026-07-24 20:29:11.255273+00:00,2026-07-25 02:56:34.423623+00:00,2026-07-25 02:28:00.208251+00:00,security_metrics,ml_engine,a12aafb3,-0.5,0.12599038290991532,1,1.9391558453207836e-05,Stage 2 - ICS Impact,Damage to Property,T0828,Loss of Safety,Modbus,Level 2
_result,1,2026-07-24 20:29:11.255273+00:00,2026-07-25 02:56:34.423623+00:00,2026-07-25 02:28:16.950646+00:00,security_metrics,ml_engine,a12aafb3,-0.5,0.14884998730568022,1,1.7890437447931617e-05,Stage 2 - ICS Impact,Damage to Property,T0828,Loss of Safety,Modbus,Level 2
_result,1,2026-07-24 20:29:11.255273+00:00,2026-07-25 02:56:34.423623+00:00,2026-07-25 02:28:33.715114+00:00,security_metrics,ml_engine,a12aafb3,-0.5,0.16178799573731162,1,2.0881872842437588e-05,Stage 2 - ICS Impact,Damage to Property,T0828,Loss of Safety,Modbus,Level 2
_result,1,2026-07-24 20:29:11.255273+00:00,2026-07-25 02:56:34.423623+00:00,2026-07-25 02:28:50.566713+00:00,security_metrics,ml_engine,a12aafb3,-0.5,0.1425485889894771,1,2.554479033278767e-05,Stage 2 - ICS Impact,Damage to Property,T0828,Loss of Safety,Modbus,Level 2
_result,1,2026-07-24 20:29:11.255273+00:00,2026-07-25 02:56:34.423623+00:00,2026-07-25 02:29:07.311162+00:00,security_metrics,ml_engine,a12aafb3,-0.5,0.1428571031765306,1,1.7764010408427566e-05,Stage 2 - ICS Impact,Damage to Property,T0828,Loss of Safety,Modbus,Level 2
_result,1,2026-07-24 20:29:11.255273+00:00,2026-07-25 02:56:34.423623+00:00,2026-07-25 02:29:24.064742+00:00,security_metrics,ml_engine,a12aafb3,-0.5,0.077926863533475,1,1.812333175621461e-05,Stage 2 - ICS Impact,Damage to Property,T0828,Loss of Safety,Modbus,Level 2
_result,1,2026-07-24 20:29:11.255273+00:00,2026-07-25 02:56:34.423623+00:00,2026-07-25 02:29:40.945651+00:00,security_metrics,ml_engine,a12aafb3,-0.5,0.0954777198558826,1,1.783677544153761e-05,Stage 2 - ICS Impact,Damage to Property,T0828,Loss of Safety,Modbus,Level 2
_result,1,2026-07-24 20:29:11.255273+00:00,2026-07-25 02:56:34.423623+00:00,2026-07-25 02:29:57.680439+00:00,security_metrics,ml_engine,a12aafb3,-0.5,0.1268029138276256,1,1.7159225535579026e-05,Stage 2 - ICS Impact,Damage to Property,T0828,Loss of Safety,Modbus,Level 2
_result,1,2026-07-24 20:29:11.255273+00:00,2026-07-25 02:56:34.423623+00:00,2026-07-25 02:30:14.425885+00:00,security_metrics,ml_engine,a12aafb3,-0.5,0.1682812138093227,1,2.0043831682414748e-05,Stage 2 - ICS Impact,Damage to Property,T0828,Loss of Safety,Modbus,Level 2
_result,1,2026-07-24 20:29:11.255273+00:00,2026-07-25 02:56:34.423623+00:00,2026-07-25 02:30:31.265649+00:00,security_metrics,ml_engine,a12aafb3,-0.5,0.15104340208330058,1,1.7649223082116805e-05,Stage 2 - ICS Impact,Damage to Property,T0828,Loss of Safety,Modbus,Level 2
_result,1,2026-07-24 20:29:11.255273+00:00,2026-07-25 02:56:34.423623+00:00,2026-07-25 02:30:48.017763+00:00,security_metrics,ml_engine,a12aafb3,-0.5,0.1546829382825718,1,1.7933931303559802e-05,Stage 2 - ICS Impact,Damage to Property,T0828,Loss of Safety,Modbus,Level 2
_result,1,2026-07-24 20:29:11.255273+00:00,2026-07-25 02:56:34.423623+00:00,2026-07-25 02:31:04.738415+00:00,security_metrics,ml_engine,a12aafb3,-0.5,0.14570285326340005,1,1.9649560272227973e-05,Stage 2 - ICS Impact,Damage to Property,T0828,Loss of Safety,Modbus,Level 2
_result,1,2026-07-24 20:29:11.255273+00:00,2026-07-25 02:56:34.423623+00:00,2026-07-25 02:31:21.588814+00:00,security_metrics,ml_engine,a12aafb3,-0.5,0.2019774017026884,1,0.00037017304566688836,Stage 2 - ICS Impact,Damage to Property,T0828,Loss of Safety,Modbus,Level 2
_result,1,2026-07-24 20:29:11.255273+00:00,2026-07-25 02:56:34.423623+00:00,2026-07-25 02:31:38.303111+00:00,security_metrics,ml_engine,a12aafb3,-0.5,0.17287835744123808,1,2.1683494196622632e-05,Stage 2 - ICS Impact,Damage to Property,T0828,Loss of Safety,Modbus,Level 2
_result,1,2026-07-24 20:29:11.255273+00:00,2026-07-25 02:56:34.423623+00:00,2026-07-25 02:31:55.042213+00:00,security_metrics,ml_engine,a12aafb3,-0.5,0.08078139183625976,1,2.1540516172535717e-05,Stage 2 - ICS Impact,Damage to Property,T0828,Loss of Safety,Modbus,Level 2
_result,1,2026-07-24 20:29:11.255273+00:00,2026-07-25 02:56:34.423623+00:00,2026-07-25 02:32:11.868767+00:00,security_metrics,ml_engine,a12aafb3,-0.5,0.07294286443731457,1,1.8849759726435877e-05,Stage 2 - ICS Impact,Damage to Property,T0828,Loss of Safety,Modbus,Level 2
_result,1,2026-07-24 20:29:11.255273+00:00,2026-07-25 02:56:34.423623+00:00,2026-07-25 02:32:28.591005+00:00,security_metrics,ml_engine,a12aafb3,-0.5,0.15533959547385495,1,1.920537033583969e-05,Stage 2 - ICS Impact,Damage to Property,T0828,Loss of Safety,Modbus,Level 2
_result,1,2026-07-24 20:29:11.255273+00:00,2026-07-25 02:56:34.423623+00:00,2026-07-25 02:32:45.311194+00:00,security_metrics,ml_engine,a12aafb3,-0.5,0.16992755744086546,1,2.1789201127830893e-05,Stage 2 - ICS Impact,Damage to Property,T0828,Loss of Safety,Modbus,Level 2
_result,1,2026-07-24 20:29:11.255273+00:00,2026-07-25 02:56:34.423623+00:00,2026-07-25 02:33:02.146000+00:00,security_metrics,ml_engine,a12aafb3,-0.5,0.1010741917076049,1,2.3251664970302954e-05,Stage 2 - ICS Impact,Damage to Property,T0828,Loss of Safety,Modbus,Level 2
_result,1,2026-07-24 20:29:11.255273+00:00,2026-07-25 02:56:34.423623+00:00,2026-07-25 02:33:18.855245+00:00,security_metrics,ml_engine,a12aafb3,-0.5,0.12272504383696742,1,2.10718390007969e-05,Stage 2 - ICS Impact,Damage to Property,T0828,Loss of Safety,Modbus,Level 2
_result,1,2026-07-24 20:29:11.255273+00:00,2026-07-25 02:56:34.423623+00:00,2026-07-25 02:33:35.590848+00:00,security_metrics,ml_engine,a12aafb3,-0.5,0.1668726633379235,1,1.867635000962764e-05,Stage 2 - ICS Impact,Damage to Property,T0828,Loss of Safety,Modbus,Level 2
_result,1,2026-07-24 20:29:11.255273+00:00,2026-07-25 02:56:34.423623+00:00,2026-07-25 02:33:52.427687+00:00,security_metrics,ml_engine,a12aafb3,-0.5,0.18130813705781423,1,1.7696616851026192e-05,Stage 2 - ICS Impact,Damage to Property,T0828,Loss of Safety,Modbus,Level 2
_result,1,2026-07-24 20:29:11.255273+00:00,2026-07-25 02:56:34.423623+00:00,2026-07-25 02:34:09.152739+00:00,security_metrics,ml_engine,a12aafb3,-0.5,0.1442802789411063,1,1.9671235349960625e-05,Stage 2 - ICS Impact,Damage to Property,T0828,Loss of Safety,Modbus,Level 2
_result,1,2026-07-24 20:29:11.255273+00:00,2026-07-25 02:56:34.423623+00:00,2026-07-25 02:34:25.870832+00:00,security_metrics,ml_engine,a12aafb3,-0.5,0.17825312546344885,1,1.903720840346068e-05,Stage 2 - ICS Impact,Damage to Property,T0828,Loss of Safety,Modbus,Level 2
_result,1,2026-07-24 20:29:11.255273+00:00,2026-07-25 02:56:34.423623+00:00,2026-07-25 02:34:42.596587+00:00,security_metrics,ml_engine,a12aafb3,-0.5,0.12680743320645466,1,0.0007052257424220443,Stage 2 - ICS Impact,Damage to Property,T0828,Loss of Safety,Modbus,Level 2
_result,1,2026-07-24 20:29:11.255273+00:00,2026-07-25 02:56:34.423623+00:00,2026-07-25 02:34:59.427285+00:00,security_metrics,ml_engine,a12aafb3,-0.5,0.1705275350406849,1,0.0007181486580520868,Stage 2 - ICS Impact,Damage to Property,T0828,Loss of Safety,Modbus,Level 2
_result,1,2026-07-24 20:29:11.255273+00:00,2026-07-25 02:56:34.423623+00:00,2026-07-25 02:36:06.404600+00:00,security_metrics,ml_engine,a12aafb3,-0.5,0.10823658361071531,1,1.889451414172072e-05,Stage 2 - ICS Impact,Damage to Property,T0828,Loss of Safety,Modbus,Level 2
_result,1,2026-07-24 20:29:11.255273+00:00,2026-07-25 02:56:34.423623+00:00,2026-07-25 02:36:23.097193+00:00,security_metrics,ml_engine,a12aafb3,-0.5,0.028117437721763228,1,0.004765642341226339,Stage 2 - ICS Impact,Damage to Property,T0828,Loss of Safety,Modbus,Level 2
_result,1,2026-07-24 20:29:11.255273+00:00,2026-07-25 02:56:34.423623+00:00,2026-07-25 02:36:39.920232+00:00,security_metrics,ml_engine,a12aafb3,-0.5,0.10673462876476136,1,1.9637378500192426e-05,Stage 2 - ICS Impact,Damage to Property,T0828,Loss of Safety,Modbus,Level 2
_result,1,2026-07-24 20:29:11.255273+00:00,2026-07-25 02:56:34.423623+00:00,2026-07-25 02:36:56.642095+00:00,security_metrics,ml_engine,a12aafb3,-0.5,0.060220895462236856,1,1.9994782633148134e-05,Stage 2 - ICS Impact,Damage to Property,T0828,Loss of Safety,Modbus,Level 2
_result,1,2026-07-24 20:29:11.255273+00:00,2026-07-25 02:56:34.423623+00:00,2026-07-25 02:37:13.335910+00:00,security_metrics,ml_engine,a12aafb3,-0.5,0.06391149916819272,1,2.0322120690252632e-05,Stage 2 - ICS Impact,Damage to Property,T0828,Loss of Safety,Modbus,Level 2
_result,1,2026-07-24 20:29:11.255273+00:00,2026-07-25 02:56:34.423623+00:00,2026-07-25 02:37:30.077735+00:00,security_metrics,ml_engine,a12aafb3,-0.5,0.11736920933026351,1,0.00038242022856138647,Stage 2 - ICS Impact,Damage to Property,T0828,Loss of Safety,Modbus,Level 2
_result,1,2026-07-24 20:29:11.255273+00:00,2026-07-25 02:56:34.423623+00:00,2026-07-25 02:37:46.947981+00:00,security_metrics,ml_engine,a12aafb3,-0.5,0.03229397530354372,1,0.005144917406141758,Stage 2 - ICS Impact,Damage to Property,T0828,Loss of Safety,Modbus,Level 2
_result,1,2026-07-24 20:29:11.255273+00:00,2026-07-25 02:56:34.423623+00:00,2026-07-25 02:38:03.711846+00:00,security_metrics,ml_engine,a12aafb3,-0.5,0.08428980778494144,1,1.8596219888422638e-05,Stage 2 - ICS Impact,Damage to Property,T0828,Loss of Safety,Modbus,Level 2
_result,1,2026-07-24 20:29:11.255273+00:00,2026-07-25 02:56:34.423623+00:00,2026-07-25 02:38:20.432482+00:00,security_metrics,ml_engine,a12aafb3,-0.5,0.10937847149328139,1,2.8725271477014758e-05,Stage 2 - ICS Impact,Damage to Property,T0828,Loss of Safety,Modbus,Level 2
_result,1,2026-07-24 20:29:11.255273+00:00,2026-07-25 02:56:34.423623+00:00,2026-07-25 02:38:37.238023+00:00,security_metrics,ml_engine,a12aafb3,-0.5,0.08290614347112535,1,1.9391849491512403e-05,Stage 2 - ICS Impact,Damage to Property,T0828,Loss of Safety,Modbus,Level 2
_result,1,2026-07-24 20:29:11.255273+00:00,2026-07-25 02:56:34.423623+00:00,2026-07-25 02:38:53.953449+00:00,security_metrics,ml_engine,a12aafb3,-0.5,0.09894196549753709,1,1.943494498846121e-05,Stage 2 - ICS Impact,Damage to Property,T0828,Loss of Safety,Modbus,Level 2
_result,1,2026-07-24 20:29:11.255273+00:00,2026-07-25 02:56:34.423623+00:00,2026-07-25 02:39:10.665597+00:00,security_metrics,ml_engine,a12aafb3,-0.5,0.09757697907837015,1,2.1821828340762295e-05,Stage 2 - ICS Impact,Damage to Property,T0828,Loss of Safety,Modbus,Level 2
_result,1,2026-07-24 20:29:11.255273+00:00,2026-07-25 02:56:34.423623+00:00,2026-07-25 02:39:27.480188+00:00,security_metrics,ml_engine,a12aafb3,-0.5,0.18202520073399003,1,2.02856299438281e-05,Stage 2 - ICS Impact,Damage to Property,T0828,Loss of Safety,Modbus,Level 2
_result,1,2026-07-24 20:29:11.255273+00:00,2026-07-25 02:56:34.423623+00:00,2026-07-25 02:39:44.198245+00:00,security_metrics,ml_engine,a12aafb3,-0.5,0.17878806399270664,1,2.045668225036934e-05,Stage 2 - ICS Impact,Damage to Property,T0828,Loss of Safety,Modbus,Level 2
_result,1,2026-07-24 20:29:11.255273+00:00,2026-07-25 02:56:34.423623+00:00,2026-07-25 02:40:00.916544+00:00,security_metrics,ml_engine,a12aafb3,-0.5,0.14598745320606038,1,2.1243369701551273e-05,Stage 2 - ICS Impact,Damage to Property,T0828,Loss of Safety,Modbus,Level 2
_result,1,2026-07-24 20:29:11.255273+00:00,2026-07-25 02:56:34.423623+00:00,2026-07-25 02:40:17.750011+00:00,security_metrics,ml_engine,a12aafb3,-0.5,0.11462150834874274,1,2.194861735915765e-05,Stage 2 - ICS Impact,Damage to Property,T0828,Loss of Safety,Modbus,Level 2
_result,1,2026-07-24 20:29:11.255273+00:00,2026-07-25 02:56:34.423623+00:00,2026-07-25 02:40:34.468105+00:00,security_metrics,ml_engine,a12aafb3,-0.5,0.09957013996378938,1,2.0988574760849588e-05,Stage 2 - ICS Impact,Damage to Property,T0828,Loss of Safety,Modbus,Level 2
_result,1,2026-07-24 20:29:11.255273+00:00,2026-07-25 02:56:34.423623+00:00,2026-07-25 02:40:51.182037+00:00,security_metrics,ml_engine,a12aafb3,-0.5,0.10374425136736731,1,1.9219414753024466e-05,Stage 2 - ICS Impact,Damage to Property,T0828,Loss of Safety,Modbus,Level 2
_result,1,2026-07-24 20:29:11.255273+00:00,2026-07-25 02:56:34.423623+00:00,2026-07-25 02:41:08.023735+00:00,security_metrics,ml_engine,a12aafb3,-0.5,0.16055382091040876,1,2.0815865354961716e-05,Stage 2 - ICS Impact,Damage to Property,T0828,Loss of Safety,Modbus,Level 2
_result,1,2026-07-24 20:29:11.255273+00:00,2026-07-25 02:56:34.423623+00:00,2026-07-25 02:41:24.728224+00:00,security_metrics,ml_engine,a12aafb3,-0.5,0.10374425136736731,1,2.025308094744105e-05,Stage 2 - ICS Impact,Damage to Property,T0828,Loss of Safety,Modbus,Level 2
_result,1,2026-07-24 20:29:11.255273+00:00,2026-07-25 02:56:34.423623+00:00,2026-07-25 02:41:41.446050+00:00,security_metrics,ml_engine,a12aafb3,-0.5,0.1428571031765306,1,1.8585178622743115e-05,Stage 2 - ICS Impact,Damage to Property,T0828,Loss of Safety,Modbus,Level 2
_result,1,2026-07-24 20:29:11.255273+00:00,2026-07-25 02:56:34.423623+00:00,2026-07-25 02:41:58.282093+00:00,security_metrics,ml_engine,a12aafb3,-0.5,0.039118343915040765,1,0.004755612928420305,Stage 2 - ICS Impact,Damage to Property,T0828,Loss of Safety,Modbus,Level 2
_result,1,2026-07-24 20:29:11.255273+00:00,2026-07-25 02:56:34.423623+00:00,2026-07-25 02:42:14.983630+00:00,security_metrics,ml_engine,a12aafb3,-0.5,0.16992755744086546,1,2.054550168395508e-05,Stage 2 - ICS Impact,Damage to Property,T0828,Loss of Safety,Modbus,Level 2
_result,1,2026-07-24 20:29:11.255273+00:00,2026-07-25 02:56:34.423623+00:00,2026-07-25 02:42:31.690219+00:00,security_metrics,ml_engine,a12aafb3,-0.5,0.15411038199764932,1,1.9596964193624444e-05,Stage 2 - ICS Impact,Damage to Property,T0828,Loss of Safety,Modbus,Level 2
_result,1,2026-07-24 20:29:11.255273+00:00,2026-07-25 02:56:34.423623+00:00,2026-07-25 02:42:48.411270+00:00,security_metrics,ml_engine,a12aafb3,-0.5,0.08895842460920245,1,1.9468892787699588e-05,Stage 2 - ICS Impact,Damage to Property,T0828,Loss of Safety,Modbus,Level 2
_result,1,2026-07-24 20:29:11.255273+00:00,2026-07-25 02:56:34.423623+00:00,2026-07-25 02:43:05.246408+00:00,security_metrics,ml_engine,a12aafb3,-0.5,0.15728645114119055,1,2.019831481447909e-05,Stage 2 - ICS Impact,Damage to Property,T0828,Loss of Safety,Modbus,Level 2
_result,1,2026-07-24 20:29:11.255273+00:00,2026-07-25 02:56:34.423623+00:00,2026-07-25 02:43:21.971736+00:00,security_metrics,ml_engine,a12aafb3,-0.5,0.14884998730568022,1,1.9422734112595208e-05,Stage 2 - ICS Impact,Damage to Property,T0828,Loss of Safety,Modbus,Level 2
_result,1,2026-07-24 20:29:11.255273+00:00,2026-07-25 02:56:34.423623+00:00,2026-07-25 02:43:38.690950+00:00,security_metrics,ml_engine,a12aafb3,-0.5,0.1385075896567911,1,1.8521079255151562e-05,Stage 2 - ICS Impact,Damage to Property,T0828,Loss of Safety,Modbus,Level 2
_result,1,2026-07-24 20:29:11.255273+00:00,2026-07-25 02:56:34.423623+00:00,2026-07-25 02:43:55.510861+00:00,security_metrics,ml_engine,a12aafb3,-0.5,0.1428571031765306,1,1.9369033907423727e-05,Stage 2 - ICS Impact,Damage to Property,T0828,Loss of Safety,Modbus,Level 2
_result,1,2026-07-24 20:29:11.255273+00:00,2026-07-25 02:56:34.423623+00:00,2026-07-25 02:44:12.210661+00:00,security_metrics,ml_engine,a12aafb3,-0.5,0.1428571031765306,1,1.9875344150932506e-05,Stage 2 - ICS Impact,Damage to Property,T0828,Loss of Safety,Modbus,Level 2
_result,1,2026-07-24 20:29:11.255273+00:00,2026-07-25 02:56:34.423623+00:00,2026-07-25 02:44:28.926462+00:00,security_metrics,ml_engine,a12aafb3,-0.5,0.062286462326941905,1,0.04605881869792938,Stage 2 - ICS Impact,Damage to Property,T0828,Loss of Safety,Modbus,Level 2
_result,1,2026-07-24 20:29:11.255273+00:00,2026-07-25 02:56:34.423623+00:00,2026-07-25 02:44:45.747949+00:00,security_metrics,ml_engine,a12aafb3,-0.5,0.10374425136736731,1,1.984221307793632e-05,Stage 2 - ICS Impact,Damage to Property,T0828,Loss of Safety,Modbus,Level 2
_result,1,2026-07-24 20:29:11.255273+00:00,2026-07-25 02:56:34.423623+00:00,2026-07-25 02:45:02.456736+00:00,security_metrics,ml_engine,a12aafb3,-0.5,0.20007653133669728,1,1.8152277334593236e-05,Stage 2 - ICS Impact,Damage to Property,T0828,Loss of Safety,Modbus,Level 2
_result,1,2026-07-24 20:29:11.255273+00:00,2026-07-25 02:56:34.423623+00:00,2026-07-25 02:45:19.191237+00:00,security_metrics,ml_engine,a12aafb3,-0.5,0.1299199688110248,1,2.842343383235857e-05,Stage 2 - ICS Impact,Damage to Property,T0828,Loss of Safety,Modbus,Level 2
_result,1,2026-07-24 20:29:11.255273+00:00,2026-07-25 02:56:34.423623+00:00,2026-07-25 02:45:35.915610+00:00,security_metrics,ml_engine,a12aafb3,-0.5,0.1706929608778998,1,1.8729801013250835e-05,Stage 2 - ICS Impact,Damage to Property,T0828,Loss of Safety,Modbus,Level 2
_result,1,2026-07-24 20:29:11.255273+00:00,2026-07-25 02:56:34.423623+00:00,2026-07-25 02:45:52.731860+00:00,security_metrics,ml_engine,a12aafb3,-0.5,0.16873029794357242,1,1.760725353960879e-05,Stage 2 - ICS Impact,Damage to Property,T0828,Loss of Safety,Modbus,Level 2
_result,1,2026-07-24 20:29:11.255273+00:00,2026-07-25 02:56:34.423623+00:00,2026-07-25 02:46:09.438001+00:00,security_metrics,ml_engine,a12aafb3,-0.5,0.14884998730568022,1,1.9741577489185147e-05,Stage 2 - ICS Impact,Damage to Property,T0828,Loss of Safety,Modbus,Level 2
_result,1,2026-07-24 20:29:11.255273+00:00,2026-07-25 02:56:34.423623+00:00,2026-07-25 02:46:26.158894+00:00,security_metrics,ml_engine,a12aafb3,-0.5,0.15710109046830967,1,1.9347004126757383e-05,Stage 2 - ICS Impact,Damage to Property,T0828,Loss of Safety,Modbus,Level 2
_result,1,2026-07-24 20:29:11.255273+00:00,2026-07-25 02:56:34.423623+00:00,2026-07-25 02:46:42.986679+00:00,security_metrics,ml_engine,a12aafb3,-0.5,0.1404324246999219,1,1.9508195691742003e-05,Stage 2 - ICS Impact,Damage to Property,T0828,Loss of Safety,Modbus,Level 2
_result,1,2026-07-24 20:29:11.255273+00:00,2026-07-25 02:56:34.423623+00:00,2026-07-25 02:46:59.693288+00:00,security_metrics,ml_engine,a12aafb3,-0.5,0.15575543196054237,1,1.7561256754561327e-05,Stage 2 - ICS Impact,Damage to Property,T0828,Loss of Safety,Modbus,Level 2
_result,1,2026-07-24 20:29:11.255273+00:00,2026-07-25 02:56:34.423623+00:00,2026-07-25 02:47:16.412827+00:00,security_metrics,ml_engine,a12aafb3,-0.5,0.1404324246999219,1,2.0548124666674994e-05,Stage 2 - ICS Impact,Damage to Property,T0828,Loss of Safety,Modbus,Level 2
_result,1,2026-07-24 20:29:11.255273+00:00,2026-07-25 02:56:34.423623+00:00,2026-07-25 02:47:33.239264+00:00,security_metrics,ml_engine,a12aafb3,-0.5,0.1622631156692695,1,0.00027667355607263744,Stage 2 - ICS Impact,Damage to Property,T0828,Loss of Safety,Modbus,Level 2
_result,1,2026-07-24 20:29:11.255273+00:00,2026-07-25 02:56:34.423623+00:00,2026-07-25 02:47:49.959789+00:00,security_metrics,ml_engine,a12aafb3,-0.5,0.13473438699049178,1,2.0352197680040263e-05,Stage 2 - ICS Impact,Damage to Property,T0828,Loss of Safety,Modbus,Level 2
_result,1,2026-07-24 20:29:11.255273+00:00,2026-07-25 02:56:34.423623+00:00,2026-07-25 02:48:06.668283+00:00,security_metrics,ml_engine,a12aafb3,-0.5,0.15932506326234375,1,2.434966700093355e-05,Stage 2 - ICS Impact,Damage to Property,T0828,Loss of Safety,Modbus,Level 2
_result,1,2026-07-24 20:29:11.255273+00:00,2026-07-25 02:56:34.423623+00:00,2026-07-25 02:48:23.387261+00:00,security_metrics,ml_engine,a12aafb3,-0.5,0.13590558581437923,1,3.1616000342182815e-05,Stage 2 - ICS Impact,Damage to Property,T0828,Loss of Safety,Modbus,Level 2
_result,1,2026-07-24 20:29:11.255273+00:00,2026-07-25 02:56:34.423623+00:00,2026-07-25 02:48:40.209931+00:00,security_metrics,ml_engine,a12aafb3,-0.5,0.1640822257899474,1,2.0553474314510822e-05,Stage 2 - ICS Impact,Damage to Property,T0828,Loss of Safety,Modbus,Level 2
_result,1,2026-07-24 20:29:11.255273+00:00,2026-07-25 02:56:34.423623+00:00,2026-07-25 02:48:56.934911+00:00,security_metrics,ml_engine,a12aafb3,-0.5,0.13113837099781933,1,1.9242386770201847e-05,Stage 2 - ICS Impact,Damage to Property,T0828,Loss of Safety,Modbus,Level 2
_result,1,2026-07-24 20:29:11.255273+00:00,2026-07-25 02:56:34.423623+00:00,2026-07-25 02:49:13.637687+00:00,security_metrics,ml_engine,a12aafb3,-0.5,0.1359152814472071,1,2.278911961184349e-05,Stage 2 - ICS Impact,Damage to Property,T0828,Loss of Safety,Modbus,Level 2
_result,1,2026-07-24 20:29:11.255273+00:00,2026-07-25 02:56:34.423623+00:00,2026-07-25 02:49:30.464856+00:00,security_metrics,ml_engine,a12aafb3,-0.5,0.03327201909459521,1,0.004776885733008385,Stage 2 - ICS Impact,Damage to Property,T0828,Loss of Safety,Modbus,Level 2
_result,1,2026-07-24 20:29:11.255273+00:00,2026-07-25 02:56:34.423623+00:00,2026-07-25 02:49:47.200792+00:00,security_metrics,ml_engine,a12aafb3,-0.5,0.09862110696043946,1,1.9357670680619776e-05,Stage 2 - ICS Impact,Damage to Property,T0828,Loss of Safety,Modbus,Level 2
_result,1,2026-07-24 20:29:11.255273+00:00,2026-07-25 02:56:34.423623+00:00,2026-07-25 02:50:03.918364+00:00,security_metrics,ml_engine,a12aafb3,-0.5,0.037762403868575434,1,0.004762272350490093,Stage 2 - ICS Impact,Damage to Property,T0828,Loss of Safety,Modbus,Level 2
_result,1,2026-07-24 20:29:11.255273+00:00,2026-07-25 02:56:34.423623+00:00,2026-07-25 02:50:20.738784+00:00,security_metrics,ml_engine,a12aafb3,-0.5,0.1408929626257765,1,2.1515055777854286e-05,Stage 2 - ICS Impact,Damage to Property,T0828,Loss of Safety,Modbus,Level 2
_result,1,2026-07-24 20:29:11.255273+00:00,2026-07-25 02:56:34.423623+00:00,2026-07-25 02:50:37.448550+00:00,security_metrics,ml_engine,a12aafb3,-0.5,0.12429774096826818,1,2.1997841031407006e-05,Stage 2 - ICS Impact,Damage to Property,T0828,Loss of Safety,Modbus,Level 2
_result,1,2026-07-24 20:29:11.255273+00:00,2026-07-25 02:56:34.423623+00:00,2026-07-25 02:50:54.166188+00:00,security_metrics,ml_engine,a12aafb3,-0.5,0.12975180858219565,1,2.2671063561574556e-05,Stage 2 - ICS Impact,Damage to Property,T0828,Loss of Safety,Modbus,Level 2
_result,1,2026-07-24 20:29:11.255273+00:00,2026-07-25 02:56:34.423623+00:00,2026-07-25 02:51:10.882780+00:00,security_metrics,ml_engine,a12aafb3,-0.5,0.08428980778494144,1,2.4516828489140607e-05,Stage 2 - ICS Impact,Damage to Property,T0828,Loss of Safety,Modbus,Level 2
_result,1,2026-07-24 20:29:11.255273+00:00,2026-07-25 02:56:34.423623+00:00,2026-07-25 02:51:27.727269+00:00,security_metrics,ml_engine,a12aafb3,-0.5,0.12618844823654646,1,0.08075609058141708,Stage 2 - ICS Impact,Damage to Property,T0828,Loss of Safety,Modbus,Level 2
_result,1,2026-07-24 20:29:11.255273+00:00,2026-07-25 02:56:34.423623+00:00,2026-07-25 02:51:44.447141+00:00,security_metrics,ml_engine,a12aafb3,-0.5,0.09554674311732181,1,0.04056903347373009,Stage 2 - ICS Impact,Damage to Property,T0828,Loss of Safety,Modbus,Level 2
_result,1,2026-07-24 20:29:11.255273+00:00,2026-07-25 02:56:34.423623+00:00,2026-07-25 02:52:01.167375+00:00,security_metrics,ml_engine,a12aafb3,-0.5,0.07918772865344981,1,1.8634968000696972e-05,Stage 2 - ICS Impact,Damage to Property,T0828,Loss of Safety,Modbus,Level 2
_result,1,2026-07-24 20:29:11.255273+00:00,2026-07-25 02:56:34.423623+00:00,2026-07-25 02:52:17.978270+00:00,security_metrics,ml_engine,a12aafb3,-0.5,0.1706929608778998,1,1.730132680677343e-05,Stage 2 - ICS Impact,Damage to Property,T0828,Loss of Safety,Modbus,Level 2
_result,1,2026-07-24 20:29:11.255273+00:00,2026-07-25 02:56:34.423623+00:00,2026-07-25 02:52:34.694487+00:00,security_metrics,ml_engine,a12aafb3,-0.5,0.11781401239169531,1,1.8738071958068758e-05,Stage 2 - ICS Impact,Damage to Property,T0828,Loss of Safety,Modbus,Level 2
_result,1,2026-07-24 20:29:11.255273+00:00,2026-07-25 02:56:34.423623+00:00,2026-07-25 02:52:51.408487+00:00,security_metrics,ml_engine,a12aafb3,-0.5,-0.0022448221100422883,1,2.3554899598821066e-05,Stage 2 - ICS Impact,Damage to Property,T0828,Loss of Safety,Modbus,Level 2
_result,1,2026-07-24 20:29:11.255273+00:00,2026-07-25 02:56:34.423623+00:00,2026-07-25 02:53:08.204998+00:00,security_metrics,ml_engine,a12aafb3,-0.5,0.04363964341245474,1,2.3083235646481626e-05,Stage 2 - ICS Impact,Damage to Property,T0828,Loss of Safety,Modbus,Level 2
_result,1,2026-07-24 20:29:11.255273+00:00,2026-07-25 02:56:34.423623+00:00,2026-07-25 02:53:24.923173+00:00,security_metrics,ml_engine,a12aafb3,-0.5,0.08409179861756533,1,1.7272457625949755e-05,Stage 2 - ICS Impact,Damage to Property,T0828,Loss of Safety,Modbus,Level 2
_result,1,2026-07-24 20:29:11.255273+00:00,2026-07-25 02:56:34.423623+00:00,2026-07-25 02:53:41.628605+00:00,security_metrics,ml_engine,a12aafb3,-0.5,0.15575543196054237,1,2.3788432372384705e-05,Stage 2 - ICS Impact,Damage to Property,T0828,Loss of Safety,Modbus,Level 2
_result,1,2026-07-24 20:29:11.255273+00:00,2026-07-25 02:56:34.423623+00:00,2026-07-25 02:53:58.344527+00:00,security_metrics,ml_engine,a12aafb3,-0.5,0.15575543196054237,1,1.7718666640575975e-05,Stage 2 - ICS Impact,Damage to Property,T0828,Loss of Safety,Modbus,Level 2
_result,1,2026-07-24 20:29:11.255273+00:00,2026-07-25 02:56:34.423623+00:00,2026-07-25 02:54:15.163549+00:00,security_metrics,ml_engine,a12aafb3,-0.5,0.1406529418465141,1,2.447418410156388e-05,Stage 2 - ICS Impact,Damage to Property,T0828,Loss of Safety,Modbus,Level 2
_result,1,2026-07-24 20:29:11.255273+00:00,2026-07-25 02:56:34.423623+00:00,2026-07-25 02:54:31.864602+00:00,security_metrics,ml_engine,a12aafb3,-0.5,0.16750566603970307,1,1.905180215544533e-05,Stage 2 - ICS Impact,Damage to Property,T0828,Loss of Safety,Modbus,Level 2
_result,1,2026-07-24 20:29:11.255273+00:00,2026-07-25 02:56:34.423623+00:00,2026-07-25 02:54:48.538840+00:00,security_metrics,ml_engine,a12aafb3,-0.5,0.147396141165601,1,1.8216271200799383e-05,Stage 2 - ICS Impact,Damage to Property,T0828,Loss of Safety,Modbus,Level 2
_result,1,2026-07-24 20:29:11.255273+00:00,2026-07-25 02:56:34.423623+00:00,2026-07-25 02:55:05.334465+00:00,security_metrics,ml_engine,a12aafb3,-0.5,0.2019174653099342,1,2.0490777387749404e-05,Stage 2 - ICS Impact,Damage to Property,T0828,Loss of Safety,Modbus,Level 2
_result,1,2026-07-24 20:29:11.255273+00:00,2026-07-25 02:56:34.423623+00:00,2026-07-25 02:55:22.025670+00:00,security_metrics,ml_engine,a12aafb3,-0.5,0.1740405546532926,1,0.0006701449165120721,Stage 2 - ICS Impact,Damage to Property,T0828,Loss of Safety,Modbus,Level 2
_result,1,2026-07-24 20:29:11.255273+00:00,2026-07-25 02:56:34.423623+00:00,2026-07-25 02:55:38.716009+00:00,security_metrics,ml_engine,a12aafb3,-0.5,0.10122250718347481,1,2.0568078980431892e-05,Stage 2 - ICS Impact,Damage to Property,T0828,Loss of Safety,Modbus,Level 2
_result,1,2026-07-24 20:29:11.255273+00:00,2026-07-25 02:56:34.423623+00:00,2026-07-25 02:55:55.525128+00:00,security_metrics,ml_engine,a12aafb3,-0.5,0.12912433134329443,1,2.061405757558532e-05,Stage 2 - ICS Impact,Damage to Property,T0828,Loss of Safety,Modbus,Level 2
_result,1,2026-07-24 20:29:11.255273+00:00,2026-07-25 02:56:34.423623+00:00,2026-07-25 02:56:12.211611+00:00,security_metrics,ml_engine,a12aafb3,-0.5,0.188979988542262,1,1.9284574591438286e-05,Stage 2 - ICS Impact,Damage to Property,T0828,Loss of Safety,Modbus,Level 2
_result,1,2026-07-24 20:29:11.255273+00:00,2026-07-25 02:56:34.423623+00:00,2026-07-25 02:56:28.914079+00:00,security_metrics,ml_engine,a12aafb3,-0.5,0.1353316534696471,1,0.00027110875817015767,Stage 2 - ICS Impact,Damage to Property,T0828,Loss of Safety,Modbus,Level 2
_result,2,2026-07-24 20:29:11.255273+00:00,2026-07-25 02:56:34.423623+00:00,2026-07-24 21:38:37.481815+00:00,security_metrics,ml_engine,a12aafb3,-0.5,-0.140736483736409,1,0.17552714049816132,Stage 2 - ICS Impact,Evasion,T0820,Exploitation for Evasion,Modbus,Level 2
_result,2,2026-07-24 20:29:11.255273+00:00,2026-07-25 02:56:34.423623+00:00,2026-07-24 22:26:58.908746+00:00,security_metrics,ml_engine,a12aafb3,-0.5,-0.1417544093273978,1,0.15255112946033478,Stage 2 - ICS Impact,Evasion,T0820,Exploitation for Evasion,Modbus,Level 2
_result,2,2026-07-24 20:29:11.255273+00:00,2026-07-25 02:56:34.423623+00:00,2026-07-25 00:07:00.791778+00:00,security_metrics,ml_engine,a12aafb3,-0.5,-0.1392866321606887,1,0.009614537470042706,Stage 2 - ICS Impact,Evasion,T0820,Exploitation for Evasion,Modbus,Level 2
_result,2,2026-07-24 20:29:11.255273+00:00,2026-07-25 02:56:34.423623+00:00,2026-07-25 00:38:29.597241+00:00,security_metrics,ml_engine,a12aafb3,-0.5,-0.12241863893358484,1,0.15542833507061005,Stage 2 - ICS Impact,Evasion,T0820,Exploitation for Evasion,Modbus,Level 2
_result,2,2026-07-24 20:29:11.255273+00:00,2026-07-25 02:56:34.423623+00:00,2026-07-25 01:26:15.628391+00:00,security_metrics,ml_engine,a12aafb3,-0.5,-0.1385255620739776,1,0.16281932592391968,Stage 2 - ICS Impact,Evasion,T0820,Exploitation for Evasion,Modbus,Level 2
_result,2,2026-07-24 20:29:11.255273+00:00,2026-07-25 02:56:34.423623+00:00,2026-07-25 02:19:37.130167+00:00,security_metrics,ml_engine,a12aafb3,-0.5,-0.1382720436398941,1,0.15622659027576447,Stage 2 - ICS Impact,Evasion,T0820,Exploitation for Evasion,Modbus,Level 2
_result,3,2026-07-24 20:29:11.255273+00:00,2026-07-25 02:56:34.423623+00:00,2026-07-24 21:37:01.216612+00:00,security_metrics,ml_engine,a12aafb3,-0.5,-0.048711721843542555,1,0.17833758890628815,Stage 2 - ICS Impact,Impair Process Control,T0836,Modify Parameter,Modbus,Level 2
_result,3,2026-07-24 20:29:11.255273+00:00,2026-07-25 02:56:34.423623+00:00,2026-07-24 21:37:33.173184+00:00,security_metrics,ml_engine,a12aafb3,-0.5,-0.0738250704023733,1,0.179301917552948,Stage 2 - ICS Impact,Impair Process Control,T0836,Modify Parameter,Modbus,Level 2
_result,3,2026-07-24 20:29:11.255273+00:00,2026-07-25 02:56:34.423623+00:00,2026-07-24 22:27:15.642132+00:00,security_metrics,ml_engine,a12aafb3,-0.5,-0.0008213668411733988,1,0.14693665504455566,Stage 2 - ICS Impact,Impair Process Control,T0836,Modify Parameter,Modbus,Level 2
_result,3,2026-07-24 20:29:11.255273+00:00,2026-07-25 02:56:34.423623+00:00,2026-07-24 23:21:53.496448+00:00,security_metrics,ml_engine,a12aafb3,-0.5,-0.12466410129760042,1,0.1499909907579422,Stage 2 - ICS Impact,Impair Process Control,T0836,Modify Parameter,Modbus,Level 2
_result,3,2026-07-24 20:29:11.255273+00:00,2026-07-25 02:56:34.423623+00:00,2026-07-24 23:22:10.179031+00:00,security_metrics,ml_engine,a12aafb3,-0.5,-0.003445829618389129,1,0.1360897272825241,Stage 2 - ICS Impact,Impair Process Control,T0836,Modify Parameter,Modbus,Level 2
_result,3,2026-07-24 20:29:11.255273+00:00,2026-07-25 02:56:34.423623+00:00,2026-07-25 00:07:17.436107+00:00,security_metrics,ml_engine,a12aafb3,-0.5,-0.03156548320796615,1,0.15775302052497864,Stage 2 - ICS Impact,Impair Process Control,T0836,Modify Parameter,Modbus,Level 2
_result,3,2026-07-24 20:29:11.255273+00:00,2026-07-25 02:56:34.423623+00:00,2026-07-25 00:15:55.649234+00:00,security_metrics,ml_engine,a12aafb3,-0.5,-0.1236692862039056,1,0.15467192232608795,Stage 2 - ICS Impact,Impair Process Control,T0836,Modify Parameter,Modbus,Level 2
_result,3,2026-07-24 20:29:11.255273+00:00,2026-07-25 02:56:34.423623+00:00,2026-07-25 00:30:07.832289+00:00,security_metrics,ml_engine,a12aafb3,-0.5,-0.12466410129760042,1,0.14976263046264648,Stage 2 - ICS Impact,Impair Process Control,T0836,Modify Parameter,Modbus,Level 2
_result,3,2026-07-24 20:29:11.255273+00:00,2026-07-25 02:56:34.423623+00:00,2026-07-25 00:30:24.507545+00:00,security_metrics,ml_engine,a12aafb3,-0.5,-0.12466410129760042,1,0.15001367032527924,Stage 2 - ICS Impact,Impair Process Control,T0836,Modify Parameter,Modbus,Level 2
_result,3,2026-07-24 20:29:11.255273+00:00,2026-07-25 02:56:34.423623+00:00,2026-07-25 00:54:41.538400+00:00,security_metrics,ml_engine,a12aafb3,-0.5,-0.016491980262794526,1,0.14880938827991486,Stage 2 - ICS Impact,Impair Process Control,T0836,Modify Parameter,Modbus,Level 2
_result,3,2026-07-24 20:29:11.255273+00:00,2026-07-25 02:56:34.423623+00:00,2026-07-25 01:26:32.338794+00:00,security_metrics,ml_engine,a12aafb3,-0.5,-0.12391786378938685,1,0.15433251857757568,Stage 2 - ICS Impact,Impair Process Control,T0836,Modify Parameter,Modbus,Level 2
_result,3,2026-07-24 20:29:11.255273+00:00,2026-07-25 02:56:34.423623+00:00,2026-07-25 02:19:20.302835+00:00,security_metrics,ml_engine,a12aafb3,-0.5,-0.1236692862039056,1,0.15516319870948792,Stage 2 - ICS Impact,Impair Process Control,T0836,Modify Parameter,Modbus,Level 2
_result,3,2026-07-24 20:29:11.255273+00:00,2026-07-25 02:56:34.423623+00:00,2026-07-25 02:35:16.160570+00:00,security_metrics,ml_engine,a12aafb3,-0.5,-0.12466410129760042,1,0.1604851484298706,Stage 2 - ICS Impact,Impair Process Control,T0836,Modify Parameter,Modbus,Level 2
_result,3,2026-07-24 20:29:11.255273+00:00,2026-07-25 02:56:34.423623+00:00,2026-07-25 02:35:32.865880+00:00,security_metrics,ml_engine,a12aafb3,-0.5,-0.12466410129760042,1,0.1488925814628601,Stage 2 - ICS Impact,Impair Process Control,T0836,Modify Parameter,Modbus,Level 2
_result,3,2026-07-24 20:29:11.255273+00:00,2026-07-25 02:56:34.423623+00:00,2026-07-25 02:35:49.688948+00:00,security_metrics,ml_engine,a12aafb3,-0.5,-0.04910762887438347,1,0.16128675639629364,Stage 2 - ICS Impact,Impair Process Control,T0836,Modify Parameter,Modbus,Level 2
_result,4,2026-07-24 20:29:11.255273+00:00,2026-07-25 02:56:34.423623+00:00,2026-07-24 21:36:13.147441+00:00,security_metrics,ml_engine,a12aafb3,-0.11280687153339386,0.05384750800404603,1,0.11280687153339386,Unknown,Unknown,T0000,Unknown Technique,Unknown,Level 2
_result,4,2026-07-24 20:29:11.255273+00:00,2026-07-25 02:56:34.423623+00:00,2026-07-24 21:36:29.248112+00:00,security_metrics,ml_engine,a12aafb3,-0.04404240474104881,0.17922238656334055,1,0.04404240474104881,Unknown,Unknown,T0000,Unknown Technique,Unknown,Level 2
_result,4,2026-07-24 20:29:11.255273+00:00,2026-07-25 02:56:34.423623+00:00,2026-07-24 21:37:49.210425+00:00,security_metrics,ml_engine,a12aafb3,-0.08598147332668304,0.06841179835348443,1,0.08598147332668304,Unknown,Unknown,T0000,Unknown Technique,Unknown,Level 2
_result,4,2026-07-24 20:29:11.255273+00:00,2026-07-25 02:56:34.423623+00:00,2026-07-24 21:38:05.393884+00:00,security_metrics,ml_engine,a12aafb3,-0.16580097377300262,-0.1236692862039056,1,0.16580097377300262,Unknown,Unknown,T0000,Unknown Technique,Unknown,Level 2
_result,4,2026-07-24 20:29:11.255273+00:00,2026-07-25 02:56:34.423623+00:00,2026-07-24 21:38:21.438540+00:00,security_metrics,ml_engine,a12aafb3,-0.16330085694789886,-0.1236692862039056,1,0.16330085694789886,Unknown,Unknown,T0000,Unknown Technique,Unknown,Level 2
_result,4,2026-07-24 20:29:11.255273+00:00,2026-07-25 02:56:34.423623+00:00,2026-07-24 21:38:53.524706+00:00,security_metrics,ml_engine,a12aafb3,-0.08598020672798157,0.05797093006739018,1,0.08598020672798157,Unknown,Unknown,T0000,Unknown Technique,Unknown,Level 2
_result,4,2026-07-24 20:29:11.255273+00:00,2026-07-25 02:56:34.423623+00:00,2026-07-24 21:39:09.551093+00:00,security_metrics,ml_engine,a12aafb3,-0.08598123490810394,0.060733848131724555,1,0.08598123490810394,Unknown,Unknown,T0000,Unknown Technique,Unknown,Level 2
_result,4,2026-07-24 20:29:11.255273+00:00,2026-07-25 02:56:34.423623+00:00,2026-07-24 21:39:25.702183+00:00,security_metrics,ml_engine,a12aafb3,-0.0859808549284935,0.06623210995505024,1,0.0859808549284935,Unknown,Unknown,T0000,Unknown Technique,Unknown,Level 2
_result,4,2026-07-24 20:29:11.255273+00:00,2026-07-25 02:56:34.423623+00:00,2026-07-24 21:39:41.732622+00:00,security_metrics,ml_engine,a12aafb3,-0.0859808549284935,0.06822945086192611,1,0.0859808549284935,Unknown,Unknown,T0000,Unknown Technique,Unknown,Level 2
_result,4,2026-07-24 20:29:11.255273+00:00,2026-07-25 02:56:34.423623+00:00,2026-07-24 21:39:57.775619+00:00,security_metrics,ml_engine,a12aafb3,-0.08598117530345917,0.0580393709539333,1,0.08598117530345917,Unknown,Unknown,T0000,Unknown Technique,Unknown,Level 2
_result,4,2026-07-24 20:29:11.255273+00:00,2026-07-25 02:56:34.423623+00:00,2026-07-24 21:40:13.869597+00:00,security_metrics,ml_engine,a12aafb3,-0.08598069101572037,0.052555804507133375,1,0.08598069101572037,Unknown,Unknown,T0000,Unknown Technique,Unknown,Level 2
_result,4,2026-07-24 20:29:11.255273+00:00,2026-07-25 02:56:34.423623+00:00,2026-07-24 21:40:29.916051+00:00,security_metrics,ml_engine,a12aafb3,-0.08598184585571289,0.06841179835348443,1,0.08598184585571289,Unknown,Unknown,T0000,Unknown Technique,Unknown,Level 2
_result,4,2026-07-24 20:29:11.255273+00:00,2026-07-25 02:56:34.423623+00:00,2026-07-24 21:40:45.961272+00:00,security_metrics,ml_engine,a12aafb3,-0.08598008751869202,0.06391902697964746,1,0.08598008751869202,Unknown,Unknown,T0000,Unknown Technique,Unknown,Level 2
_result,4,2026-07-24 20:29:11.255273+00:00,2026-07-25 02:56:34.423623+00:00,2026-07-24 21:41:02.114833+00:00,security_metrics,ml_engine,a12aafb3,-0.08597955107688904,0.06325769223670974,1,0.08597955107688904,Unknown,Unknown,T0000,Unknown Technique,Unknown,Level 2
_result,4,2026-07-24 20:29:11.255273+00:00,2026-07-25 02:56:34.423623+00:00,2026-07-24 21:41:18.183313+00:00,security_metrics,ml_engine,a12aafb3,-0.0859808623790741,0.06492875567452827,1,0.0859808623790741,Unknown,Unknown,T0000,Unknown Technique,Unknown,Level 2
_result,4,2026-07-24 20:29:11.255273+00:00,2026-07-25 02:56:34.423623+00:00,2026-07-24 21:41:34.240516+00:00,security_metrics,ml_engine,a12aafb3,-0.0859803557395935,0.06857432453078327,1,0.0859803557395935,Unknown,Unknown,T0000,Unknown Technique,Unknown,Level 2
_result,4,2026-07-24 20:29:11.255273+00:00,2026-07-25 02:56:34.423623+00:00,2026-07-24 21:41:50.313465+00:00,security_metrics,ml_engine,a12aafb3,-0.08597883582115173,0.0666156338705729,1,0.08597883582115173,Unknown,Unknown,T0000,Unknown Technique,Unknown,Level 2
_result,4,2026-07-24 20:29:11.255273+00:00,2026-07-25 02:56:34.423623+00:00,2026-07-24 21:42:06.386355+00:00,security_metrics,ml_engine,a12aafb3,-0.08597998321056366,0.06300859028785755,1,0.08597998321056366,Unknown,Unknown,T0000,Unknown Technique,Unknown,Level 2
_result,4,2026-07-24 20:29:11.255273+00:00,2026-07-25 02:56:34.423623+00:00,2026-07-24 21:42:22.628663+00:00,security_metrics,ml_engine,a12aafb3,-0.08598007261753082,0.06846998684719485,1,0.08598007261753082,Unknown,Unknown,T0000,Unknown Technique,Unknown,Level 2
_result,4,2026-07-24 20:29:11.255273+00:00,2026-07-25 02:56:34.423623+00:00,2026-07-24 21:42:38.694269+00:00,security_metrics,ml_engine,a12aafb3,-0.08597982674837112,0.060677458366231285,1,0.08597982674837112,Unknown,Unknown,T0000,Unknown Technique,Unknown,Level 2
_result,4,2026-07-24 20:29:11.255273+00:00,2026-07-25 02:56:34.423623+00:00,2026-07-24 21:42:54.768082+00:00,security_metrics,ml_engine,a12aafb3,-0.08597883582115173,0.0652046595700303,1,0.08597883582115173,Unknown,Unknown,T0000,Unknown Technique,Unknown,Level 2
_result,4,2026-07-24 20:29:11.255273+00:00,2026-07-25 02:56:34.423623+00:00,2026-07-24 21:43:10.863611+00:00,security_metrics,ml_engine,a12aafb3,-0.08597970008850098,0.05930609076969651,1,0.08597970008850098,Unknown,Unknown,T0000,Unknown Technique,Unknown,Level 2
_result,4,2026-07-24 20:29:11.255273+00:00,2026-07-25 02:56:34.423623+00:00,2026-07-24 21:43:26.947842+00:00,security_metrics,ml_engine,a12aafb3,-0.08598005026578903,0.04676772119615291,1,0.08598005026578903,Unknown,Unknown,T0000,Unknown Technique,Unknown,Level 2
_result,4,2026-07-24 20:29:11.255273+00:00,2026-07-25 02:56:34.423623+00:00,2026-07-24 21:43:43.149072+00:00,security_metrics,ml_engine,a12aafb3,-0.08597904443740845,0.05073931346832716,1,0.08597904443740845,Unknown,Unknown,T0000,Unknown Technique,Unknown,Level 2
_result,4,2026-07-24 20:29:11.255273+00:00,2026-07-25 02:56:34.423623+00:00,2026-07-24 21:43:59.241294+00:00,security_metrics,ml_engine,a12aafb3,-0.08597943931818008,0.06857432453078327,1,0.08597943931818008,Unknown,Unknown,T0000,Unknown Technique,Unknown,Level 2
_result,4,2026-07-24 20:29:11.255273+00:00,2026-07-25 02:56:34.423623+00:00,2026-07-24 21:44:15.337656+00:00,security_metrics,ml_engine,a12aafb3,-0.08597942441701889,0.05784779571927767,1,0.08597942441701889,Unknown,Unknown,T0000,Unknown Technique,Unknown,Level 2
_result,4,2026-07-24 20:29:11.255273+00:00,2026-07-25 02:56:34.423623+00:00,2026-07-24 21:44:31.493773+00:00,security_metrics,ml_engine,a12aafb3,-0.08598032593727112,0.04841456328654625,1,0.08598032593727112,Unknown,Unknown,T0000,Unknown Technique,Unknown,Level 2
_result,4,2026-07-24 20:29:11.255273+00:00,2026-07-25 02:56:34.423623+00:00,2026-07-24 21:44:47.636243+00:00,security_metrics,ml_engine,a12aafb3,-0.08597961068153381,0.06317489585370406,1,0.08597961068153381,Unknown,Unknown,T0000,Unknown Technique,Unknown,Level 2
_result,4,2026-07-24 20:29:11.255273+00:00,2026-07-25 02:56:34.423623+00:00,2026-07-24 21:45:03.889031+00:00,security_metrics,ml_engine,a12aafb3,-0.08598006516695023,0.0021783892574062103,1,0.08598006516695023,Unknown,Unknown,T0000,Unknown Technique,Unknown,Level 2
_result,4,2026-07-24 20:29:11.255273+00:00,2026-07-25 02:56:34.423623+00:00,2026-07-24 21:45:20.049938+00:00,security_metrics,ml_engine,a12aafb3,-0.0859806090593338,0.06822945086192611,1,0.0859806090593338,Unknown,Unknown,T0000,Unknown Technique,Unknown,Level 2
_result,4,2026-07-24 20:29:11.255273+00:00,2026-07-25 02:56:34.423623+00:00,2026-07-24 21:45:36.264216+00:00,security_metrics,ml_engine,a12aafb3,-0.08597955852746964,0.03891436713310914,1,0.08597955852746964,Unknown,Unknown,T0000,Unknown Technique,Unknown,Level 2
_result,4,2026-07-24 20:29:11.255273+00:00,2026-07-25 02:56:34.423623+00:00,2026-07-24 21:45:52.445407+00:00,security_metrics,ml_engine,a12aafb3,-0.08598058670759201,0.03910786900543661,1,0.08598058670759201,Unknown,Unknown,T0000,Unknown Technique,Unknown,Level 2
_result,4,2026-07-24 20:29:11.255273+00:00,2026-07-25 02:56:34.423623+00:00,2026-07-24 21:46:08.595233+00:00,security_metrics,ml_engine,a12aafb3,-0.08597984164953232,0.06294777061170287,1,0.08597984164953232,Unknown,Unknown,T0000,Unknown Technique,Unknown,Level 2
_result,4,2026-07-24 20:29:11.255273+00:00,2026-07-25 02:56:34.423623+00:00,2026-07-24 21:46:24.886965+00:00,security_metrics,ml_engine,a12aafb3,-0.08597902208566666,0.06896776353536127,1,0.08597902208566666,Unknown,Unknown,T0000,Unknown Technique,Unknown,Level 2
_result,4,2026-07-24 20:29:11.255273+00:00,2026-07-25 02:56:34.423623+00:00,2026-07-24 21:46:41.065612+00:00,security_metrics,ml_engine,a12aafb3,-0.08597949892282486,0.048985235914592584,1,0.08597949892282486,Unknown,Unknown,T0000,Unknown Technique,Unknown,Level 2
_result,4,2026-07-24 20:29:11.255273+00:00,2026-07-25 02:56:34.423623+00:00,2026-07-24 21:46:57.247703+00:00,security_metrics,ml_engine,a12aafb3,-0.08597976714372635,0.06326298678740261,1,0.08597976714372635,Unknown,Unknown,T0000,Unknown Technique,Unknown,Level 2
_result,4,2026-07-24 20:29:11.255273+00:00,2026-07-25 02:56:34.423623+00:00,2026-07-24 21:47:13.424966+00:00,security_metrics,ml_engine,a12aafb3,-0.1831667274236679,-0.14345551583529215,1,0.1831667274236679,Unknown,Unknown,T0000,Unknown Technique,Unknown,Level 2
_result,4,2026-07-24 20:29:11.255273+00:00,2026-07-25 02:56:34.423623+00:00,2026-07-24 21:47:29.668114+00:00,security_metrics,ml_engine,a12aafb3,-0.22222900390625,-0.02142018570445059,1,0.22222900390625,Unknown,Unknown,T0000,Unknown Technique,Unknown,Level 2
_result,4,2026-07-24 20:29:11.255273+00:00,2026-07-25 02:56:34.423623+00:00,2026-07-24 21:47:45.992974+00:00,security_metrics,ml_engine,a12aafb3,-0.22148650884628296,0.012482610179751608,1,0.22148650884628296,Unknown,Unknown,T0000,Unknown Technique,Unknown,Level 2
_result,4,2026-07-24 20:29:11.255273+00:00,2026-07-25 02:56:34.423623+00:00,2026-07-24 21:48:02.137915+00:00,security_metrics,ml_engine,a12aafb3,-0.15426594018936157,0.041269681757050924,1,0.15426594018936157,Unknown,Unknown,T0000,Unknown Technique,Unknown,Level 2
_result,4,2026-07-24 20:29:11.255273+00:00,2026-07-25 02:56:34.423623+00:00,2026-07-24 21:48:18.325640+00:00,security_metrics,ml_engine,a12aafb3,-0.08598010987043381,0.055032030179872904,1,0.08598010987043381,Unknown,Unknown,T0000,Unknown Technique,Unknown,Level 2
_result,4,2026-07-24 20:29:11.255273+00:00,2026-07-25 02:56:34.423623+00:00,2026-07-24 21:48:34.508156+00:00,security_metrics,ml_engine,a12aafb3,-0.08598078787326813,0.06689167057990297,1,0.08598078787326813,Unknown,Unknown,T0000,Unknown Technique,Unknown,Level 2
_result,4,2026-07-24 20:29:11.255273+00:00,2026-07-25 02:56:34.423623+00:00,2026-07-24 21:48:50.657459+00:00,security_metrics,ml_engine,a12aafb3,-0.08597962558269501,0.06790750198712237,1,0.08597962558269501,Unknown,Unknown,T0000,Unknown Technique,Unknown,Level 2
_result,4,2026-07-24 20:29:11.255273+00:00,2026-07-25 02:56:34.423623+00:00,2026-07-24 21:49:06.915771+00:00,security_metrics,ml_engine,a12aafb3,-0.08598066121339798,0.06811926193552631,1,0.08598066121339798,Unknown,Unknown,T0000,Unknown Technique,Unknown,Level 2
_result,4,2026-07-24 20:29:11.255273+00:00,2026-07-25 02:56:34.423623+00:00,2026-07-24 21:49:23.075735+00:00,security_metrics,ml_engine,a12aafb3,-0.08597991615533829,0.048985235914592584,1,0.08597991615533829,Unknown,Unknown,T0000,Unknown Technique,Unknown,Level 2
_result,4,2026-07-24 20:29:11.255273+00:00,2026-07-25 02:56:34.423623+00:00,2026-07-24 21:49:39.226874+00:00,security_metrics,ml_engine,a12aafb3,-0.08597959578037262,0.05192691070004751,1,0.08597959578037262,Unknown,Unknown,T0000,Unknown Technique,Unknown,Level 2
_result,4,2026-07-24 20:29:11.255273+00:00,2026-07-25 02:56:34.423623+00:00,2026-07-24 21:49:55.464062+00:00,security_metrics,ml_engine,a12aafb3,-0.08597960323095322,0.06809632628538498,1,0.08597960323095322,Unknown,Unknown,T0000,Unknown Technique,Unknown,Level 2
_result,4,2026-07-24 20:29:11.255273+00:00,2026-07-25 02:56:34.423623+00:00,2026-07-24 21:50:11.658591+00:00,security_metrics,ml_engine,a12aafb3,-0.08597933501005173,0.06326429359726626,1,0.08597933501005173,Unknown,Unknown,T0000,Unknown Technique,Unknown,Level 2
_result,4,2026-07-24 20:29:11.255273+00:00,2026-07-25 02:56:34.423623+00:00,2026-07-24 21:50:27.943654+00:00,security_metrics,ml_engine,a12aafb3,-0.0859798789024353,0.06366924760756432,1,0.0859798789024353,Unknown,Unknown,T0000,Unknown Technique,Unknown,Level 2
_result,4,2026-07-24 20:29:11.255273+00:00,2026-07-25 02:56:34.423623+00:00,2026-07-24 21:50:44.134509+00:00,security_metrics,ml_engine,a12aafb3,-0.08598048985004425,0.04841456328654625,1,0.08598048985004425,Unknown,Unknown,T0000,Unknown Technique,Unknown,Level 2
_result,4,2026-07-24 20:29:11.255273+00:00,2026-07-25 02:56:34.423623+00:00,2026-07-24 21:51:00.303777+00:00,security_metrics,ml_engine,a12aafb3,-0.0859789103269577,0.055032030179872904,1,0.0859789103269577,Unknown,Unknown,T0000,Unknown Technique,Unknown,Level 2
_result,4,2026-07-24 20:29:11.255273+00:00,2026-07-25 02:56:34.423623+00:00,2026-07-24 21:51:16.471357+00:00,security_metrics,ml_engine,a12aafb3,-0.08597984910011292,0.059273986791348876,1,0.08597984910011292,Unknown,Unknown,T0000,Unknown Technique,Unknown,Level 2
_result,4,2026-07-24 20:29:11.255273+00:00,2026-07-25 02:56:34.423623+00:00,2026-07-24 21:51:32.756800+00:00,security_metrics,ml_engine,a12aafb3,-0.08598034083843231,0.06251899771650937,1,0.08598034083843231,Unknown,Unknown,T0000,Unknown Technique,Unknown,Level 2
_result,4,2026-07-24 20:29:11.255273+00:00,2026-07-25 02:56:34.423623+00:00,2026-07-24 21:51:48.948796+00:00,security_metrics,ml_engine,a12aafb3,-0.08597999811172485,0.052555804507133375,1,0.08597999811172485,Unknown,Unknown,T0000,Unknown Technique,Unknown,Level 2
_result,4,2026-07-24 20:29:11.255273+00:00,2026-07-25 02:56:34.423623+00:00,2026-07-24 21:52:05.182889+00:00,security_metrics,ml_engine,a12aafb3,-0.0859796553850174,0.060733848131724555,1,0.0859796553850174,Unknown,Unknown,T0000,Unknown Technique,Unknown,Level 2
_result,4,2026-07-24 20:29:11.255273+00:00,2026-07-25 02:56:34.423623+00:00,2026-07-24 21:52:21.368958+00:00,security_metrics,ml_engine,a12aafb3,-0.08597955852746964,0.0580393709539333,1,0.08597955852746964,Unknown,Unknown,T0000,Unknown Technique,Unknown,Level 2
_result,4,2026-07-24 20:29:11.255273+00:00,2026-07-25 02:56:34.423623+00:00,2026-07-24 21:52:37.548152+00:00,security_metrics,ml_engine,a12aafb3,-0.08598051220178604,0.06761567299137283,1,0.08598051220178604,Unknown,Unknown,T0000,Unknown Technique,Unknown,Level 2
_result,4,2026-07-24 20:29:11.255273+00:00,2026-07-25 02:56:34.423623+00:00,2026-07-24 21:52:53.844538+00:00,security_metrics,ml_engine,a12aafb3,-0.0859801322221756,0.06339100011760257,1,0.0859801322221756,Unknown,Unknown,T0000,Unknown Technique,Unknown,Level 2
_result,4,2026-07-24 20:29:11.255273+00:00,2026-07-25 02:56:34.423623+00:00,2026-07-24 21:53:10.040383+00:00,security_metrics,ml_engine,a12aafb3,-0.08597958832979202,0.06323603986882487,1,0.08597958832979202,Unknown,Unknown,T0000,Unknown Technique,Unknown,Level 2
_result,4,2026-07-24 20:29:11.255273+00:00,2026-07-25 02:56:34.423623+00:00,2026-07-24 21:53:26.271080+00:00,security_metrics,ml_engine,a12aafb3,-0.08598006516695023,0.060677458366231285,1,0.08598006516695023,Unknown,Unknown,T0000,Unknown Technique,Unknown,Level 2
_result,4,2026-07-24 20:29:11.255273+00:00,2026-07-25 02:56:34.423623+00:00,2026-07-24 21:53:42.488667+00:00,security_metrics,ml_engine,a12aafb3,-0.08597898483276367,0.05192691070004751,1,0.08597898483276367,Unknown,Unknown,T0000,Unknown Technique,Unknown,Level 2
_result,4,2026-07-24 20:29:11.255273+00:00,2026-07-25 02:56:34.423623+00:00,2026-07-24 21:53:58.689963+00:00,security_metrics,ml_engine,a12aafb3,-0.08597994595766068,0.06504897824865208,1,0.08597994595766068,Unknown,Unknown,T0000,Unknown Technique,Unknown,Level 2
_result,4,2026-07-24 20:29:11.255273+00:00,2026-07-25 02:56:34.423623+00:00,2026-07-24 21:54:15.092929+00:00,security_metrics,ml_engine,a12aafb3,-0.08598056435585022,0.03709834122858657,1,0.08598056435585022,Unknown,Unknown,T0000,Unknown Technique,Unknown,Level 2
_result,4,2026-07-24 20:29:11.255273+00:00,2026-07-25 02:56:34.423623+00:00,2026-07-24 21:54:31.369418+00:00,security_metrics,ml_engine,a12aafb3,-0.08597952872514725,0.04841456328654625,1,0.08597952872514725,Unknown,Unknown,T0000,Unknown Technique,Unknown,Level 2
_result,4,2026-07-24 20:29:11.255273+00:00,2026-07-25 02:56:34.423623+00:00,2026-07-24 21:54:47.662343+00:00,security_metrics,ml_engine,a12aafb3,-0.08597929030656815,0.04841456328654625,1,0.08597929030656815,Unknown,Unknown,T0000,Unknown Technique,Unknown,Level 2
_result,4,2026-07-24 20:29:11.255273+00:00,2026-07-25 02:56:34.423623+00:00,2026-07-24 21:55:03.990152+00:00,security_metrics,ml_engine,a12aafb3,-0.0859794169664383,0.018508225912504894,1,0.0859794169664383,Unknown,Unknown,T0000,Unknown Technique,Unknown,Level 2
_result,4,2026-07-24 20:29:11.255273+00:00,2026-07-25 02:56:34.423623+00:00,2026-07-24 21:55:20.389492+00:00,security_metrics,ml_engine,a12aafb3,-0.08597952127456665,0.05784779571927767,1,0.08597952127456665,Unknown,Unknown,T0000,Unknown Technique,Unknown,Level 2
_result,4,2026-07-24 20:29:11.255273+00:00,2026-07-25 02:56:34.423623+00:00,2026-07-24 21:55:36.694843+00:00,security_metrics,ml_engine,a12aafb3,-0.085979163646698,0.06809632628538498,1,0.085979163646698,Unknown,Unknown,T0000,Unknown Technique,Unknown,Level 2
_result,4,2026-07-24 20:29:11.255273+00:00,2026-07-25 02:56:34.423623+00:00,2026-07-24 21:55:53.006679+00:00,security_metrics,ml_engine,a12aafb3,-0.08597917854785919,0.0616798082430684,1,0.08597917854785919,Unknown,Unknown,T0000,Unknown Technique,Unknown,Level 2
_result,4,2026-07-24 20:29:11.255273+00:00,2026-07-25 02:56:34.423623+00:00,2026-07-24 21:56:09.310918+00:00,security_metrics,ml_engine,a12aafb3,-0.08598024398088455,0.038444429514391865,1,0.08598024398088455,Unknown,Unknown,T0000,Unknown Technique,Unknown,Level 2
_result,4,2026-07-24 20:29:11.255273+00:00,2026-07-25 02:56:34.423623+00:00,2026-07-24 21:56:25.708468+00:00,security_metrics,ml_engine,a12aafb3,-0.08598064631223679,0.06677245517328179,1,0.08598064631223679,Unknown,Unknown,T0000,Unknown Technique,Unknown,Level 2
_result,4,2026-07-24 20:29:11.255273+00:00,2026-07-25 02:56:34.423623+00:00,2026-07-24 21:56:42.003539+00:00,security_metrics,ml_engine,a12aafb3,-0.0859798938035965,0.04841456328654625,1,0.0859798938035965,Unknown,Unknown,T0000,Unknown Technique,Unknown,Level 2
_result,4,2026-07-24 20:29:11.255273+00:00,2026-07-25 02:56:34.423623+00:00,2026-07-24 21:56:58.346750+00:00,security_metrics,ml_engine,a12aafb3,-0.08597949892282486,0.04307144912518268,1,0.08597949892282486,Unknown,Unknown,T0000,Unknown Technique,Unknown,Level 2
_result,4,2026-07-24 20:29:11.255273+00:00,2026-07-25 02:56:34.423623+00:00,2026-07-24 21:57:14.649406+00:00,security_metrics,ml_engine,a12aafb3,-0.08597926795482635,0.06761567299137283,1,0.08597926795482635,Unknown,Unknown,T0000,Unknown Technique,Unknown,Level 2
_result,4,2026-07-24 20:29:11.255273+00:00,2026-07-25 02:56:34.423623+00:00,2026-07-24 21:57:30.972942+00:00,security_metrics,ml_engine,a12aafb3,-0.08597991615533829,0.05192691070004751,1,0.08597991615533829,Unknown,Unknown,T0000,Unknown Technique,Unknown,Level 2
_result,4,2026-07-24 20:29:11.255273+00:00,2026-07-25 02:56:34.423623+00:00,2026-07-24 21:57:47.390856+00:00,security_metrics,ml_engine,a12aafb3,-0.085980623960495,0.04917533145712227,1,0.085980623960495,Unknown,Unknown,T0000,Unknown Technique,Unknown,Level 2
_result,4,2026-07-24 20:29:11.255273+00:00,2026-07-25 02:56:34.423623+00:00,2026-07-24 21:58:03.717242+00:00,security_metrics,ml_engine,a12aafb3,-0.0859796330332756,0.04619479691555406,1,0.0859796330332756,Unknown,Unknown,T0000,Unknown Technique,Unknown,Level 2
_result,4,2026-07-24 20:29:11.255273+00:00,2026-07-25 02:56:34.423623+00:00,2026-07-24 21:58:20.051408+00:00,security_metrics,ml_engine,a12aafb3,-0.08597967028617859,0.06282317523378056,1,0.08597967028617859,Unknown,Unknown,T0000,Unknown Technique,Unknown,Level 2
_result,4,2026-07-24 20:29:11.255273+00:00,2026-07-25 02:56:34.423623+00:00,2026-07-24 21:58:36.375282+00:00,security_metrics,ml_engine,a12aafb3,-0.08597967028617859,0.050415753154034904,1,0.08597967028617859,Unknown,Unknown,T0000,Unknown Technique,Unknown,Level 2
_result,4,2026-07-24 20:29:11.255273+00:00,2026-07-25 02:56:34.423623+00:00,2026-07-24 21:58:52.821357+00:00,security_metrics,ml_engine,a12aafb3,-0.08598103374242783,0.055220080479243094,1,0.08598103374242783,Unknown,Unknown,T0000,Unknown Technique,Unknown,Level 2
_result,4,2026-07-24 20:29:11.255273+00:00,2026-07-25 02:56:34.423623+00:00,2026-07-24 21:59:09.206078+00:00,security_metrics,ml_engine,a12aafb3,-0.08598125725984573,0.033371518239037834,1,0.08598125725984573,Unknown,Unknown,T0000,Unknown Technique,Unknown,Level 2
_result,4,2026-07-24 20:29:11.255273+00:00,2026-07-25 02:56:34.423623+00:00,2026-07-24 21:59:25.559469+00:00,security_metrics,ml_engine,a12aafb3,-0.08598018437623978,0.04841456328654625,1,0.08598018437623978,Unknown,Unknown,T0000,Unknown Technique,Unknown,Level 2
_result,4,2026-07-24 20:29:11.255273+00:00,2026-07-25 02:56:34.423623+00:00,2026-07-24 21:59:41.894920+00:00,security_metrics,ml_engine,a12aafb3,-0.08597998321056366,0.06300859028785755,1,0.08597998321056366,Unknown,Unknown,T0000,Unknown Technique,Unknown,Level 2
_result,4,2026-07-24 20:29:11.255273+00:00,2026-07-25 02:56:34.423623+00:00,2026-07-24 21:59:58.342678+00:00,security_metrics,ml_engine,a12aafb3,-0.08597912639379501,0.059273986791348876,1,0.08597912639379501,Unknown,Unknown,T0000,Unknown Technique,Unknown,Level 2
_result,4,2026-07-24 20:29:11.255273+00:00,2026-07-25 02:56:34.423623+00:00,2026-07-24 22:00:14.706033+00:00,security_metrics,ml_engine,a12aafb3,-0.08597966283559799,0.055220080479243094,1,0.08597966283559799,Unknown,Unknown,T0000,Unknown Technique,Unknown,Level 2
_result,4,2026-07-24 20:29:11.255273+00:00,2026-07-25 02:56:34.423623+00:00,2026-07-24 22:00:31.052841+00:00,security_metrics,ml_engine,a12aafb3,-0.08597946912050247,0.052555804507133375,1,0.08597946912050247,Unknown,Unknown,T0000,Unknown Technique,Unknown,Level 2
_result,4,2026-07-24 20:29:11.255273+00:00,2026-07-25 02:56:34.423623+00:00,2026-07-24 22:00:47.453163+00:00,security_metrics,ml_engine,a12aafb3,-0.08598041534423828,0.055880569505504685,1,0.08598041534423828,Unknown,Unknown,T0000,Unknown Technique,Unknown,Level 2
_result,4,2026-07-24 20:29:11.255273+00:00,2026-07-25 02:56:34.423623+00:00,2026-07-24 22:01:03.918279+00:00,security_metrics,ml_engine,a12aafb3,-0.08597909659147263,0.05192691070004751,1,0.08597909659147263,Unknown,Unknown,T0000,Unknown Technique,Unknown,Level 2
_result,4,2026-07-24 20:29:11.255273+00:00,2026-07-25 02:56:34.423623+00:00,2026-07-24 22:01:20.262333+00:00,security_metrics,ml_engine,a12aafb3,-0.08598072081804276,0.03805691127233812,1,0.08598072081804276,Unknown,Unknown,T0000,Unknown Technique,Unknown,Level 2
_result,4,2026-07-24 20:29:11.255273+00:00,2026-07-25 02:56:34.423623+00:00,2026-07-24 22:01:36.613486+00:00,security_metrics,ml_engine,a12aafb3,-0.08598019927740097,0.05697786350239775,1,0.08598019927740097,Unknown,Unknown,T0000,Unknown Technique,Unknown,Level 2
_result,4,2026-07-24 20:29:11.255273+00:00,2026-07-25 02:56:34.423623+00:00,2026-07-24 22:01:52.968082+00:00,security_metrics,ml_engine,a12aafb3,-0.08597958832979202,0.06650642507308047,1,0.08597958832979202,Unknown,Unknown,T0000,Unknown Technique,Unknown,Level 2
_result,4,2026-07-24 20:29:11.255273+00:00,2026-07-25 02:56:34.423623+00:00,2026-07-24 22:02:09.373516+00:00,security_metrics,ml_engine,a12aafb3,-0.08598079532384872,0.037669130752027935,1,0.08598079532384872,Unknown,Unknown,T0000,Unknown Technique,Unknown,Level 2
_result,4,2026-07-24 20:29:11.255273+00:00,2026-07-25 02:56:34.423623+00:00,2026-07-24 22:02:25.844059+00:00,security_metrics,ml_engine,a12aafb3,-0.08597981184720993,0.06649827407943376,1,0.08597981184720993,Unknown,Unknown,T0000,Unknown Technique,Unknown,Level 2
_result,4,2026-07-24 20:29:11.255273+00:00,2026-07-25 02:56:34.423623+00:00,2026-07-24 22:02:42.219994+00:00,security_metrics,ml_engine,a12aafb3,-0.15412533283233643,0.0623334170085974,1,0.15412533283233643,Unknown,Unknown,T0000,Unknown Technique,Unknown,Level 2
_result,4,2026-07-24 20:29:11.255273+00:00,2026-07-25 02:56:34.423623+00:00,2026-07-24 22:02:58.608452+00:00,security_metrics,ml_engine,a12aafb3,-0.19394436478614807,0.0735451837008777,1,0.19394436478614807,Unknown,Unknown,T0000,Unknown Technique,Unknown,Level 2
_result,4,2026-07-24 20:29:11.255273+00:00,2026-07-25 02:56:34.423623+00:00,2026-07-24 22:03:14.995666+00:00,security_metrics,ml_engine,a12aafb3,-0.22328729927539825,0.02172262795489155,1,0.22328729927539825,Unknown,Unknown,T0000,Unknown Technique,Unknown,Level 2
_result,4,2026-07-24 20:29:11.255273+00:00,2026-07-25 02:56:34.423623+00:00,2026-07-24 22:03:31.534389+00:00,security_metrics,ml_engine,a12aafb3,-0.2243356853723526,-0.04768351097534451,1,0.2243356853723526,Unknown,Unknown,T0000,Unknown Technique,Unknown,Level 2
_result,4,2026-07-24 20:29:11.255273+00:00,2026-07-25 02:56:34.423623+00:00,2026-07-24 22:03:47.947884+00:00,security_metrics,ml_engine,a12aafb3,-0.08569467812776566,0.06827995777024409,1,0.08569467812776566,Unknown,Unknown,T0000,Unknown Technique,Unknown,Level 2
_result,4,2026-07-24 20:29:11.255273+00:00,2026-07-25 02:56:34.423623+00:00,2026-07-24 22:04:04.371223+00:00,security_metrics,ml_engine,a12aafb3,-0.08597972989082336,0.04307144912518268,1,0.08597972989082336,Unknown,Unknown,T0000,Unknown Technique,Unknown,Level 2
_result,4,2026-07-24 20:29:11.255273+00:00,2026-07-25 02:56:34.423623+00:00,2026-07-24 22:04:20.788203+00:00,security_metrics,ml_engine,a12aafb3,-0.0859811007976532,0.06650642507308047,1,0.0859811007976532,Unknown,Unknown,T0000,Unknown Technique,Unknown,Level 2
_result,4,2026-07-24 20:29:11.255273+00:00,2026-07-25 02:56:34.423623+00:00,2026-07-24 22:04:37.297171+00:00,security_metrics,ml_engine,a12aafb3,-0.08597952872514725,0.04917533145712227,1,0.08597952872514725,Unknown,Unknown,T0000,Unknown Technique,Unknown,Level 2
_result,4,2026-07-24 20:29:11.255273+00:00,2026-07-25 02:56:34.423623+00:00,2026-07-24 22:04:53.742347+00:00,security_metrics,ml_engine,a12aafb3,-0.08597984164953232,0.06366924760756432,1,0.08597984164953232,Unknown,Unknown,T0000,Unknown Technique,Unknown,Level 2
_result,4,2026-07-24 20:29:11.255273+00:00,2026-07-25 02:56:34.423623+00:00,2026-07-24 22:05:10.134866+00:00,security_metrics,ml_engine,a12aafb3,-0.08598099648952484,0.04307144912518268,1,0.08598099648952484,Unknown,Unknown,T0000,Unknown Technique,Unknown,Level 2
_result,4,2026-07-24 20:29:11.255273+00:00,2026-07-25 02:56:34.423623+00:00,2026-07-24 22:05:26.530339+00:00,security_metrics,ml_engine,a12aafb3,-0.08597956597805023,0.05900984300721124,1,0.08597956597805023,Unknown,Unknown,T0000,Unknown Technique,Unknown,Level 2
_result,4,2026-07-24 20:29:11.255273+00:00,2026-07-25 02:56:34.423623+00:00,2026-07-24 22:05:43.051625+00:00,security_metrics,ml_engine,a12aafb3,-0.08597932755947113,0.06790750198712237,1,0.08597932755947113,Unknown,Unknown,T0000,Unknown Technique,Unknown,Level 2
_result,4,2026-07-24 20:29:11.255273+00:00,2026-07-25 02:56:34.423623+00:00,2026-07-24 22:05:59.455507+00:00,security_metrics,ml_engine,a12aafb3,-0.0859808698296547,0.0021783892574062103,1,0.0859808698296547,Unknown,Unknown,T0000,Unknown Technique,Unknown,Level 2
_result,4,2026-07-24 20:29:11.255273+00:00,2026-07-25 02:56:34.423623+00:00,2026-07-24 22:06:15.870071+00:00,security_metrics,ml_engine,a12aafb3,-0.08597953617572784,0.06860094831821817,1,0.08597953617572784,Unknown,Unknown,T0000,Unknown Technique,Unknown,Level 2
_result,4,2026-07-24 20:29:11.255273+00:00,2026-07-25 02:56:34.423623+00:00,2026-07-24 22:06:32.294543+00:00,security_metrics,ml_engine,a12aafb3,-0.08597997575998306,0.06284371597075056,1,0.08597997575998306,Unknown,Unknown,T0000,Unknown Technique,Unknown,Level 2
_result,4,2026-07-24 20:29:11.255273+00:00,2026-07-25 02:56:34.423623+00:00,2026-07-24 22:06:48.834599+00:00,security_metrics,ml_engine,a12aafb3,-0.08597955852746964,0.06857432453078327,1,0.08597955852746964,Unknown,Unknown,T0000,Unknown Technique,Unknown,Level 2
_result,4,2026-07-24 20:29:11.255273+00:00,2026-07-25 02:56:34.423623+00:00,2026-07-24 22:07:05.249654+00:00,security_metrics,ml_engine,a12aafb3,-0.0859803557395935,0.06317489585370406,1,0.0859803557395935,Unknown,Unknown,T0000,Unknown Technique,Unknown,Level 2
_result,4,2026-07-24 20:29:11.255273+00:00,2026-07-25 02:56:34.423623+00:00,2026-07-24 22:07:21.697703+00:00,security_metrics,ml_engine,a12aafb3,-0.08598020672798157,0.05073931346832716,1,0.08598020672798157,Unknown,Unknown,T0000,Unknown Technique,Unknown,Level 2
_result,4,2026-07-24 20:29:11.255273+00:00,2026-07-25 02:56:34.423623+00:00,2026-07-24 22:07:38.125325+00:00,security_metrics,ml_engine,a12aafb3,-0.08597994595766068,0.02777666705322701,1,0.08597994595766068,Unknown,Unknown,T0000,Unknown Technique,Unknown,Level 2
_result,4,2026-07-24 20:29:11.255273+00:00,2026-07-25 02:56:34.423623+00:00,2026-07-24 22:07:54.658165+00:00,security_metrics,ml_engine,a12aafb3,-0.08597911894321442,0.06723198626839,1,0.08597911894321442,Unknown,Unknown,T0000,Unknown Technique,Unknown,Level 2
_result,4,2026-07-24 20:29:11.255273+00:00,2026-07-25 02:56:34.423623+00:00,2026-07-24 22:08:11.149775+00:00,security_metrics,ml_engine,a12aafb3,-0.08597926795482635,0.013741892281637913,1,0.08597926795482635,Unknown,Unknown,T0000,Unknown Technique,Unknown,Level 2
_result,4,2026-07-24 20:29:11.255273+00:00,2026-07-25 02:56:34.423623+00:00,2026-07-24 22:08:27.591808+00:00,security_metrics,ml_engine,a12aafb3,-0.08597976714372635,0.06846998684719485,1,0.08597976714372635,Unknown,Unknown,T0000,Unknown Technique,Unknown,Level 2
_result,4,2026-07-24 20:29:11.255273+00:00,2026-07-25 02:56:34.423623+00:00,2026-07-24 22:08:44.049607+00:00,security_metrics,ml_engine,a12aafb3,-0.08597999811172485,0.06326298678740261,1,0.08597999811172485,Unknown,Unknown,T0000,Unknown Technique,Unknown,Level 2
_result,4,2026-07-24 20:29:11.255273+00:00,2026-07-25 02:56:34.423623+00:00,2026-07-24 22:09:00.640389+00:00,security_metrics,ml_engine,a12aafb3,-0.08598017692565918,0.041269681757050924,1,0.08598017692565918,Unknown,Unknown,T0000,Unknown Technique,Unknown,Level 2
_result,4,2026-07-24 20:29:11.255273+00:00,2026-07-25 02:56:34.423623+00:00,2026-07-24 22:09:17.106724+00:00,security_metrics,ml_engine,a12aafb3,-0.08597873896360397,0.0684444416757024,1,0.08597873896360397,Unknown,Unknown,T0000,Unknown Technique,Unknown,Level 2
_result,4,2026-07-24 20:29:11.255273+00:00,2026-07-25 02:56:34.423623+00:00,2026-07-24 22:09:33.595701+00:00,security_metrics,ml_engine,a12aafb3,-0.08598003536462784,0.008357102462091204,1,0.08598003536462784,Unknown,Unknown,T0000,Unknown Technique,Unknown,Level 2
_result,4,2026-07-24 20:29:11.255273+00:00,2026-07-25 02:56:34.423623+00:00,2026-07-24 22:09:50.071374+00:00,security_metrics,ml_engine,a12aafb3,-0.08598051220178604,0.06391902697964746,1,0.08598051220178604,Unknown,Unknown,T0000,Unknown Technique,Unknown,Level 2
_result,4,2026-07-24 20:29:11.255273+00:00,2026-07-25 02:56:34.423623+00:00,2026-07-24 22:10:06.643827+00:00,security_metrics,ml_engine,a12aafb3,-0.08598014712333679,0.05106268703066996,1,0.08598014712333679,Unknown,Unknown,T0000,Unknown Technique,Unknown,Level 2
_result,4,2026-07-24 20:29:11.255273+00:00,2026-07-25 02:56:34.423623+00:00,2026-07-24 22:10:23.111866+00:00,security_metrics,ml_engine,a12aafb3,-0.08598058670759201,0.041269681757050924,1,0.08598058670759201,Unknown,Unknown,T0000,Unknown Technique,Unknown,Level 2
_result,4,2026-07-24 20:29:11.255273+00:00,2026-07-25 02:56:34.423623+00:00,2026-07-24 22:10:39.590187+00:00,security_metrics,ml_engine,a12aafb3,-0.08597976714372635,0.06300859028785755,1,0.08597976714372635,Unknown,Unknown,T0000,Unknown Technique,Unknown,Level 2
_result,4,2026-07-24 20:29:11.255273+00:00,2026-07-25 02:56:34.423623+00:00,2026-07-24 22:10:56.068094+00:00,security_metrics,ml_engine,a12aafb3,-0.08156269043684006,0.016872696434182766,1,0.08156269043684006,Unknown,Unknown,T0000,Unknown Technique,Unknown,Level 2
_result,4,2026-07-24 20:29:11.255273+00:00,2026-07-25 02:56:34.423623+00:00,2026-07-24 22:49:00.201232+00:00,security_metrics,ml_engine,a12aafb3,-0.14169849455356598,0.06456997814663101,1,0.14169849455356598,Unknown,Unknown,T0000,Unknown Technique,Unknown,Level 2
_result,4,2026-07-24 20:29:11.255273+00:00,2026-07-25 02:56:34.423623+00:00,2026-07-24 22:57:05.483641+00:00,security_metrics,ml_engine,a12aafb3,-0.1272222101688385,0.11179773703407414,1,0.1272222101688385,Unknown,Unknown,T0000,Unknown Technique,Unknown,Level 2
