result,table,_start,_stop,_time,_measurement,sensor,session_id,anomaly_score,if_score,is_anomaly,lstm_error,kill_chain_stage,mitre_tactic,mitre_technique_id,mitre_technique_name,protocol,purdue_level
_result,0,2026-07-31 21:37:43.154390+00:00,2026-08-01 05:23:08.946824+00:00,2026-07-31 21:39:40.448749+00:00,security_metrics,ml_engine,4bc7d549,0.39158952215671805,0.39158952215671805,0,0.02282223291695118,,,,,,
_result,0,2026-07-31 21:37:43.154390+00:00,2026-08-01 05:23:08.946824+00:00,2026-07-31 21:39:55.571752+00:00,security_metrics,ml_engine,4bc7d549,0.32049392912608143,0.32049392912608143,0,0.022639760747551918,,,,,,
_result,0,2026-07-31 21:37:43.154390+00:00,2026-08-01 05:23:08.946824+00:00,2026-07-31 21:40:10.693209+00:00,security_metrics,ml_engine,4bc7d549,0.3826303003799679,0.3826303003799679,0,0.022869396954774857,,,,,,
_result,0,2026-07-31 21:37:43.154390+00:00,2026-08-01 05:23:08.946824+00:00,2026-07-31 21:40:25.864336+00:00,security_metrics,ml_engine,4bc7d549,0.3717764519100799,0.3717764519100799,0,0.023087115958333015,,,,,,
_result,0,2026-07-31 21:37:43.154390+00:00,2026-08-01 05:23:08.946824+00:00,2026-07-31 21:40:41.037249+00:00,security_metrics,ml_engine,4bc7d549,0.3419233843193164,0.3419233843193164,0,0.02291455678641796,,,,,,
_result,0,2026-07-31 21:37:43.154390+00:00,2026-08-01 05:23:08.946824+00:00,2026-07-31 21:40:56.207408+00:00,security_metrics,ml_engine,4bc7d549,0.3299714089583517,0.3299714089583517,0,0.02289043739438057,,,,,,
_result,0,2026-07-31 21:37:43.154390+00:00,2026-08-01 05:23:08.946824+00:00,2026-07-31 21:41:11.382547+00:00,security_metrics,ml_engine,4bc7d549,0.32881631341727097,0.32881631341727097,0,0.022823991253972054,,,,,,
_result,0,2026-07-31 21:37:43.154390+00:00,2026-08-01 05:23:08.946824+00:00,2026-07-31 21:41:26.567272+00:00,security_metrics,ml_engine,4bc7d549,0.3353718366170309,0.3353718366170309,0,0.022864658385515213,,,,,,
_result,0,2026-07-31 21:37:43.154390+00:00,2026-08-01 05:23:08.946824+00:00,2026-07-31 21:41:41.746637+00:00,security_metrics,ml_engine,4bc7d549,0.4035502039330493,0.4035502039330493,0,0.022909821942448616,,,,,,
_result,0,2026-07-31 21:37:43.154390+00:00,2026-08-01 05:23:08.946824+00:00,2026-07-31 21:41:56.924193+00:00,security_metrics,ml_engine,4bc7d549,0.4147823426787242,0.4147823426787242,0,0.023149728775024414,,,,,,
_result,0,2026-07-31 21:37:43.154390+00:00,2026-08-01 05:23:08.946824+00:00,2026-07-31 21:42:12.109551+00:00,security_metrics,ml_engine,4bc7d549,0.3443145943347053,0.3443145943347053,0,0.023180119693279266,,,,,,
_result,0,2026-07-31 21:37:43.154390+00:00,2026-08-01 05:23:08.946824+00:00,2026-07-31 21:42:27.291342+00:00,security_metrics,ml_engine,4bc7d549,0.4203857168853408,0.4203857168853408,0,0.023486850783228874,,,,,,
_result,0,2026-07-31 21:37:43.154390+00:00,2026-08-01 05:23:08.946824+00:00,2026-07-31 21:42:42.476472+00:00,security_metrics,ml_engine,4bc7d549,0.3861313108279746,0.3861313108279746,0,0.022878894582390785,,,,,,
_result,0,2026-07-31 21:37:43.154390+00:00,2026-08-01 05:23:08.946824+00:00,2026-07-31 21:42:57.670817+00:00,security_metrics,ml_engine,4bc7d549,0.31544904121403966,0.31544904121403966,0,0.022926101461052895,,,,,,
_result,0,2026-07-31 21:37:43.154390+00:00,2026-08-01 05:23:08.946824+00:00,2026-07-31 21:43:12.869108+00:00,security_metrics,ml_engine,4bc7d549,0.38083041991465216,0.38083041991465216,0,0.02261180803179741,,,,,,
_result,0,2026-07-31 21:37:43.154390+00:00,2026-08-01 05:23:08.946824+00:00,2026-07-31 21:43:28.056135+00:00,security_metrics,ml_engine,4bc7d549,0.41947881845226787,0.41947881845226787,0,0.02274790219962597,,,,,,
_result,0,2026-07-31 21:37:43.154390+00:00,2026-08-01 05:23:08.946824+00:00,2026-07-31 21:43:43.254929+00:00,security_metrics,ml_engine,4bc7d549,0.38011247752286426,0.38011247752286426,0,0.023059649392962456,,,,,,
_result,0,2026-07-31 21:37:43.154390+00:00,2026-08-01 05:23:08.946824+00:00,2026-07-31 21:43:58.459184+00:00,security_metrics,ml_engine,4bc7d549,0.397433867525673,0.397433867525673,0,0.022777915000915527,,,,,,
_result,0,2026-07-31 21:37:43.154390+00:00,2026-08-01 05:23:08.946824+00:00,2026-07-31 21:44:13.667599+00:00,security_metrics,ml_engine,4bc7d549,0.3682951498395248,0.3682951498395248,0,0.022675905376672745,,,,,,
_result,0,2026-07-31 21:37:43.154390+00:00,2026-08-01 05:23:08.946824+00:00,2026-07-31 21:44:28.878599+00:00,security_metrics,ml_engine,4bc7d549,0.37939016190187697,0.37939016190187697,0,0.022718563675880432,,,,,,
_result,0,2026-07-31 21:37:43.154390+00:00,2026-08-01 05:23:08.946824+00:00,2026-07-31 21:44:44.087936+00:00,security_metrics,ml_engine,4bc7d549,0.4135623165197948,0.4135623165197948,0,0.022917618975043297,,,,,,
_result,0,2026-07-31 21:37:43.154390+00:00,2026-08-01 05:23:08.946824+00:00,2026-07-31 21:44:59.306572+00:00,security_metrics,ml_engine,4bc7d549,0.3391321231685913,0.3391321231685913,0,0.02285384014248848,,,,,,
_result,0,2026-07-31 21:37:43.154390+00:00,2026-08-01 05:23:08.946824+00:00,2026-07-31 21:45:14.528995+00:00,security_metrics,ml_engine,4bc7d549,0.3804265519146485,0.3804265519146485,0,0.022952008992433548,,,,,,
_result,0,2026-07-31 21:37:43.154390+00:00,2026-08-01 05:23:08.946824+00:00,2026-07-31 21:45:29.753788+00:00,security_metrics,ml_engine,4bc7d549,0.39267387304288065,0.39267387304288065,0,0.023075353354215622,,,,,,
_result,0,2026-07-31 21:37:43.154390+00:00,2026-08-01 05:23:08.946824+00:00,2026-07-31 21:45:44.991382+00:00,security_metrics,ml_engine,4bc7d549,0.39629861788051807,0.39629861788051807,0,0.022692961618304253,,,,,,
_result,0,2026-07-31 21:37:43.154390+00:00,2026-08-01 05:23:08.946824+00:00,2026-07-31 21:46:00.220983+00:00,security_metrics,ml_engine,4bc7d549,0.4036791236041529,0.4036791236041529,0,0.02313193306326866,,,,,,
_result,0,2026-07-31 21:37:43.154390+00:00,2026-08-01 05:23:08.946824+00:00,2026-07-31 21:46:15.457212+00:00,security_metrics,ml_engine,4bc7d549,0.34530296414621353,0.34530296414621353,0,0.02303292043507099,,,,,,
_result,0,2026-07-31 21:37:43.154390+00:00,2026-08-01 05:23:08.946824+00:00,2026-07-31 21:46:30.701254+00:00,security_metrics,ml_engine,4bc7d549,0.36071632691347766,0.36071632691347766,0,0.02287757582962513,,,,,,
_result,0,2026-07-31 21:37:43.154390+00:00,2026-08-01 05:23:08.946824+00:00,2026-07-31 21:46:45.941324+00:00,security_metrics,ml_engine,4bc7d549,0.40877580236791206,0.40877580236791206,0,0.023091955110430717,,,,,,
_result,0,2026-07-31 21:37:43.154390+00:00,2026-08-01 05:23:08.946824+00:00,2026-07-31 21:47:01.187029+00:00,security_metrics,ml_engine,4bc7d549,0.4047321633552629,0.4047321633552629,0,0.022727737203240395,,,,,,
_result,0,2026-07-31 21:37:43.154390+00:00,2026-08-01 05:23:08.946824+00:00,2026-07-31 21:47:16.432072+00:00,security_metrics,ml_engine,4bc7d549,0.38931589331419886,0.38931589331419886,0,0.023083576932549477,,,,,,
_result,0,2026-07-31 21:37:43.154390+00:00,2026-08-01 05:23:08.946824+00:00,2026-07-31 21:47:31.683504+00:00,security_metrics,ml_engine,4bc7d549,0.2900652175844623,0.2900652175844623,0,0.02300920896232128,,,,,,
_result,0,2026-07-31 21:37:43.154390+00:00,2026-08-01 05:23:08.946824+00:00,2026-07-31 21:47:46.936854+00:00,security_metrics,ml_engine,4bc7d549,0.41328565427062736,0.41328565427062736,0,0.022878695279359818,,,,,,
_result,0,2026-07-31 21:37:43.154390+00:00,2026-08-01 05:23:08.946824+00:00,2026-07-31 21:48:02.198626+00:00,security_metrics,ml_engine,4bc7d549,0.42134395854529294,0.42134395854529294,0,0.02292175218462944,,,,,,
_result,0,2026-07-31 21:37:43.154390+00:00,2026-08-01 05:23:08.946824+00:00,2026-07-31 21:48:17.459479+00:00,security_metrics,ml_engine,4bc7d549,0.41827852675671,0.41827852675671,0,0.02319718338549137,,,,,,
_result,0,2026-07-31 21:37:43.154390+00:00,2026-08-01 05:23:08.946824+00:00,2026-07-31 21:48:32.722575+00:00,security_metrics,ml_engine,4bc7d549,0.3867826779601953,0.3867826779601953,0,0.022715745493769646,,,,,,
_result,0,2026-07-31 21:37:43.154390+00:00,2026-08-01 05:23:08.946824+00:00,2026-07-31 21:48:48.088236+00:00,security_metrics,ml_engine,4bc7d549,0.38481917756193496,0.38481917756193496,0,0.02268727496266365,,,,,,
_result,0,2026-07-31 21:37:43.154390+00:00,2026-08-01 05:23:08.946824+00:00,2026-07-31 21:49:03.364756+00:00,security_metrics,ml_engine,4bc7d549,0.383605216839259,0.383605216839259,0,0.022720320150256157,,,,,,
_result,0,2026-07-31 21:37:43.154390+00:00,2026-08-01 05:23:08.946824+00:00,2026-07-31 21:49:18.645734+00:00,security_metrics,ml_engine,4bc7d549,0.3697805179450202,0.3697805179450202,0,0.023271536454558372,,,,,,
_result,0,2026-07-31 21:37:43.154390+00:00,2026-08-01 05:23:08.946824+00:00,2026-07-31 21:49:33.920466+00:00,security_metrics,ml_engine,4bc7d549,0.3657158402154701,0.3657158402154701,0,0.023109935224056244,,,,,,
_result,0,2026-07-31 21:37:43.154390+00:00,2026-08-01 05:23:08.946824+00:00,2026-07-31 21:49:49.208692+00:00,security_metrics,ml_engine,4bc7d549,0.38064472090713736,0.38064472090713736,0,0.02291625551879406,,,,,,
_result,0,2026-07-31 21:37:43.154390+00:00,2026-08-01 05:23:08.946824+00:00,2026-07-31 21:50:04.493365+00:00,security_metrics,ml_engine,4bc7d549,0.41328565427062736,0.41328565427062736,0,0.022985389456152916,,,,,,
_result,0,2026-07-31 21:37:43.154390+00:00,2026-08-01 05:23:08.946824+00:00,2026-07-31 21:50:19.781491+00:00,security_metrics,ml_engine,4bc7d549,0.3354268285678655,0.3354268285678655,0,0.022983046248555183,,,,,,
_result,0,2026-07-31 21:37:43.154390+00:00,2026-08-01 05:23:08.946824+00:00,2026-07-31 21:50:35.067882+00:00,security_metrics,ml_engine,4bc7d549,0.3934049141351072,0.3934049141351072,0,0.023221779614686966,,,,,,
_result,0,2026-07-31 21:37:43.154390+00:00,2026-08-01 05:23:08.946824+00:00,2026-07-31 21:50:50.360291+00:00,security_metrics,ml_engine,4bc7d549,0.41154769581657,0.41154769581657,0,0.02306947484612465,,,,,,
_result,0,2026-07-31 21:37:43.154390+00:00,2026-08-01 05:23:08.946824+00:00,2026-07-31 21:51:05.659829+00:00,security_metrics,ml_engine,4bc7d549,0.37496919871104073,0.37496919871104073,0,0.022867459803819656,,,,,,
_result,0,2026-07-31 21:37:43.154390+00:00,2026-08-01 05:23:08.946824+00:00,2026-07-31 21:51:20.962207+00:00,security_metrics,ml_engine,4bc7d549,0.41874607194914326,0.41874607194914326,0,0.022985203191637993,,,,,,
_result,0,2026-07-31 21:37:43.154390+00:00,2026-08-01 05:23:08.946824+00:00,2026-07-31 21:51:36.267169+00:00,security_metrics,ml_engine,4bc7d549,0.38900152905742275,0.38900152905742275,0,0.0229668989777565,,,,,,
_result,0,2026-07-31 21:37:43.154390+00:00,2026-08-01 05:23:08.946824+00:00,2026-07-31 21:51:51.574039+00:00,security_metrics,ml_engine,4bc7d549,0.38565528025428136,0.38565528025428136,0,0.022889835759997368,,,,,,
_result,0,2026-07-31 21:37:43.154390+00:00,2026-08-01 05:23:08.946824+00:00,2026-07-31 21:52:06.887083+00:00,security_metrics,ml_engine,4bc7d549,0.38032848177507045,0.38032848177507045,0,0.022712741047143936,,,,,,
_result,0,2026-07-31 21:37:43.154390+00:00,2026-08-01 05:23:08.946824+00:00,2026-07-31 21:52:22.197022+00:00,security_metrics,ml_engine,4bc7d549,0.4180825202546895,0.4180825202546895,0,0.02290273644030094,,,,,,
_result,0,2026-07-31 21:37:43.154390+00:00,2026-08-01 05:23:08.946824+00:00,2026-07-31 21:52:37.517660+00:00,security_metrics,ml_engine,4bc7d549,0.3420930917301606,0.3420930917301606,0,0.022752488031983376,,,,,,
_result,0,2026-07-31 21:37:43.154390+00:00,2026-08-01 05:23:08.946824+00:00,2026-07-31 21:52:52.839491+00:00,security_metrics,ml_engine,4bc7d549,0.40480966449925754,0.40480966449925754,0,0.02285006269812584,,,,,,
_result,0,2026-07-31 21:37:43.154390+00:00,2026-08-01 05:23:08.946824+00:00,2026-07-31 21:53:08.162569+00:00,security_metrics,ml_engine,4bc7d549,0.2887207482944067,0.2887207482944067,0,0.022721271961927414,,,,,,
_result,0,2026-07-31 21:37:43.154390+00:00,2026-08-01 05:23:08.946824+00:00,2026-07-31 21:53:23.487282+00:00,security_metrics,ml_engine,4bc7d549,0.3840318194763607,0.3840318194763607,0,0.02286982536315918,,,,,,
_result,0,2026-07-31 21:37:43.154390+00:00,2026-08-01 05:23:08.946824+00:00,2026-07-31 21:53:38.819741+00:00,security_metrics,ml_engine,4bc7d549,0.3152609581586397,0.3152609581586397,0,0.022931303828954697,,,,,,
_result,0,2026-07-31 21:37:43.154390+00:00,2026-08-01 05:23:08.946824+00:00,2026-07-31 21:53:54.155697+00:00,security_metrics,ml_engine,4bc7d549,0.303840825105748,0.303840825105748,0,0.02301863208413124,,,,,,
_result,0,2026-07-31 21:37:43.154390+00:00,2026-08-01 05:23:08.946824+00:00,2026-07-31 21:54:09.498745+00:00,security_metrics,ml_engine,4bc7d549,0.34267945957832785,0.34267945957832785,0,0.022794844582676888,,,,,,
_result,0,2026-07-31 21:37:43.154390+00:00,2026-08-01 05:23:08.946824+00:00,2026-07-31 21:54:24.834438+00:00,security_metrics,ml_engine,4bc7d549,0.3762884117230855,0.3762884117230855,0,0.022894255816936493,,,,,,
_result,0,2026-07-31 21:37:43.154390+00:00,2026-08-01 05:23:08.946824+00:00,2026-07-31 21:54:40.174195+00:00,security_metrics,ml_engine,4bc7d549,0.41807988463998746,0.41807988463998746,0,0.023048100993037224,,,,,,
_result,0,2026-07-31 21:37:43.154390+00:00,2026-08-01 05:23:08.946824+00:00,2026-07-31 21:54:55.505808+00:00,security_metrics,ml_engine,4bc7d549,0.4036791236041529,0.4036791236041529,0,0.022998608648777008,,,,,,
_result,0,2026-07-31 21:37:43.154390+00:00,2026-08-01 05:23:08.946824+00:00,2026-07-31 21:55:10.843431+00:00,security_metrics,ml_engine,4bc7d549,0.3832794030146157,0.3832794030146157,0,0.022972669452428818,,,,,,
_result,0,2026-07-31 21:37:43.154390+00:00,2026-08-01 05:23:08.946824+00:00,2026-07-31 21:55:26.191685+00:00,security_metrics,ml_engine,4bc7d549,0.3905735552071346,0.3905735552071346,0,0.022461900487542152,,,,,,
_result,0,2026-07-31 21:37:43.154390+00:00,2026-08-01 05:23:08.946824+00:00,2026-07-31 21:55:41.548167+00:00,security_metrics,ml_engine,4bc7d549,0.3400274045662472,0.3400274045662472,0,0.022637037560343742,,,,,,
_result,0,2026-07-31 21:37:43.154390+00:00,2026-08-01 05:23:08.946824+00:00,2026-07-31 21:55:56.906561+00:00,security_metrics,ml_engine,4bc7d549,0.33092209565343733,0.33092209565343733,0,0.022754989564418793,,,,,,
_result,0,2026-07-31 21:37:43.154390+00:00,2026-08-01 05:23:08.946824+00:00,2026-07-31 21:56:12.272649+00:00,security_metrics,ml_engine,4bc7d549,0.3305778682874488,0.3305778682874488,0,0.02273343876004219,,,,,,
_result,0,2026-07-31 21:37:43.154390+00:00,2026-08-01 05:23:08.946824+00:00,2026-07-31 21:56:27.640919+00:00,security_metrics,ml_engine,4bc7d549,0.3439763770548283,0.3439763770548283,0,0.022771619260311127,,,,,,
_result,0,2026-07-31 21:37:43.154390+00:00,2026-08-01 05:23:08.946824+00:00,2026-07-31 21:56:43.009219+00:00,security_metrics,ml_engine,4bc7d549,0.3982212237022204,0.3982212237022204,0,0.022804053500294685,,,,,,
_result,0,2026-07-31 21:37:43.154390+00:00,2026-08-01 05:23:08.946824+00:00,2026-07-31 21:56:58.486222+00:00,security_metrics,ml_engine,4bc7d549,0.41606092294925023,0.41606092294925023,0,0.023193292319774628,,,,,,
_result,0,2026-07-31 21:37:43.154390+00:00,2026-08-01 05:23:08.946824+00:00,2026-07-31 21:57:13.862486+00:00,security_metrics,ml_engine,4bc7d549,0.38780775653309835,0.38780775653309835,0,0.0228525772690773,,,,,,
_result,0,2026-07-31 21:37:43.154390+00:00,2026-08-01 05:23:08.946824+00:00,2026-07-31 21:57:29.243789+00:00,security_metrics,ml_engine,4bc7d549,0.3371082637029953,0.3371082637029953,0,0.02270127460360527,,,,,,
_result,0,2026-07-31 21:37:43.154390+00:00,2026-08-01 05:23:08.946824+00:00,2026-07-31 21:57:44.622323+00:00,security_metrics,ml_engine,4bc7d549,0.3846384703711248,0.3846384703711248,0,0.02261653169989586,,,,,,
_result,0,2026-07-31 21:37:43.154390+00:00,2026-08-01 05:23:08.946824+00:00,2026-07-31 21:58:00.021109+00:00,security_metrics,ml_engine,4bc7d549,0.3914793347946524,0.3914793347946524,0,0.02313719317317009,,,,,,
_result,0,2026-07-31 21:37:43.154390+00:00,2026-08-01 05:23:08.946824+00:00,2026-07-31 21:58:15.408803+00:00,security_metrics,ml_engine,4bc7d549,0.3360651870102338,0.3360651870102338,0,0.02270646020770073,,,,,,
_result,0,2026-07-31 21:37:43.154390+00:00,2026-08-01 05:23:08.946824+00:00,2026-07-31 21:58:30.798182+00:00,security_metrics,ml_engine,4bc7d549,0.38410276311753133,0.38410276311753133,0,0.022683236747980118,,,,,,
_result,0,2026-07-31 21:37:43.154390+00:00,2026-08-01 05:23:08.946824+00:00,2026-07-31 21:58:46.191600+00:00,security_metrics,ml_engine,4bc7d549,0.3811229660895534,0.3811229660895534,0,0.022981995716691017,,,,,,
_result,0,2026-07-31 21:37:43.154390+00:00,2026-08-01 05:23:08.946824+00:00,2026-07-31 21:59:01.589653+00:00,security_metrics,ml_engine,4bc7d549,0.26573983999840756,0.26573983999840756,0,0.028548965230584145,,,,,,
_result,0,2026-07-31 21:37:43.154390+00:00,2026-08-01 05:23:08.946824+00:00,2026-07-31 21:59:16.995120+00:00,security_metrics,ml_engine,4bc7d549,0.3239661265728681,0.3239661265728681,0,0.02277985028922558,,,,,,
_result,0,2026-07-31 21:37:43.154390+00:00,2026-08-01 05:23:08.946824+00:00,2026-07-31 21:59:32.404397+00:00,security_metrics,ml_engine,4bc7d549,0.3444124817829503,0.3444124817829503,0,0.022995049133896828,,,,,,
_result,0,2026-07-31 21:37:43.154390+00:00,2026-08-01 05:23:08.946824+00:00,2026-07-31 21:59:47.817409+00:00,security_metrics,ml_engine,4bc7d549,0.38978640997713637,0.38978640997713637,0,0.022771699354052544,,,,,,
_result,0,2026-07-31 21:37:43.154390+00:00,2026-08-01 05:23:08.946824+00:00,2026-07-31 22:00:03.237826+00:00,security_metrics,ml_engine,4bc7d549,0.3172486077900693,0.3172486077900693,0,0.0228729248046875,,,,,,
_result,0,2026-07-31 21:37:43.154390+00:00,2026-08-01 05:23:08.946824+00:00,2026-07-31 22:00:18.655070+00:00,security_metrics,ml_engine,4bc7d549,0.40514224337411325,0.40514224337411325,0,0.022969836369156837,,,,,,
_result,0,2026-07-31 21:37:43.154390+00:00,2026-08-01 05:23:08.946824+00:00,2026-07-31 22:00:34.070049+00:00,security_metrics,ml_engine,4bc7d549,0.38601642761123406,0.38601642761123406,0,0.02286859229207039,,,,,,
_result,0,2026-07-31 21:37:43.154390+00:00,2026-08-01 05:23:08.946824+00:00,2026-07-31 22:00:49.475489+00:00,security_metrics,ml_engine,4bc7d549,0.4210877663409221,0.4210877663409221,0,0.022888517007231712,,,,,,
_result,0,2026-07-31 21:37:43.154390+00:00,2026-08-01 05:23:08.946824+00:00,2026-07-31 22:01:04.901181+00:00,security_metrics,ml_engine,4bc7d549,0.39215181648859937,0.39215181648859937,0,0.022827940061688423,,,,,,
_result,0,2026-07-31 21:37:43.154390+00:00,2026-08-01 05:23:08.946824+00:00,2026-07-31 22:01:20.320585+00:00,security_metrics,ml_engine,4bc7d549,0.3938846266013035,0.3938846266013035,0,0.02289656177163124,,,,,,
_result,0,2026-07-31 21:37:43.154390+00:00,2026-08-01 05:23:08.946824+00:00,2026-07-31 22:01:35.748927+00:00,security_metrics,ml_engine,4bc7d549,0.2992906489085266,0.2992906489085266,0,0.022846510633826256,,,,,,
_result,0,2026-07-31 21:37:43.154390+00:00,2026-08-01 05:23:08.946824+00:00,2026-07-31 22:01:51.188588+00:00,security_metrics,ml_engine,4bc7d549,0.31188107115530733,0.31188107115530733,0,0.022954313084483147,,,,,,
_result,0,2026-07-31 21:37:43.154390+00:00,2026-08-01 05:23:08.946824+00:00,2026-07-31 22:02:06.721132+00:00,security_metrics,ml_engine,4bc7d549,0.3280809133610739,0.3280809133610739,0,0.023001672700047493,,,,,,
_result,0,2026-07-31 21:37:43.154390+00:00,2026-08-01 05:23:08.946824+00:00,2026-07-31 22:02:22.162016+00:00,security_metrics,ml_engine,4bc7d549,0.2954923356563416,0.2954923356563416,0,0.02311578579246998,,,,,,
_result,0,2026-07-31 21:37:43.154390+00:00,2026-08-01 05:23:08.946824+00:00,2026-07-31 22:02:37.605828+00:00,security_metrics,ml_engine,4bc7d549,0.4025072830899341,0.4025072830899341,0,0.023035628721117973,,,,,,
_result,0,2026-07-31 21:37:43.154390+00:00,2026-08-01 05:23:08.946824+00:00,2026-07-31 22:02:53.053426+00:00,security_metrics,ml_engine,4bc7d549,0.3869250147680944,0.3869250147680944,0,0.02284504473209381,,,,,,
_result,0,2026-07-31 21:37:43.154390+00:00,2026-08-01 05:23:08.946824+00:00,2026-07-31 22:03:08.500088+00:00,security_metrics,ml_engine,4bc7d549,0.3919051975542421,0.3919051975542421,0,0.022830776870250702,,,,,,
_result,0,2026-07-31 21:37:43.154390+00:00,2026-08-01 05:23:08.946824+00:00,2026-07-31 22:03:23.955413+00:00,security_metrics,ml_engine,4bc7d549,0.37550325789240374,0.37550325789240374,0,0.022890741005539894,,,,,,
_result,0,2026-07-31 21:37:43.154390+00:00,2026-08-01 05:23:08.946824+00:00,2026-07-31 22:03:39.410997+00:00,security_metrics,ml_engine,4bc7d549,0.33407831772347646,0.33407831772347646,0,0.022940712049603462,,,,,,
_result,0,2026-07-31 21:37:43.154390+00:00,2026-08-01 05:23:08.946824+00:00,2026-07-31 22:03:54.873913+00:00,security_metrics,ml_engine,4bc7d549,0.3932837162215848,0.3932837162215848,0,0.022969750687479973,,,,,,
_result,0,2026-07-31 21:37:43.154390+00:00,2026-08-01 05:23:08.946824+00:00,2026-07-31 22:04:10.337182+00:00,security_metrics,ml_engine,4bc7d549,0.3820082845264125,0.3820082845264125,0,0.022613398730754852,,,,,,
_result,0,2026-07-31 21:37:43.154390+00:00,2026-08-01 05:23:08.946824+00:00,2026-07-31 22:04:25.812554+00:00,security_metrics,ml_engine,4bc7d549,0.37429241982351374,0.37429241982351374,0,0.02267923764884472,,,,,,
_result,0,2026-07-31 21:37:43.154390+00:00,2026-08-01 05:23:08.946824+00:00,2026-07-31 22:04:41.275204+00:00,security_metrics,ml_engine,4bc7d549,0.41688604995184203,0.41688604995184203,0,0.02326515130698681,,,,,,
_result,0,2026-07-31 21:37:43.154390+00:00,2026-08-01 05:23:08.946824+00:00,2026-07-31 22:04:56.742528+00:00,security_metrics,ml_engine,4bc7d549,0.42190793230044876,0.42190793230044876,0,0.02280726283788681,,,,,,
_result,0,2026-07-31 21:37:43.154390+00:00,2026-08-01 05:23:08.946824+00:00,2026-07-31 22:05:12.228870+00:00,security_metrics,ml_engine,4bc7d549,0.31239446583164343,0.31239446583164343,0,0.022495198994874954,,,,,,
_result,0,2026-07-31 21:37:43.154390+00:00,2026-08-01 05:23:08.946824+00:00,2026-07-31 22:05:27.707147+00:00,security_metrics,ml_engine,4bc7d549,0.3934680240238638,0.3934680240238638,0,0.02315138280391693,,,,,,
_result,0,2026-07-31 21:37:43.154390+00:00,2026-08-01 05:23:08.946824+00:00,2026-07-31 22:05:43.188555+00:00,security_metrics,ml_engine,4bc7d549,0.4124390456186113,0.4124390456186113,0,0.022922322154045105,,,,,,
_result,0,2026-07-31 21:37:43.154390+00:00,2026-08-01 05:23:08.946824+00:00,2026-07-31 22:05:58.674752+00:00,security_metrics,ml_engine,4bc7d549,0.29221509441468185,0.29221509441468185,0,0.022761501371860504,,,,,,
_result,0,2026-07-31 21:37:43.154390+00:00,2026-08-01 05:23:08.946824+00:00,2026-07-31 22:06:14.257309+00:00,security_metrics,ml_engine,4bc7d549,0.4065248326295196,0.4065248326295196,0,0.02311890199780464,,,,,,
_result,0,2026-07-31 21:37:43.154390+00:00,2026-08-01 05:23:08.946824+00:00,2026-07-31 22:06:29.759003+00:00,security_metrics,ml_engine,4bc7d549,0.41256784204202007,0.41256784204202007,0,0.022892551496624947,,,,,,
_result,0,2026-07-31 21:37:43.154390+00:00,2026-08-01 05:23:08.946824+00:00,2026-07-31 22:06:45.251344+00:00,security_metrics,ml_engine,4bc7d549,0.3294073171813552,0.3294073171813552,0,0.02276218682527542,,,,,,
_result,0,2026-07-31 21:37:43.154390+00:00,2026-08-01 05:23:08.946824+00:00,2026-07-31 22:07:00.754479+00:00,security_metrics,ml_engine,4bc7d549,0.32356933871971544,0.32356933871971544,0,0.022767091169953346,,,,,,
_result,0,2026-07-31 21:37:43.154390+00:00,2026-08-01 05:23:08.946824+00:00,2026-07-31 22:07:16.260794+00:00,security_metrics,ml_engine,4bc7d549,0.3864146804093728,0.3864146804093728,0,0.022846246138215065,,,,,,
_result,0,2026-07-31 21:37:43.154390+00:00,2026-08-01 05:23:08.946824+00:00,2026-07-31 22:07:31.765970+00:00,security_metrics,ml_engine,4bc7d549,0.3919362459275142,0.3919362459275142,0,0.02290186658501625,,,,,,
_result,0,2026-07-31 21:37:43.154390+00:00,2026-08-01 05:23:08.946824+00:00,2026-07-31 22:07:47.267934+00:00,security_metrics,ml_engine,4bc7d549,0.3781787992721483,0.3781787992721483,0,0.02245531603693962,,,,,,
_result,0,2026-07-31 21:37:43.154390+00:00,2026-08-01 05:23:08.946824+00:00,2026-07-31 22:08:02.784876+00:00,security_metrics,ml_engine,4bc7d549,0.3945646391729302,0.3945646391729302,0,0.02290826290845871,,,,,,
_result,0,2026-07-31 21:37:43.154390+00:00,2026-08-01 05:23:08.946824+00:00,2026-07-31 22:08:18.294142+00:00,security_metrics,ml_engine,4bc7d549,0.3966765821255592,0.3966765821255592,0,0.023032179102301598,,,,,,
_result,0,2026-07-31 21:37:43.154390+00:00,2026-08-01 05:23:08.946824+00:00,2026-07-31 22:08:33.818132+00:00,security_metrics,ml_engine,4bc7d549,0.3463260584918308,0.3463260584918308,0,0.022838199511170387,,,,,,
_result,0,2026-07-31 21:37:43.154390+00:00,2026-08-01 05:23:08.946824+00:00,2026-07-31 22:08:49.336014+00:00,security_metrics,ml_engine,4bc7d549,0.383906982993581,0.383906982993581,0,0.022632235661149025,,,,,,
_result,0,2026-07-31 21:37:43.154390+00:00,2026-08-01 05:23:08.946824+00:00,2026-07-31 22:09:04.863450+00:00,security_metrics,ml_engine,4bc7d549,0.3251850880246284,0.3251850880246284,0,0.022749144583940506,,,,,,
_result,0,2026-07-31 21:37:43.154390+00:00,2026-08-01 05:23:08.946824+00:00,2026-07-31 22:09:20.387550+00:00,security_metrics,ml_engine,4bc7d549,0.3818823316168414,0.3818823316168414,0,0.022741232067346573,,,,,,
_result,0,2026-07-31 21:37:43.154390+00:00,2026-08-01 05:23:08.946824+00:00,2026-07-31 22:09:36.019282+00:00,security_metrics,ml_engine,4bc7d549,0.3241548386419774,0.3241548386419774,0,0.022997237741947174,,,,,,
_result,0,2026-07-31 21:37:43.154390+00:00,2026-08-01 05:23:08.946824+00:00,2026-07-31 22:09:51.555095+00:00,security_metrics,ml_engine,4bc7d549,0.35408256607893845,0.35408256607893845,0,0.0230006892234087,,,,,,
_result,0,2026-07-31 21:37:43.154390+00:00,2026-08-01 05:23:08.946824+00:00,2026-07-31 22:10:07.088823+00:00,security_metrics,ml_engine,4bc7d549,0.36141297697663444,0.36141297697663444,0,0.022675810381770134,,,,,,
_result,0,2026-07-31 21:37:43.154390+00:00,2026-08-01 05:23:08.946824+00:00,2026-07-31 22:10:22.642454+00:00,security_metrics,ml_engine,4bc7d549,0.38931589331419886,0.38931589331419886,0,0.022968463599681854,,,,,,
_result,0,2026-07-31 21:37:43.154390+00:00,2026-08-01 05:23:08.946824+00:00,2026-07-31 22:10:38.183078+00:00,security_metrics,ml_engine,4bc7d549,0.28645786790266153,0.28645786790266153,0,0.02320558950304985,,,,,,
_result,0,2026-07-31 21:37:43.154390+00:00,2026-08-01 05:23:08.946824+00:00,2026-07-31 22:10:53.732687+00:00,security_metrics,ml_engine,4bc7d549,0.39014817863504697,0.39014817863504697,0,0.022738540545105934,,,,,,
_result,0,2026-07-31 21:37:43.154390+00:00,2026-08-01 05:23:08.946824+00:00,2026-07-31 22:11:09.285062+00:00,security_metrics,ml_engine,4bc7d549,0.4094878914361818,0.4094878914361818,0,0.02302226610481739,,,,,,
_result,0,2026-07-31 21:37:43.154390+00:00,2026-08-01 05:23:08.946824+00:00,2026-07-31 22:11:24.838936+00:00,security_metrics,ml_engine,4bc7d549,0.3853438387214891,0.3853438387214891,0,0.02283087931573391,,,,,,
_result,0,2026-07-31 21:37:43.154390+00:00,2026-08-01 05:23:08.946824+00:00,2026-07-31 22:11:40.391966+00:00,security_metrics,ml_engine,4bc7d549,0.38364558392827475,0.38364558392827475,0,0.0228844303637743,,,,,,
_result,0,2026-07-31 21:37:43.154390+00:00,2026-08-01 05:23:08.946824+00:00,2026-07-31 22:11:55.957515+00:00,security_metrics,ml_engine,4bc7d549,0.3851932837776827,0.3851932837776827,0,0.022991664707660675,,,,,,
_result,0,2026-07-31 21:37:43.154390+00:00,2026-08-01 05:23:08.946824+00:00,2026-07-31 22:12:11.530475+00:00,security_metrics,ml_engine,4bc7d549,0.337883987023489,0.337883987023489,0,0.02284117229282856,,,,,,
_result,0,2026-07-31 21:37:43.154390+00:00,2026-08-01 05:23:08.946824+00:00,2026-07-31 22:12:27.093646+00:00,security_metrics,ml_engine,4bc7d549,0.3407405302139399,0.3407405302139399,0,0.0230683796107769,,,,,,
_result,0,2026-07-31 21:37:43.154390+00:00,2026-08-01 05:23:08.946824+00:00,2026-07-31 22:12:42.670818+00:00,security_metrics,ml_engine,4bc7d549,0.3420902361744857,0.3420902361744857,0,0.022984396666288376,,,,,,
_result,0,2026-07-31 21:37:43.154390+00:00,2026-08-01 05:23:08.946824+00:00,2026-07-31 22:12:58.331173+00:00,security_metrics,ml_engine,4bc7d549,0.40294746934726833,0.40294746934726833,0,0.022976350039243698,,,,,,
_result,0,2026-07-31 21:37:43.154390+00:00,2026-08-01 05:23:08.946824+00:00,2026-07-31 22:13:13.904750+00:00,security_metrics,ml_engine,4bc7d549,0.34099650802045023,0.34099650802045023,0,0.02283889800310135,,,,,,
_result,0,2026-07-31 21:37:43.154390+00:00,2026-08-01 05:23:08.946824+00:00,2026-07-31 22:13:29.485472+00:00,security_metrics,ml_engine,4bc7d549,0.4152143178276877,0.4152143178276877,0,0.022885868325829506,,,,,,
_result,0,2026-07-31 21:37:43.154390+00:00,2026-08-01 05:23:08.946824+00:00,2026-07-31 22:13:45.063263+00:00,security_metrics,ml_engine,4bc7d549,0.38374713936134514,0.38374713936134514,0,0.02264513075351715,,,,,,
_result,0,2026-07-31 21:37:43.154390+00:00,2026-08-01 05:23:08.946824+00:00,2026-07-31 22:14:00.654310+00:00,security_metrics,ml_engine,4bc7d549,0.4025072830899341,0.4025072830899341,0,0.02308887057006359,,,,,,
_result,0,2026-07-31 21:37:43.154390+00:00,2026-08-01 05:23:08.946824+00:00,2026-07-31 22:14:16.248690+00:00,security_metrics,ml_engine,4bc7d549,0.3218302069970458,0.3218302069970458,0,0.02284303680062294,,,,,,
_result,0,2026-07-31 21:37:43.154390+00:00,2026-08-01 05:23:08.946824+00:00,2026-07-31 22:14:31.846520+00:00,security_metrics,ml_engine,4bc7d549,0.4099472081604027,0.4099472081604027,0,0.02288535051047802,,,,,,
_result,0,2026-07-31 21:37:43.154390+00:00,2026-08-01 05:23:08.946824+00:00,2026-07-31 22:14:47.441507+00:00,security_metrics,ml_engine,4bc7d549,0.37885163062573796,0.37885163062573796,0,0.022966787219047546,,,,,,
_result,0,2026-07-31 21:37:43.154390+00:00,2026-08-01 05:23:08.946824+00:00,2026-07-31 22:15:03.042640+00:00,security_metrics,ml_engine,4bc7d549,0.4176146109252296,0.4176146109252296,0,0.023061292245984077,,,,,,
_result,0,2026-07-31 21:37:43.154390+00:00,2026-08-01 05:23:08.946824+00:00,2026-07-31 22:15:18.652274+00:00,security_metrics,ml_engine,4bc7d549,0.3389402735294792,0.3389402735294792,0,0.022828860208392143,,,,,,
_result,0,2026-07-31 21:37:43.154390+00:00,2026-08-01 05:23:08.946824+00:00,2026-07-31 22:15:34.266786+00:00,security_metrics,ml_engine,4bc7d549,0.4049076750216915,0.4049076750216915,0,0.02315153181552887,,,,,,
_result,0,2026-07-31 21:37:43.154390+00:00,2026-08-01 05:23:08.946824+00:00,2026-07-31 22:15:49.967190+00:00,security_metrics,ml_engine,4bc7d549,0.37908436202261503,0.37908436202261503,0,0.023141497746109962,,,,,,
_result,0,2026-07-31 21:37:43.154390+00:00,2026-08-01 05:23:08.946824+00:00,2026-07-31 22:16:05.583056+00:00,security_metrics,ml_engine,4bc7d549,0.41187606726954845,0.41187606726954845,0,0.02283887378871441,,,,,,
_result,0,2026-07-31 21:37:43.154390+00:00,2026-08-01 05:23:08.946824+00:00,2026-07-31 22:16:21.209305+00:00,security_metrics,ml_engine,4bc7d549,0.4084799249117551,0.4084799249117551,0,0.023092269897460938,,,,,,
_result,0,2026-07-31 21:37:43.154390+00:00,2026-08-01 05:23:08.946824+00:00,2026-07-31 22:16:36.822766+00:00,security_metrics,ml_engine,4bc7d549,0.4222438326816265,0.4222438326816265,0,0.022811993956565857,,,,,,
_result,0,2026-07-31 21:37:43.154390+00:00,2026-08-01 05:23:08.946824+00:00,2026-07-31 22:16:52.440333+00:00,security_metrics,ml_engine,4bc7d549,0.3825726098650659,0.3825726098650659,0,0.02315254881978035,,,,,,
_result,0,2026-07-31 21:37:43.154390+00:00,2026-08-01 05:23:08.946824+00:00,2026-07-31 22:17:08.064491+00:00,security_metrics,ml_engine,4bc7d549,0.40182356755257037,0.40182356755257037,0,0.02269243262708187,,,,,,
_result,0,2026-07-31 21:37:43.154390+00:00,2026-08-01 05:23:08.946824+00:00,2026-07-31 22:17:23.700503+00:00,security_metrics,ml_engine,4bc7d549,0.3837566067840363,0.3837566067840363,0,0.022708529606461525,,,,,,
_result,0,2026-07-31 21:37:43.154390+00:00,2026-08-01 05:23:08.946824+00:00,2026-07-31 22:17:39.335992+00:00,security_metrics,ml_engine,4bc7d549,0.41827852675671,0.41827852675671,0,0.022910719737410545,,,,,,
_result,0,2026-07-31 21:37:43.154390+00:00,2026-08-01 05:23:08.946824+00:00,2026-07-31 22:17:54.974435+00:00,security_metrics,ml_engine,4bc7d549,0.4147823426787242,0.4147823426787242,0,0.023018017411231995,,,,,,
_result,0,2026-07-31 21:37:43.154390+00:00,2026-08-01 05:23:08.946824+00:00,2026-07-31 22:18:10.621197+00:00,security_metrics,ml_engine,4bc7d549,0.38363267783130406,0.38363267783130406,0,0.022693615406751633,,,,,,
_result,0,2026-07-31 21:37:43.154390+00:00,2026-08-01 05:23:08.946824+00:00,2026-07-31 22:18:26.355125+00:00,security_metrics,ml_engine,4bc7d549,0.36470211034276173,0.36470211034276173,0,0.022967426106333733,,,,,,
_result,0,2026-07-31 21:37:43.154390+00:00,2026-08-01 05:23:08.946824+00:00,2026-07-31 22:18:42.005212+00:00,security_metrics,ml_engine,4bc7d549,0.23769042086409764,0.23769042086409764,0,0.028527822345495224,,,,,,
_result,0,2026-07-31 21:37:43.154390+00:00,2026-08-01 05:23:08.946824+00:00,2026-07-31 22:18:57.654240+00:00,security_metrics,ml_engine,4bc7d549,0.3989374916052221,0.3989374916052221,0,0.022983752191066742,,,,,,
_result,0,2026-07-31 21:37:43.154390+00:00,2026-08-01 05:23:08.946824+00:00,2026-07-31 22:19:13.318903+00:00,security_metrics,ml_engine,4bc7d549,0.3241821181675756,0.3241821181675756,0,0.022828195244073868,,,,,,
_result,0,2026-07-31 21:37:43.154390+00:00,2026-08-01 05:23:08.946824+00:00,2026-07-31 22:19:28.976495+00:00,security_metrics,ml_engine,4bc7d549,0.38346166081527594,0.38346166081527594,0,0.022853638976812363,,,,,,
_result,0,2026-07-31 21:37:43.154390+00:00,2026-08-01 05:23:08.946824+00:00,2026-07-31 22:19:44.644335+00:00,security_metrics,ml_engine,4bc7d549,0.3281342845413832,0.3281342845413832,0,0.022569475695490837,,,,,,
_result,0,2026-07-31 21:37:43.154390+00:00,2026-08-01 05:23:08.946824+00:00,2026-07-31 22:20:00.304955+00:00,security_metrics,ml_engine,4bc7d549,0.38427104149601493,0.38427104149601493,0,0.023039424791932106,,,,,,
_result,0,2026-07-31 21:37:43.154390+00:00,2026-08-01 05:23:08.946824+00:00,2026-07-31 22:20:15.980404+00:00,security_metrics,ml_engine,4bc7d549,0.40944277050354133,0.40944277050354133,0,0.02300439588725567,,,,,,
_result,0,2026-07-31 21:37:43.154390+00:00,2026-08-01 05:23:08.946824+00:00,2026-07-31 22:20:31.758530+00:00,security_metrics,ml_engine,4bc7d549,0.34370014924321773,0.34370014924321773,0,0.0228057149797678,,,,,,
_result,0,2026-07-31 21:37:43.154390+00:00,2026-08-01 05:23:08.946824+00:00,2026-07-31 22:20:47.423918+00:00,security_metrics,ml_engine,4bc7d549,0.3921092837553433,0.3921092837553433,0,0.02274939976632595,,,,,,
_result,0,2026-07-31 21:37:43.154390+00:00,2026-08-01 05:23:08.946824+00:00,2026-07-31 22:21:03.088517+00:00,security_metrics,ml_engine,4bc7d549,0.4213588331481486,0.4213588331481486,0,0.02326960861682892,,,,,,
_result,0,2026-07-31 21:37:43.154390+00:00,2026-08-01 05:23:08.946824+00:00,2026-07-31 22:21:18.763768+00:00,security_metrics,ml_engine,4bc7d549,0.38656621424826165,0.38656621424826165,0,0.022958463057875633,,,,,,
_result,0,2026-07-31 21:37:43.154390+00:00,2026-08-01 05:23:08.946824+00:00,2026-07-31 22:21:34.439215+00:00,security_metrics,ml_engine,4bc7d549,0.4033471928237895,0.4033471928237895,0,0.02291380800306797,,,,,,
_result,0,2026-07-31 21:37:43.154390+00:00,2026-08-01 05:23:08.946824+00:00,2026-07-31 22:21:50.132993+00:00,security_metrics,ml_engine,4bc7d549,0.4053703932445448,0.4053703932445448,0,0.02287454344332218,,,,,,
_result,0,2026-07-31 21:37:43.154390+00:00,2026-08-01 05:23:08.946824+00:00,2026-07-31 22:22:05.840141+00:00,security_metrics,ml_engine,4bc7d549,0.4200926532997565,0.4200926532997565,0,0.022704152390360832,,,,,,
_result,0,2026-07-31 21:37:43.154390+00:00,2026-08-01 05:23:08.946824+00:00,2026-07-31 22:22:21.541172+00:00,security_metrics,ml_engine,4bc7d549,0.3850755474262416,0.3850755474262416,0,0.022640032693743706,,,,,,
_result,0,2026-07-31 21:37:43.154390+00:00,2026-08-01 05:23:08.946824+00:00,2026-07-31 22:22:37.232285+00:00,security_metrics,ml_engine,4bc7d549,0.28541969406659967,0.28541969406659967,0,0.022956807166337967,,,,,,
_result,0,2026-07-31 21:37:43.154390+00:00,2026-08-01 05:23:08.946824+00:00,2026-07-31 22:22:53.038515+00:00,security_metrics,ml_engine,4bc7d549,0.28429059436862303,0.28429059436862303,0,0.02305489592254162,,,,,,
_result,0,2026-07-31 21:37:43.154390+00:00,2026-08-01 05:23:08.946824+00:00,2026-07-31 22:23:08.748423+00:00,security_metrics,ml_engine,4bc7d549,0.38545655880334717,0.38545655880334717,0,0.022793788462877274,,,,,,
_result,0,2026-07-31 21:37:43.154390+00:00,2026-08-01 05:23:08.946824+00:00,2026-07-31 22:23:24.449286+00:00,security_metrics,ml_engine,4bc7d549,0.3866615967375741,0.3866615967375741,0,0.02272908017039299,,,,,,
_result,0,2026-07-31 21:37:43.154390+00:00,2026-08-01 05:23:08.946824+00:00,2026-07-31 22:23:40.170894+00:00,security_metrics,ml_engine,4bc7d549,0.3233705412903097,0.3233705412903097,0,0.022567056119441986,,,,,,
_result,0,2026-07-31 21:37:43.154390+00:00,2026-08-01 05:23:08.946824+00:00,2026-07-31 22:23:55.875488+00:00,security_metrics,ml_engine,4bc7d549,0.3882561878729609,0.3882561878729609,0,0.022693729028105736,,,,,,
_result,0,2026-07-31 21:37:43.154390+00:00,2026-08-01 05:23:08.946824+00:00,2026-07-31 22:24:11.585729+00:00,security_metrics,ml_engine,4bc7d549,0.3622230190781224,0.3622230190781224,0,0.022803552448749542,,,,,,
_result,0,2026-07-31 21:37:43.154390+00:00,2026-08-01 05:23:08.946824+00:00,2026-07-31 22:24:27.311771+00:00,security_metrics,ml_engine,4bc7d549,0.2735252494564767,0.2735252494564767,0,0.02265932410955429,,,,,,
_result,0,2026-07-31 21:37:43.154390+00:00,2026-08-01 05:23:08.946824+00:00,2026-07-31 22:24:43.031782+00:00,security_metrics,ml_engine,4bc7d549,0.3343338134754603,0.3343338134754603,0,0.022806411609053612,,,,,,
_result,0,2026-07-31 21:37:43.154390+00:00,2026-08-01 05:23:08.946824+00:00,2026-07-31 22:24:58.852788+00:00,security_metrics,ml_engine,4bc7d549,0.2576340330758259,0.2576340330758259,0,0.028490370139479637,,,,,,
_result,0,2026-07-31 21:37:43.154390+00:00,2026-08-01 05:23:08.946824+00:00,2026-07-31 22:25:14.581200+00:00,security_metrics,ml_engine,4bc7d549,0.3982212237022204,0.3982212237022204,0,0.023133348673582077,,,,,,
_result,0,2026-07-31 21:37:43.154390+00:00,2026-08-01 05:23:08.946824+00:00,2026-07-31 22:25:30.319767+00:00,security_metrics,ml_engine,4bc7d549,0.41735675272370487,0.41735675272370487,0,0.023223189637064934,,,,,,
_result,0,2026-07-31 21:37:43.154390+00:00,2026-08-01 05:23:08.946824+00:00,2026-07-31 22:25:46.048791+00:00,security_metrics,ml_engine,4bc7d549,0.38731364855689454,0.38731364855689454,0,0.022902974858880043,,,,,,
_result,0,2026-07-31 21:37:43.154390+00:00,2026-08-01 05:23:08.946824+00:00,2026-07-31 22:26:01.796015+00:00,security_metrics,ml_engine,4bc7d549,0.38614571859225355,0.38614571859225355,0,0.022860603407025337,,,,,,
_result,0,2026-07-31 21:37:43.154390+00:00,2026-08-01 05:23:08.946824+00:00,2026-07-31 22:26:17.529973+00:00,security_metrics,ml_engine,4bc7d549,0.40429846301170946,0.40429846301170946,0,0.022931788116693497,,,,,,
_result,0,2026-07-31 21:37:43.154390+00:00,2026-08-01 05:23:08.946824+00:00,2026-07-31 22:26:33.272490+00:00,security_metrics,ml_engine,4bc7d549,0.35917665603549165,0.35917665603549165,0,0.022658687084913254,,,,,,
_result,0,2026-07-31 21:37:43.154390+00:00,2026-08-01 05:23:08.946824+00:00,2026-07-31 22:26:49.123224+00:00,security_metrics,ml_engine,4bc7d549,0.36695140939817605,0.36695140939817605,0,0.022692866623401642,,,,,,
_result,0,2026-07-31 21:37:43.154390+00:00,2026-08-01 05:23:08.946824+00:00,2026-07-31 22:27:04.893958+00:00,security_metrics,ml_engine,4bc7d549,0.3588384264641899,0.3588384264641899,0,0.022971803322434425,,,,,,
_result,0,2026-07-31 21:37:43.154390+00:00,2026-08-01 05:23:08.946824+00:00,2026-07-31 22:27:20.655164+00:00,security_metrics,ml_engine,4bc7d549,0.41605448623806723,0.41605448623806723,0,0.022852277383208275,,,,,,
_result,0,2026-07-31 21:37:43.154390+00:00,2026-08-01 05:23:08.946824+00:00,2026-07-31 22:27:36.399587+00:00,security_metrics,ml_engine,4bc7d549,0.3734872843556318,0.3734872843556318,0,0.022563574835658073,,,,,,
_result,0,2026-07-31 21:37:43.154390+00:00,2026-08-01 05:23:08.946824+00:00,2026-07-31 22:27:52.159843+00:00,security_metrics,ml_engine,4bc7d549,0.34829208309223464,0.34829208309223464,0,0.02302125282585621,,,,,,
_result,0,2026-07-31 21:37:43.154390+00:00,2026-08-01 05:23:08.946824+00:00,2026-07-31 22:28:07.937280+00:00,security_metrics,ml_engine,4bc7d549,0.3697265294507525,0.3697265294507525,0,0.02316286973655224,,,,,,
_result,0,2026-07-31 21:37:43.154390+00:00,2026-08-01 05:23:08.946824+00:00,2026-07-31 22:28:23.696922+00:00,security_metrics,ml_engine,4bc7d549,0.3619220648119994,0.3619220648119994,0,0.02302771806716919,,,,,,
_result,0,2026-07-31 21:37:43.154390+00:00,2026-08-01 05:23:08.946824+00:00,2026-07-31 22:28:39.479389+00:00,security_metrics,ml_engine,4bc7d549,0.36056034777105717,0.36056034777105717,0,0.022493897005915642,,,,,,
_result,0,2026-07-31 21:37:43.154390+00:00,2026-08-01 05:23:08.946824+00:00,2026-07-31 22:28:55.352635+00:00,security_metrics,ml_engine,4bc7d549,0.38119489777549503,0.38119489777549503,0,0.023020725697278976,,,,,,
_result,0,2026-07-31 21:37:43.154390+00:00,2026-08-01 05:23:08.946824+00:00,2026-07-31 22:29:11.122438+00:00,security_metrics,ml_engine,4bc7d549,0.37358333638054425,0.37358333638054425,0,0.022707920521497726,,,,,,
_result,0,2026-07-31 21:37:43.154390+00:00,2026-08-01 05:23:08.946824+00:00,2026-07-31 22:29:26.913143+00:00,security_metrics,ml_engine,4bc7d549,0.3831935720668937,0.3831935720668937,0,0.023102814331650734,,,,,,
_result,0,2026-07-31 21:37:43.154390+00:00,2026-08-01 05:23:08.946824+00:00,2026-07-31 22:29:42.684079+00:00,security_metrics,ml_engine,4bc7d549,0.3431909335674619,0.3431909335674619,0,0.023061273619532585,,,,,,
_result,0,2026-07-31 21:37:43.154390+00:00,2026-08-01 05:23:08.946824+00:00,2026-07-31 22:29:58.481439+00:00,security_metrics,ml_engine,4bc7d549,0.41606092294925023,0.41606092294925023,0,0.02276277355849743,,,,,,
_result,0,2026-07-31 21:37:43.154390+00:00,2026-08-01 05:23:08.946824+00:00,2026-07-31 22:30:14.274614+00:00,security_metrics,ml_engine,4bc7d549,0.3701803501265558,0.3701803501265558,0,0.022870849817991257,,,,,,
_result,0,2026-07-31 21:37:43.154390+00:00,2026-08-01 05:23:08.946824+00:00,2026-07-31 22:30:30.065985+00:00,security_metrics,ml_engine,4bc7d549,0.3327442502464637,0.3327442502464637,0,0.022803951054811478,,,,,,
_result,0,2026-07-31 21:37:43.154390+00:00,2026-08-01 05:23:08.946824+00:00,2026-07-31 22:30:45.953592+00:00,security_metrics,ml_engine,4bc7d549,0.3879412370711652,0.3879412370711652,0,0.0228398609906435,,,,,,
_result,0,2026-07-31 21:37:43.154390+00:00,2026-08-01 05:23:08.946824+00:00,2026-07-31 22:31:01.747261+00:00,security_metrics,ml_engine,4bc7d549,0.39164461749993357,0.39164461749993357,0,0.022836914286017418,,,,,,
_result,0,2026-07-31 21:37:43.154390+00:00,2026-08-01 05:23:08.946824+00:00,2026-07-31 22:31:17.562795+00:00,security_metrics,ml_engine,4bc7d549,0.31899706855784465,0.31899706855784465,0,0.02275105006992817,,,,,,
_result,0,2026-07-31 21:37:43.154390+00:00,2026-08-01 05:23:08.946824+00:00,2026-07-31 22:31:33.365912+00:00,security_metrics,ml_engine,4bc7d549,0.3448286282082471,0.3448286282082471,0,0.022967195138335228,,,,,,
_result,0,2026-07-31 21:37:43.154390+00:00,2026-08-01 05:23:08.946824+00:00,2026-07-31 22:31:49.194995+00:00,security_metrics,ml_engine,4bc7d549,0.38331585484299235,0.38331585484299235,0,0.022583169862627983,,,,,,
_result,0,2026-07-31 21:37:43.154390+00:00,2026-08-01 05:23:08.946824+00:00,2026-07-31 22:32:04.999623+00:00,security_metrics,ml_engine,4bc7d549,0.38262353834378304,0.38262353834378304,0,0.02282649464905262,,,,,,
_result,0,2026-07-31 21:37:43.154390+00:00,2026-08-01 05:23:08.946824+00:00,2026-07-31 22:32:20.814086+00:00,security_metrics,ml_engine,4bc7d549,0.25208584772317066,0.25208584772317066,0,0.028693899512290955,,,,,,
_result,0,2026-07-31 21:37:43.154390+00:00,2026-08-01 05:23:08.946824+00:00,2026-07-31 22:32:36.720878+00:00,security_metrics,ml_engine,4bc7d549,0.4174756067580109,0.4174756067580109,0,0.022947881370782852,,,,,,
_result,0,2026-07-31 21:37:43.154390+00:00,2026-08-01 05:23:08.946824+00:00,2026-07-31 22:32:52.549153+00:00,security_metrics,ml_engine,4bc7d549,0.34205036868170097,0.34205036868170097,0,0.023008976131677628,,,,,,
_result,0,2026-07-31 21:37:43.154390+00:00,2026-08-01 05:23:08.946824+00:00,2026-07-31 22:33:08.362127+00:00,security_metrics,ml_engine,4bc7d549,0.3932837162215848,0.3932837162215848,0,0.022937452420592308,,,,,,
_result,0,2026-07-31 21:37:43.154390+00:00,2026-08-01 05:23:08.946824+00:00,2026-07-31 22:33:24.216331+00:00,security_metrics,ml_engine,4bc7d549,0.3075738816806561,0.3075738816806561,0,0.02281593531370163,,,,,,
_result,0,2026-07-31 21:37:43.154390+00:00,2026-08-01 05:23:08.946824+00:00,2026-07-31 22:33:40.062309+00:00,security_metrics,ml_engine,4bc7d549,0.387093748517562,0.387093748517562,0,0.022916007786989212,,,,,,
_result,0,2026-07-31 21:37:43.154390+00:00,2026-08-01 05:23:08.946824+00:00,2026-07-31 22:33:55.908695+00:00,security_metrics,ml_engine,4bc7d549,0.2797757323789348,0.2797757323789348,0,0.02304164320230484,,,,,,
_result,0,2026-07-31 21:37:43.154390+00:00,2026-08-01 05:23:08.946824+00:00,2026-07-31 22:34:11.850008+00:00,security_metrics,ml_engine,4bc7d549,0.3784835481654397,0.3784835481654397,0,0.02289172261953354,,,,,,
_result,0,2026-07-31 21:37:43.154390+00:00,2026-08-01 05:23:08.946824+00:00,2026-07-31 22:34:27.710688+00:00,security_metrics,ml_engine,4bc7d549,0.31507375528446746,0.31507375528446746,0,0.02277199923992157,,,,,,
_result,0,2026-07-31 21:37:43.154390+00:00,2026-08-01 05:23:08.946824+00:00,2026-07-31 22:34:43.567878+00:00,security_metrics,ml_engine,4bc7d549,0.3710670147674392,0.3710670147674392,0,0.02299552969634533,,,,,,
_result,0,2026-07-31 21:37:43.154390+00:00,2026-08-01 05:23:08.946824+00:00,2026-07-31 22:34:59.412485+00:00,security_metrics,ml_engine,4bc7d549,0.2894350547904268,0.2894350547904268,0,0.022666601464152336,,,,,,
_result,0,2026-07-31 21:37:43.154390+00:00,2026-08-01 05:23:08.946824+00:00,2026-07-31 22:35:15.259504+00:00,security_metrics,ml_engine,4bc7d549,0.32048185808991314,0.32048185808991314,0,0.023012686520814896,,,,,,
_result,0,2026-07-31 21:37:43.154390+00:00,2026-08-01 05:23:08.946824+00:00,2026-07-31 22:35:31.120905+00:00,security_metrics,ml_engine,4bc7d549,0.3919362459275142,0.3919362459275142,0,0.023087134584784508,,,,,,
_result,0,2026-07-31 21:37:43.154390+00:00,2026-08-01 05:23:08.946824+00:00,2026-07-31 22:35:46.980790+00:00,security_metrics,ml_engine,4bc7d549,0.35187776690260913,0.35187776690260913,0,0.022990502417087555,,,,,,
_result,0,2026-07-31 21:37:43.154390+00:00,2026-08-01 05:23:08.946824+00:00,2026-07-31 22:36:02.933379+00:00,security_metrics,ml_engine,4bc7d549,0.3318271008450768,0.3318271008450768,0,0.02277914062142372,,,,,,
_result,0,2026-07-31 21:37:43.154390+00:00,2026-08-01 05:23:08.946824+00:00,2026-07-31 22:36:18.796583+00:00,security_metrics,ml_engine,4bc7d549,0.3733229695479954,0.3733229695479954,0,0.023012323305010796,,,,,,
_result,0,2026-07-31 21:37:43.154390+00:00,2026-08-01 05:23:08.946824+00:00,2026-07-31 22:36:34.678310+00:00,security_metrics,ml_engine,4bc7d549,0.37345181713537084,0.37345181713537084,0,0.023149369284510612,,,,,,
_result,0,2026-07-31 21:37:43.154390+00:00,2026-08-01 05:23:08.946824+00:00,2026-07-31 22:36:50.557500+00:00,security_metrics,ml_engine,4bc7d549,0.30822034164152506,0.30822034164152506,0,0.023007016628980637,,,,,,
_result,0,2026-07-31 21:37:43.154390+00:00,2026-08-01 05:23:08.946824+00:00,2026-07-31 22:37:06.428326+00:00,security_metrics,ml_engine,4bc7d549,0.3243028501251783,0.3243028501251783,0,0.022861719131469727,,,,,,
_result,0,2026-07-31 21:37:43.154390+00:00,2026-08-01 05:23:08.946824+00:00,2026-07-31 22:37:22.288226+00:00,security_metrics,ml_engine,4bc7d549,0.4036085880493197,0.4036085880493197,0,0.02293633669614792,,,,,,
_result,0,2026-07-31 21:37:43.154390+00:00,2026-08-01 05:23:08.946824+00:00,2026-07-31 22:37:38.279303+00:00,security_metrics,ml_engine,4bc7d549,0.38291880901854886,0.38291880901854886,0,0.022882966324687004,,,,,,
_result,0,2026-07-31 21:37:43.154390+00:00,2026-08-01 05:23:08.946824+00:00,2026-07-31 22:38:35.751166+00:00,security_metrics,ml_engine,4bc7d549,0.10752303288756726,0.10752303288756726,0,0.0005773867014795542,,,,,,
_result,0,2026-07-31 21:37:43.154390+00:00,2026-08-01 05:23:08.946824+00:00,2026-07-31 22:38:51.648957+00:00,security_metrics,ml_engine,4bc7d549,0.21341710833487676,0.21341710833487676,0,4.055902536492795e-05,,,,,,
_result,0,2026-07-31 21:37:43.154390+00:00,2026-08-01 05:23:08.946824+00:00,2026-07-31 22:39:07.565642+00:00,security_metrics,ml_engine,4bc7d549,0.19389237793444414,0.19389237793444414,0,0.00011973813525401056,,,,,,
_result,0,2026-07-31 21:37:43.154390+00:00,2026-08-01 05:23:08.946824+00:00,2026-07-31 22:39:23.483122+00:00,security_metrics,ml_engine,4bc7d549,0.10614432628603288,0.10614432628603288,0,7.61494375183247e-05,,,,,,
_result,0,2026-07-31 21:37:43.154390+00:00,2026-08-01 05:23:08.946824+00:00,2026-07-31 22:39:39.402974+00:00,security_metrics,ml_engine,4bc7d549,0.206913435092916,0.206913435092916,0,0.00014267108053900301,,,,,,
_result,0,2026-07-31 21:37:43.154390+00:00,2026-08-01 05:23:08.946824+00:00,2026-07-31 22:39:55.339460+00:00,security_metrics,ml_engine,4bc7d549,0.09864230832982934,0.09864230832982934,0,0.00011296605953248218,,,,,,
_result,0,2026-07-31 21:37:43.154390+00:00,2026-08-01 05:23:08.946824+00:00,2026-07-31 22:40:11.285358+00:00,security_metrics,ml_engine,4bc7d549,0.09686787129222652,0.09686787129222652,0,0.0001439894549548626,,,,,,
_result,0,2026-07-31 21:37:43.154390+00:00,2026-08-01 05:23:08.946824+00:00,2026-07-31 22:40:27.309198+00:00,security_metrics,ml_engine,4bc7d549,0.19179108768711256,0.19179108768711256,0,6.151168781798333e-05,,,,,,
_result,0,2026-07-31 21:37:43.154390+00:00,2026-08-01 05:23:08.946824+00:00,2026-07-31 22:40:43.263165+00:00,security_metrics,ml_engine,4bc7d549,0.17230600129192752,0.17230600129192752,0,0.00014620233559980989,,,,,,
_result,0,2026-07-31 21:37:43.154390+00:00,2026-08-01 05:23:08.946824+00:00,2026-07-31 22:40:59.161401+00:00,security_metrics,ml_engine,4bc7d549,0.20997650613590924,0.20997650613590924,0,6.852472870377824e-05,,,,,,
_result,0,2026-07-31 21:37:43.154390+00:00,2026-08-01 05:23:08.946824+00:00,2026-07-31 22:41:15.079677+00:00,security_metrics,ml_engine,4bc7d549,0.18933557613253837,0.18933557613253837,0,0.00012222629447933286,,,,,,
_result,0,2026-07-31 21:37:43.154390+00:00,2026-08-01 05:23:08.946824+00:00,2026-07-31 22:41:31.029121+00:00,security_metrics,ml_engine,4bc7d549,0.210291483714389,0.210291483714389,0,7.74692598497495e-05,,,,,,
_result,0,2026-07-31 21:37:43.154390+00:00,2026-08-01 05:23:08.946824+00:00,2026-07-31 22:41:46.962836+00:00,security_metrics,ml_engine,4bc7d549,0.18850558819004437,0.18850558819004437,0,0.00011827178968815133,,,,,,
_result,0,2026-07-31 21:37:43.154390+00:00,2026-08-01 05:23:08.946824+00:00,2026-07-31 22:42:03.021753+00:00,security_metrics,ml_engine,4bc7d549,0.11138386957056123,0.11138386957056123,0,0.0001014979716273956,,,,,,
_result,0,2026-07-31 21:37:43.154390+00:00,2026-08-01 05:23:08.946824+00:00,2026-07-31 22:42:18.962506+00:00,security_metrics,ml_engine,4bc7d549,0.19118773985380827,0.19118773985380827,0,7.617952360305935e-05,,,,,,
_result,0,2026-07-31 21:37:43.154390+00:00,2026-08-01 05:23:08.946824+00:00,2026-07-31 22:42:34.902512+00:00,security_metrics,ml_engine,4bc7d549,-0.014116136788209888,-0.014116136788209888,0,0.00012797393719665706,,,,,,
_result,0,2026-07-31 21:37:43.154390+00:00,2026-08-01 05:23:08.946824+00:00,2026-07-31 22:42:50.831851+00:00,security_metrics,ml_engine,4bc7d549,0.17306037200055996,0.17306037200055996,0,8.140759746311232e-05,,,,,,
_result,0,2026-07-31 21:37:43.154390+00:00,2026-08-01 05:23:08.946824+00:00,2026-07-31 22:43:06.773629+00:00,security_metrics,ml_engine,4bc7d549,0.028716386519863746,0.028716386519863746,0,8.196588896680623e-05,,,,,,
_result,0,2026-07-31 21:37:43.154390+00:00,2026-08-01 05:23:08.946824+00:00,2026-07-31 22:43:22.720846+00:00,security_metrics,ml_engine,4bc7d549,0.1819772079183552,0.1819772079183552,0,2.880658212234266e-05,,,,,,
_result,0,2026-07-31 21:37:43.154390+00:00,2026-08-01 05:23:08.946824+00:00,2026-07-31 22:43:38.775844+00:00,security_metrics,ml_engine,4bc7d549,0.12830721395191724,0.12830721395191724,0,9.841734572546557e-05,,,,,,
_result,0,2026-07-31 21:37:43.154390+00:00,2026-08-01 05:23:08.946824+00:00,2026-07-31 22:43:54.731611+00:00,security_metrics,ml_engine,4bc7d549,0.13352291051309678,0.13352291051309678,0,9.0961875685025e-05,,,,,,
_result,0,2026-07-31 21:37:43.154390+00:00,2026-08-01 05:23:08.946824+00:00,2026-07-31 22:44:09.754073+00:00,security_metrics,ml_engine,4bc7d549,-1.0,,1,,,,,,,
_result,0,2026-07-31 21:37:43.154390+00:00,2026-08-01 05:23:08.946824+00:00,2026-07-31 22:44:10.688845+00:00,security_metrics,ml_engine,4bc7d549,0.06618616699564861,0.06618616699564861,0,0.04077863693237305,,,,,,
_result,0,2026-07-31 21:37:43.154390+00:00,2026-08-01 05:23:08.946824+00:00,2026-07-31 22:44:25.715256+00:00,security_metrics,ml_engine,4bc7d549,-1.0,,1,,,,,,,
_result,0,2026-07-31 21:37:43.154390+00:00,2026-08-01 05:23:08.946824+00:00,2026-07-31 22:44:25.766029+00:00,security_metrics,ml_engine,4bc7d549,-0.95,,1,,,,,,,
_result,0,2026-07-31 21:37:43.154390+00:00,2026-08-01 05:23:08.946824+00:00,2026-07-31 22:44:41.732896+00:00,security_metrics,ml_engine,4bc7d549,-1.0,,1,,,,,,,
_result,0,2026-07-31 21:37:43.154390+00:00,2026-08-01 05:23:08.946824+00:00,2026-07-31 22:44:41.734573+00:00,security_metrics,ml_engine,4bc7d549,-1.0,,1,,,,,,,
_result,0,2026-07-31 21:37:43.154390+00:00,2026-08-01 05:23:08.946824+00:00,2026-07-31 22:44:41.735989+00:00,security_metrics,ml_engine,4bc7d549,-1.0,,1,,,,,,,
_result,0,2026-07-31 21:37:43.154390+00:00,2026-08-01 05:23:08.946824+00:00,2026-07-31 22:44:41.737470+00:00,security_metrics,ml_engine,4bc7d549,-1.0,,1,,,,,,,
_result,0,2026-07-31 21:37:43.154390+00:00,2026-08-01 05:23:08.946824+00:00,2026-07-31 22:44:41.738917+00:00,security_metrics,ml_engine,4bc7d549,-1.0,,1,,,,,,,
_result,0,2026-07-31 21:37:43.154390+00:00,2026-08-01 05:23:08.946824+00:00,2026-07-31 22:44:57.699661+00:00,security_metrics,ml_engine,4bc7d549,-1.0,,1,,,,,,,
_result,0,2026-07-31 21:37:43.154390+00:00,2026-08-01 05:23:08.946824+00:00,2026-07-31 22:44:57.701141+00:00,security_metrics,ml_engine,4bc7d549,-1.0,,1,,,,,,,
_result,0,2026-07-31 21:37:43.154390+00:00,2026-08-01 05:23:08.946824+00:00,2026-07-31 22:44:57.702482+00:00,security_metrics,ml_engine,4bc7d549,-1.0,,1,,,,,,,
_result,0,2026-07-31 21:37:43.154390+00:00,2026-08-01 05:23:08.946824+00:00,2026-07-31 22:44:57.703810+00:00,security_metrics,ml_engine,4bc7d549,-1.0,,1,,,,,,,
_result,0,2026-07-31 21:37:43.154390+00:00,2026-08-01 05:23:08.946824+00:00,2026-07-31 22:44:57.705136+00:00,security_metrics,ml_engine,4bc7d549,-1.0,,1,,,,,,,
_result,0,2026-07-31 21:37:43.154390+00:00,2026-08-01 05:23:08.946824+00:00,2026-07-31 22:45:14.662597+00:00,security_metrics,ml_engine,4bc7d549,0.15912803423419325,0.15912803423419325,0,1.4511311746900901e-05,,,,,,
_result,0,2026-07-31 21:37:43.154390+00:00,2026-08-01 05:23:08.946824+00:00,2026-07-31 22:45:29.687689+00:00,security_metrics,ml_engine,4bc7d549,-1.0,,1,,,,,,,
_result,0,2026-07-31 21:37:43.154390+00:00,2026-08-01 05:23:08.946824+00:00,2026-07-31 22:45:29.689410+00:00,security_metrics,ml_engine,4bc7d549,-1.0,,1,,,,,,,
_result,0,2026-07-31 21:37:43.154390+00:00,2026-08-01 05:23:08.946824+00:00,2026-07-31 22:45:46.581896+00:00,security_metrics,ml_engine,4bc7d549,0.03944759754677529,0.03944759754677529,0,0.09075918793678284,,,,,,
_result,0,2026-07-31 21:37:43.154390+00:00,2026-08-01 05:23:08.946824+00:00,2026-07-31 22:46:33.576427+00:00,security_metrics,ml_engine,4bc7d549,-0.95,,1,,,,,,,
_result,0,2026-07-31 21:37:43.154390+00:00,2026-08-01 05:23:08.946824+00:00,2026-07-31 22:48:41.946614+00:00,security_metrics,ml_engine,4bc7d549,-0.95,,1,,,,,,,
_result,0,2026-07-31 21:37:43.154390+00:00,2026-08-01 05:23:08.946824+00:00,2026-07-31 22:50:50.483159+00:00,security_metrics,ml_engine,4bc7d549,-0.95,,1,,,,,,,
_result,0,2026-07-31 21:37:43.154390+00:00,2026-08-01 05:23:08.946824+00:00,2026-07-31 22:55:57.067253+00:00,security_metrics,ml_engine,4bc7d549,-1.0,,1,,,,,,,
_result,0,2026-07-31 21:37:43.154390+00:00,2026-08-01 05:23:08.946824+00:00,2026-07-31 22:56:13.246232+00:00,security_metrics,ml_engine,4bc7d549,-1.0,,1,,,,,,,
_result,0,2026-07-31 21:37:43.154390+00:00,2026-08-01 05:23:08.946824+00:00,2026-07-31 22:56:13.247694+00:00,security_metrics,ml_engine,4bc7d549,-1.0,,1,,,,,,,
_result,0,2026-07-31 21:37:43.154390+00:00,2026-08-01 05:23:08.946824+00:00,2026-07-31 22:56:13.249104+00:00,security_metrics,ml_engine,4bc7d549,-1.0,,1,,,,,,,
_result,0,2026-07-31 21:37:43.154390+00:00,2026-08-01 05:23:08.946824+00:00,2026-07-31 22:56:29.441825+00:00,security_metrics,ml_engine,4bc7d549,-1.0,,1,,,,,,,
_result,0,2026-07-31 21:37:43.154390+00:00,2026-08-01 05:23:08.946824+00:00,2026-07-31 22:56:29.443304+00:00,security_metrics,ml_engine,4bc7d549,-1.0,,1,,,,,,,
_result,0,2026-07-31 21:37:43.154390+00:00,2026-08-01 05:23:08.946824+00:00,2026-07-31 22:56:29.444688+00:00,security_metrics,ml_engine,4bc7d549,-1.0,,1,,,,,,,
_result,0,2026-07-31 21:37:43.154390+00:00,2026-08-01 05:23:08.946824+00:00,2026-07-31 22:56:29.491870+00:00,security_metrics,ml_engine,4bc7d549,-0.95,,1,,,,,,,
_result,0,2026-07-31 21:37:43.154390+00:00,2026-08-01 05:23:08.946824+00:00,2026-07-31 22:56:45.743665+00:00,security_metrics,ml_engine,4bc7d549,-1.0,,1,,,,,,,
_result,0,2026-07-31 21:37:43.154390+00:00,2026-08-01 05:23:08.946824+00:00,2026-07-31 22:56:45.745083+00:00,security_metrics,ml_engine,4bc7d549,-1.0,,1,,,,,,,
_result,0,2026-07-31 21:37:43.154390+00:00,2026-08-01 05:23:08.946824+00:00,2026-07-31 22:56:45.746459+00:00,security_metrics,ml_engine,4bc7d549,-1.0,,1,,,,,,,
_result,0,2026-07-31 21:37:43.154390+00:00,2026-08-01 05:23:08.946824+00:00,2026-07-31 22:58:38.896922+00:00,security_metrics,ml_engine,4bc7d549,-0.95,,1,,,,,,,
_result,0,2026-07-31 21:37:43.154390+00:00,2026-08-01 05:23:08.946824+00:00,2026-07-31 23:00:48.502436+00:00,security_metrics,ml_engine,4bc7d549,-0.95,,1,,,,,,,
_result,0,2026-07-31 21:37:43.154390+00:00,2026-08-01 05:23:08.946824+00:00,2026-07-31 23:12:13.862232+00:00,security_metrics,ml_engine,4bc7d549,-1.0,,1,,,,,,,
_result,0,2026-07-31 21:37:43.154390+00:00,2026-08-01 05:23:08.946824+00:00,2026-07-31 23:12:13.863633+00:00,security_metrics,ml_engine,4bc7d549,-1.0,,1,,,,,,,
_result,0,2026-07-31 21:37:43.154390+00:00,2026-08-01 05:23:08.946824+00:00,2026-07-31 23:12:30.225637+00:00,security_metrics,ml_engine,4bc7d549,-1.0,,1,,,,,,,
_result,0,2026-07-31 21:37:43.154390+00:00,2026-08-01 05:23:08.946824+00:00,2026-07-31 23:12:30.227238+00:00,security_metrics,ml_engine,4bc7d549,-1.0,,1,,,,,,,
_result,0,2026-07-31 21:37:43.154390+00:00,2026-08-01 05:23:08.946824+00:00,2026-07-31 23:12:31.563345+00:00,security_metrics,ml_engine,4bc7d549,0.1597861650210124,0.1597861650210124,0,0.02835012413561344,,,,,,
_result,0,2026-07-31 21:37:43.154390+00:00,2026-08-01 05:23:08.946824+00:00,2026-07-31 23:12:47.935822+00:00,security_metrics,ml_engine,4bc7d549,0.15953965876444737,0.15953965876444737,0,1.9120554497931153e-05,,,,,,
_result,0,2026-07-31 21:37:43.154390+00:00,2026-08-01 05:23:08.946824+00:00,2026-07-31 23:13:04.407416+00:00,security_metrics,ml_engine,4bc7d549,0.1765667527712781,0.1765667527712781,0,2.0392813894432038e-05,,,,,,
_result,0,2026-07-31 21:37:43.154390+00:00,2026-08-01 05:23:08.946824+00:00,2026-07-31 23:13:20.780577+00:00,security_metrics,ml_engine,4bc7d549,0.17556061898947167,0.17556061898947167,0,1.9300436179037206e-05,,,,,,
_result,0,2026-07-31 21:37:43.154390+00:00,2026-08-01 05:23:08.946824+00:00,2026-07-31 23:13:37.160208+00:00,security_metrics,ml_engine,4bc7d549,0.17132666933783675,0.17132666933783675,0,2.294014484505169e-05,,,,,,
_result,0,2026-07-31 21:37:43.154390+00:00,2026-08-01 05:23:08.946824+00:00,2026-07-31 23:13:53.533663+00:00,security_metrics,ml_engine,4bc7d549,0.18054505588849146,0.18054505588849146,0,1.7315329387201928e-05,,,,,,
_result,0,2026-07-31 21:37:43.154390+00:00,2026-08-01 05:23:08.946824+00:00,2026-07-31 23:14:10.036006+00:00,security_metrics,ml_engine,4bc7d549,0.1765667527712781,0.1765667527712781,0,2.0410208890098147e-05,,,,,,
_result,0,2026-07-31 21:37:43.154390+00:00,2026-08-01 05:23:08.946824+00:00,2026-07-31 23:14:26.431292+00:00,security_metrics,ml_engine,4bc7d549,0.14075682976208537,0.14075682976208537,0,2.3914639314170927e-05,,,,,,
_result,0,2026-07-31 21:37:43.154390+00:00,2026-08-01 05:23:08.946824+00:00,2026-07-31 23:14:42.818851+00:00,security_metrics,ml_engine,4bc7d549,0.1735687968594508,0.1735687968594508,0,2.2840164092485793e-05,,,,,,
_result,0,2026-07-31 21:37:43.154390+00:00,2026-08-01 05:23:08.946824+00:00,2026-07-31 23:14:59.213006+00:00,security_metrics,ml_engine,4bc7d549,0.17648606882465628,0.17648606882465628,0,1.870004052761942e-05,,,,,,
_result,0,2026-07-31 21:37:43.154390+00:00,2026-08-01 05:23:08.946824+00:00,2026-07-31 23:15:15.704098+00:00,security_metrics,ml_engine,4bc7d549,0.1765667527712781,0.1765667527712781,0,2.0809718989767134e-05,,,,,,
_result,0,2026-07-31 21:37:43.154390+00:00,2026-08-01 05:23:08.946824+00:00,2026-07-31 23:15:32.103793+00:00,security_metrics,ml_engine,4bc7d549,0.16404910898248137,0.16404910898248137,0,1.650661215535365e-05,,,,,,
_result,0,2026-07-31 21:37:43.154390+00:00,2026-08-01 05:23:08.946824+00:00,2026-07-31 23:15:48.508873+00:00,security_metrics,ml_engine,4bc7d549,0.13459118291859812,0.13459118291859812,0,3.305299105704762e-05,,,,,,
_result,0,2026-07-31 21:37:43.154390+00:00,2026-08-01 05:23:08.946824+00:00,2026-07-31 23:16:04.911245+00:00,security_metrics,ml_engine,4bc7d549,0.1857654531489431,0.1857654531489431,0,1.7686621504253708e-05,,,,,,
_result,0,2026-07-31 21:37:43.154390+00:00,2026-08-01 05:23:08.946824+00:00,2026-07-31 23:16:21.426336+00:00,security_metrics,ml_engine,4bc7d549,0.057318821226555405,0.057318821226555405,0,2.880457032006234e-05,,,,,,
_result,0,2026-07-31 21:37:43.154390+00:00,2026-08-01 05:23:08.946824+00:00,2026-07-31 23:16:37.829626+00:00,security_metrics,ml_engine,4bc7d549,0.1843933022105746,0.1843933022105746,0,2.165690966648981e-05,,,,,,
_result,0,2026-07-31 21:37:43.154390+00:00,2026-08-01 05:23:08.946824+00:00,2026-07-31 23:16:54.243270+00:00,security_metrics,ml_engine,4bc7d549,0.15013418219652525,0.15013418219652525,0,0.000716836133506149,,,,,,
_result,0,2026-07-31 21:37:43.154390+00:00,2026-08-01 05:23:08.946824+00:00,2026-07-31 23:17:10.657437+00:00,security_metrics,ml_engine,4bc7d549,0.18438938469399502,0.18438938469399502,0,1.9512386643327773e-05,,,,,,
_result,0,2026-07-31 21:37:43.154390+00:00,2026-08-01 05:23:08.946824+00:00,2026-07-31 23:17:27.194735+00:00,security_metrics,ml_engine,4bc7d549,0.15515570262776496,0.15515570262776496,0,2.076455348287709e-05,,,,,,
_result,0,2026-07-31 21:37:43.154390+00:00,2026-08-01 05:23:08.946824+00:00,2026-07-31 23:17:43.637000+00:00,security_metrics,ml_engine,4bc7d549,0.17457109867541015,0.17457109867541015,0,2.4531442250008695e-05,,,,,,
_result,0,2026-07-31 21:37:43.154390+00:00,2026-08-01 05:23:08.946824+00:00,2026-07-31 23:18:00.092596+00:00,security_metrics,ml_engine,4bc7d549,0.18082460511682713,0.18082460511682713,0,1.8773442207020707e-05,,,,,,
_result,0,2026-07-31 21:37:43.154390+00:00,2026-08-01 05:23:08.946824+00:00,2026-07-31 23:18:16.526397+00:00,security_metrics,ml_engine,4bc7d549,0.1711273593478274,0.1711273593478274,0,2.2663200070383027e-05,,,,,,
_result,0,2026-07-31 21:37:43.154390+00:00,2026-08-01 05:23:08.946824+00:00,2026-07-31 23:18:33.103897+00:00,security_metrics,ml_engine,4bc7d549,0.1661161717398128,0.1661161717398128,0,2.530537312850356e-05,,,,,,
_result,0,2026-07-31 21:37:43.154390+00:00,2026-08-01 05:23:08.946824+00:00,2026-07-31 23:18:49.541992+00:00,security_metrics,ml_engine,4bc7d549,0.16470781762214792,0.16470781762214792,0,2.8433039915398695e-05,,,,,,
_result,0,2026-07-31 21:37:43.154390+00:00,2026-08-01 05:23:08.946824+00:00,2026-07-31 23:19:05.983036+00:00,security_metrics,ml_engine,4bc7d549,0.18222277143111232,0.18222277143111232,0,1.7567523173056543e-05,,,,,,
_result,0,2026-07-31 21:37:43.154390+00:00,2026-08-01 05:23:08.946824+00:00,2026-07-31 23:19:21.007659+00:00,security_metrics,ml_engine,4bc7d549,-1.0,,1,,,,,,,
_result,0,2026-07-31 21:37:43.154390+00:00,2026-08-01 05:23:08.946824+00:00,2026-07-31 23:19:22.432132+00:00,security_metrics,ml_engine,4bc7d549,0.10420600616046094,0.10420600616046094,0,0.07239028811454773,,,,,,
_result,0,2026-07-31 21:37:43.154390+00:00,2026-08-01 05:23:08.946824+00:00,2026-07-31 23:19:37.459261+00:00,security_metrics,ml_engine,4bc7d549,-1.0,,1,,,,,,,
_result,0,2026-07-31 21:37:43.154390+00:00,2026-08-01 05:23:08.946824+00:00,2026-07-31 23:19:37.460810+00:00,security_metrics,ml_engine,4bc7d549,-1.0,,1,,,,,,,
_result,0,2026-07-31 21:37:43.154390+00:00,2026-08-01 05:23:08.946824+00:00,2026-07-31 23:19:37.462167+00:00,security_metrics,ml_engine,4bc7d549,-1.0,,1,,,,,,,
_result,0,2026-07-31 21:37:43.154390+00:00,2026-08-01 05:23:08.946824+00:00,2026-07-31 23:19:39.011455+00:00,security_metrics,ml_engine,4bc7d549,0.16769150616955542,0.16769150616955542,0,0.11700338125228882,,,,,,
_result,0,2026-07-31 21:37:43.154390+00:00,2026-08-01 05:23:08.946824+00:00,2026-07-31 23:19:54.040593+00:00,security_metrics,ml_engine,4bc7d549,-1.0,,1,,,,,,,
_result,0,2026-07-31 21:37:43.154390+00:00,2026-08-01 05:23:08.946824+00:00,2026-07-31 23:19:54.042079+00:00,security_metrics,ml_engine,4bc7d549,-1.0,,1,,,,,,,
_result,0,2026-07-31 21:37:43.154390+00:00,2026-08-01 05:23:08.946824+00:00,2026-07-31 23:19:54.043534+00:00,security_metrics,ml_engine,4bc7d549,-1.0,,1,,,,,,,
_result,0,2026-07-31 21:37:43.154390+00:00,2026-08-01 05:23:08.946824+00:00,2026-07-31 23:19:54.044919+00:00,security_metrics,ml_engine,4bc7d549,-1.0,,1,,,,,,,
_result,0,2026-07-31 21:37:43.154390+00:00,2026-08-01 05:23:08.946824+00:00,2026-07-31 23:19:54.092229+00:00,security_metrics,ml_engine,4bc7d549,-0.95,,1,,,,,,,
_result,0,2026-07-31 21:37:43.154390+00:00,2026-08-01 05:23:08.946824+00:00,2026-07-31 23:20:10.519091+00:00,security_metrics,ml_engine,4bc7d549,-1.0,,1,,,,,,,
_result,0,2026-07-31 21:37:43.154390+00:00,2026-08-01 05:23:08.946824+00:00,2026-07-31 23:20:10.520576+00:00,security_metrics,ml_engine,4bc7d549,-1.0,,1,,,,,,,
_result,0,2026-07-31 21:37:43.154390+00:00,2026-08-01 05:23:08.946824+00:00,2026-07-31 23:20:10.521968+00:00,security_metrics,ml_engine,4bc7d549,-1.0,,1,,,,,,,
_result,0,2026-07-31 21:37:43.154390+00:00,2026-08-01 05:23:08.946824+00:00,2026-07-31 23:20:26.954704+00:00,security_metrics,ml_engine,4bc7d549,-1.0,,1,,,,,,,
_result,0,2026-07-31 21:37:43.154390+00:00,2026-08-01 05:23:08.946824+00:00,2026-07-31 23:20:26.956069+00:00,security_metrics,ml_engine,4bc7d549,-1.0,,1,,,,,,,
_result,0,2026-07-31 21:37:43.154390+00:00,2026-08-01 05:23:08.946824+00:00,2026-07-31 23:20:26.957425+00:00,security_metrics,ml_engine,4bc7d549,-1.0,,1,,,,,,,
_result,0,2026-07-31 21:37:43.154390+00:00,2026-08-01 05:23:08.946824+00:00,2026-07-31 23:20:44.913329+00:00,security_metrics,ml_engine,4bc7d549,0.1666445886044069,0.1666445886044069,0,2.3939846869325265e-05,,,,,,
_result,0,2026-07-31 21:37:43.154390+00:00,2026-08-01 05:23:08.946824+00:00,2026-07-31 23:21:01.328995+00:00,security_metrics,ml_engine,4bc7d549,0.1629515488310322,0.1629515488310322,0,2.1114898117957637e-05,,,,,,
_result,0,2026-07-31 21:37:43.154390+00:00,2026-08-01 05:23:08.946824+00:00,2026-07-31 23:21:17.753609+00:00,security_metrics,ml_engine,4bc7d549,0.05799270983083915,0.05799270983083915,0,1.6535484974156134e-05,,,,,,
_result,0,2026-07-31 21:37:43.154390+00:00,2026-08-01 05:23:08.946824+00:00,2026-07-31 23:21:34.180133+00:00,security_metrics,ml_engine,4bc7d549,0.14611877145749014,0.14611877145749014,0,1.8557784642325714e-05,,,,,,
_result,0,2026-07-31 21:37:43.154390+00:00,2026-08-01 05:23:08.946824+00:00,2026-07-31 23:21:50.712301+00:00,security_metrics,ml_engine,4bc7d549,0.17653015875632339,0.17653015875632339,0,2.1306525013642386e-05,,,,,,
_result,0,2026-07-31 21:37:43.154390+00:00,2026-08-01 05:23:08.946824+00:00,2026-07-31 23:22:05.776501+00:00,security_metrics,ml_engine,4bc7d549,-0.95,,1,,,,,,,
_result,0,2026-07-31 21:37:43.154390+00:00,2026-08-01 05:23:08.946824+00:00,2026-07-31 23:22:07.202831+00:00,security_metrics,ml_engine,4bc7d549,0.1556427284959982,0.1556427284959982,0,2.432534165563993e-05,,,,,,
_result,0,2026-07-31 21:37:43.154390+00:00,2026-08-01 05:23:08.946824+00:00,2026-07-31 23:22:23.644543+00:00,security_metrics,ml_engine,4bc7d549,0.17371901412542573,0.17371901412542573,0,2.1502984964172356e-05,,,,,,
_result,0,2026-07-31 21:37:43.154390+00:00,2026-08-01 05:23:08.946824+00:00,2026-07-31 23:22:40.182741+00:00,security_metrics,ml_engine,4bc7d549,0.16380922663065278,0.16380922663065278,0,2.240662433905527e-05,,,,,,
_result,0,2026-07-31 21:37:43.154390+00:00,2026-08-01 05:23:08.946824+00:00,2026-07-31 23:22:56.636903+00:00,security_metrics,ml_engine,4bc7d549,0.17300450956507146,0.17300450956507146,0,2.21114132727962e-05,,,,,,
_result,0,2026-07-31 21:37:43.154390+00:00,2026-08-01 05:23:08.946824+00:00,2026-07-31 23:23:13.091793+00:00,security_metrics,ml_engine,4bc7d549,0.18376160595026902,0.18376160595026902,0,2.4162185582099482e-05,,,,,,
_result,0,2026-07-31 21:37:43.154390+00:00,2026-08-01 05:23:08.946824+00:00,2026-07-31 23:23:29.536156+00:00,security_metrics,ml_engine,4bc7d549,0.19334257928747617,0.19334257928747617,0,1.76279318111483e-05,,,,,,
_result,0,2026-07-31 21:37:43.154390+00:00,2026-08-01 05:23:08.946824+00:00,2026-07-31 23:23:46.095769+00:00,security_metrics,ml_engine,4bc7d549,0.17371901412542573,0.17371901412542573,0,2.0649913494708017e-05,,,,,,
_result,0,2026-07-31 21:37:43.154390+00:00,2026-08-01 05:23:08.946824+00:00,2026-07-31 23:24:02.546401+00:00,security_metrics,ml_engine,4bc7d549,0.1763923179460402,0.1763923179460402,0,1.8173237549490295e-05,,,,,,
_result,0,2026-07-31 21:37:43.154390+00:00,2026-08-01 05:23:08.946824+00:00,2026-07-31 23:24:17.612181+00:00,security_metrics,ml_engine,4bc7d549,-0.95,,1,,,,,,,
_result,0,2026-07-31 21:37:43.154390+00:00,2026-08-01 05:23:08.946824+00:00,2026-07-31 23:24:19.071630+00:00,security_metrics,ml_engine,4bc7d549,0.14595921563877923,0.14595921563877923,0,1.8682263544178568e-05,,,,,,
_result,0,2026-07-31 21:37:43.154390+00:00,2026-08-01 05:23:08.946824+00:00,2026-07-31 23:24:35.537908+00:00,security_metrics,ml_engine,4bc7d549,0.13863587442616226,0.13863587442616226,0,2.1581287001026794e-05,,,,,,
_result,0,2026-07-31 21:37:43.154390+00:00,2026-08-01 05:23:08.946824+00:00,2026-07-31 23:24:52.108966+00:00,security_metrics,ml_engine,4bc7d549,0.16099752698461756,0.16099752698461756,0,2.4194945581257343e-05,,,,,,
_result,0,2026-07-31 21:37:43.154390+00:00,2026-08-01 05:23:08.946824+00:00,2026-07-31 23:25:08.571576+00:00,security_metrics,ml_engine,4bc7d549,0.1700765873123516,0.1700765873123516,0,1.6612942999927327e-05,,,,,,
_result,0,2026-07-31 21:37:43.154390+00:00,2026-08-01 05:23:08.946824+00:00,2026-07-31 23:25:25.073690+00:00,security_metrics,ml_engine,4bc7d549,0.10870626271326289,0.10870626271326289,0,2.3623038941877894e-05,,,,,,
_result,0,2026-07-31 21:37:43.154390+00:00,2026-08-01 05:23:08.946824+00:00,2026-07-31 23:25:41.552799+00:00,security_metrics,ml_engine,4bc7d549,0.1494935613814226,0.1494935613814226,0,2.054149990726728e-05,,,,,,
_result,0,2026-07-31 21:37:43.154390+00:00,2026-08-01 05:23:08.946824+00:00,2026-07-31 23:25:58.146936+00:00,security_metrics,ml_engine,4bc7d549,0.17476978756163036,0.17476978756163036,0,1.8992543118656613e-05,,,,,,
_result,0,2026-07-31 21:37:43.154390+00:00,2026-08-01 05:23:08.946824+00:00,2026-07-31 23:26:14.631523+00:00,security_metrics,ml_engine,4bc7d549,0.1780486511707517,0.1780486511707517,0,1.9195045751985162e-05,,,,,,
_result,0,2026-07-31 21:37:43.154390+00:00,2026-08-01 05:23:08.946824+00:00,2026-07-31 23:26:29.698403+00:00,security_metrics,ml_engine,4bc7d549,-0.95,,1,,,,,,,
_result,0,2026-07-31 21:37:43.154390+00:00,2026-08-01 05:23:08.946824+00:00,2026-07-31 23:26:31.185530+00:00,security_metrics,ml_engine,4bc7d549,0.1798552581430677,0.1798552581430677,0,2.3487482394557446e-05,,,,,,
_result,0,2026-07-31 21:37:43.154390+00:00,2026-08-01 05:23:08.946824+00:00,2026-07-31 23:26:47.775952+00:00,security_metrics,ml_engine,4bc7d549,0.15895825629037863,0.15895825629037863,0,2.2560698198503815e-05,,,,,,
_result,0,2026-07-31 21:37:43.154390+00:00,2026-08-01 05:23:08.946824+00:00,2026-07-31 23:27:04.281882+00:00,security_metrics,ml_engine,4bc7d549,0.15705616289597418,0.15705616289597418,0,2.005182977882214e-05,,,,,,
_result,0,2026-07-31 21:37:43.154390+00:00,2026-08-01 05:23:08.946824+00:00,2026-07-31 23:27:20.766763+00:00,security_metrics,ml_engine,4bc7d549,0.11758887140781349,0.11758887140781349,0,1.6120455256896093e-05,,,,,,
_result,0,2026-07-31 21:37:43.154390+00:00,2026-08-01 05:23:08.946824+00:00,2026-07-31 23:27:37.272866+00:00,security_metrics,ml_engine,4bc7d549,0.18620358068034848,0.18620358068034848,0,2.280647458974272e-05,,,,,,
_result,0,2026-07-31 21:37:43.154390+00:00,2026-08-01 05:23:08.946824+00:00,2026-07-31 23:27:53.879689+00:00,security_metrics,ml_engine,4bc7d549,0.12312972007978096,0.12312972007978096,0,1.774957127054222e-05,,,,,,
_result,0,2026-07-31 21:37:43.154390+00:00,2026-08-01 05:23:08.946824+00:00,2026-07-31 23:28:10.378095+00:00,security_metrics,ml_engine,4bc7d549,0.15487118401811006,0.15487118401811006,0,2.5598923457437195e-05,,,,,,
_result,0,2026-07-31 21:37:43.154390+00:00,2026-08-01 05:23:08.946824+00:00,2026-07-31 23:28:26.883023+00:00,security_metrics,ml_engine,4bc7d549,0.1311825238708143,0.1311825238708143,0,1.9842644178424962e-05,,,,,,
_result,0,2026-07-31 21:37:43.154390+00:00,2026-08-01 05:23:08.946824+00:00,2026-07-31 23:28:43.544475+00:00,security_metrics,ml_engine,4bc7d549,0.16831423883008306,0.16831423883008306,0,1.9434555724728853e-05,,,,,,
_result,0,2026-07-31 21:37:43.154390+00:00,2026-08-01 05:23:08.946824+00:00,2026-07-31 23:29:00.113147+00:00,security_metrics,ml_engine,4bc7d549,0.1764717271779669,0.1764717271779669,0,1.6680229236953892e-05,,,,,,
_result,0,2026-07-31 21:37:43.154390+00:00,2026-08-01 05:23:08.946824+00:00,2026-07-31 23:29:16.695033+00:00,security_metrics,ml_engine,4bc7d549,0.17648606882465628,0.17648606882465628,0,2.1002460925956257e-05,,,,,,
_result,0,2026-07-31 21:37:43.154390+00:00,2026-08-01 05:23:08.946824+00:00,2026-07-31 23:29:33.273711+00:00,security_metrics,ml_engine,4bc7d549,0.1666445886044069,0.1666445886044069,0,1.7215113985002972e-05,,,,,,
_result,0,2026-07-31 21:37:43.154390+00:00,2026-08-01 05:23:08.946824+00:00,2026-07-31 23:29:49.949170+00:00,security_metrics,ml_engine,4bc7d549,0.19058227604774425,0.19058227604774425,0,2.3898077415651642e-05,,,,,,
_result,0,2026-07-31 21:37:43.154390+00:00,2026-08-01 05:23:08.946824+00:00,2026-07-31 23:30:06.529220+00:00,security_metrics,ml_engine,4bc7d549,0.12299296389503073,0.12299296389503073,0,1.916179280669894e-05,,,,,,
_result,0,2026-07-31 21:37:43.154390+00:00,2026-08-01 05:23:08.946824+00:00,2026-07-31 23:30:23.104876+00:00,security_metrics,ml_engine,4bc7d549,0.17969129806650003,0.17969129806650003,0,2.0139246771577746e-05,,,,,,
_result,0,2026-07-31 21:37:43.154390+00:00,2026-08-01 05:23:08.946824+00:00,2026-07-31 23:30:39.687885+00:00,security_metrics,ml_engine,4bc7d549,0.12399605833691912,0.12399605833691912,0,1.875949601526372e-05,,,,,,
_result,0,2026-07-31 21:37:43.154390+00:00,2026-08-01 05:23:08.946824+00:00,2026-07-31 23:30:56.385244+00:00,security_metrics,ml_engine,4bc7d549,0.17445781761958334,0.17445781761958334,0,2.6998375687981024e-05,,,,,,
_result,0,2026-07-31 21:37:43.154390+00:00,2026-08-01 05:23:08.946824+00:00,2026-07-31 23:31:12.988265+00:00,security_metrics,ml_engine,4bc7d549,0.16874204871860365,0.16874204871860365,0,2.0628114725695923e-05,,,,,,
_result,0,2026-07-31 21:37:43.154390+00:00,2026-08-01 05:23:08.946824+00:00,2026-07-31 23:31:29.592167+00:00,security_metrics,ml_engine,4bc7d549,0.1688713757815291,0.1688713757815291,0,2.119893724739086e-05,,,,,,
_result,0,2026-07-31 21:37:43.154390+00:00,2026-08-01 05:23:08.946824+00:00,2026-07-31 23:31:46.311069+00:00,security_metrics,ml_engine,4bc7d549,0.16769150616955542,0.16769150616955542,0,1.8973480109707452e-05,,,,,,
_result,0,2026-07-31 21:37:43.154390+00:00,2026-08-01 05:23:08.946824+00:00,2026-07-31 23:32:02.914651+00:00,security_metrics,ml_engine,4bc7d549,0.16260696929592205,0.16260696929592205,0,2.3647853595321067e-05,,,,,,
_result,0,2026-07-31 21:37:43.154390+00:00,2026-08-01 05:23:08.946824+00:00,2026-07-31 23:32:19.526271+00:00,security_metrics,ml_engine,4bc7d549,0.14202856480453618,0.14202856480453618,0,2.2725384042132646e-05,,,,,,
_result,0,2026-07-31 21:37:43.154390+00:00,2026-08-01 05:23:08.946824+00:00,2026-07-31 23:32:36.141895+00:00,security_metrics,ml_engine,4bc7d549,0.17605515809736683,0.17605515809736683,0,2.0440760636120103e-05,,,,,,
_result,0,2026-07-31 21:37:43.154390+00:00,2026-08-01 05:23:08.946824+00:00,2026-07-31 23:32:52.865803+00:00,security_metrics,ml_engine,4bc7d549,0.18828797598874525,0.18828797598874525,0,2.648616282385774e-05,,,,,,
_result,0,2026-07-31 21:37:43.154390+00:00,2026-08-01 05:23:08.946824+00:00,2026-07-31 23:33:09.485003+00:00,security_metrics,ml_engine,4bc7d549,0.18320526620219446,0.18320526620219446,0,2.0479265003814362e-05,,,,,,
_result,0,2026-07-31 21:37:43.154390+00:00,2026-08-01 05:23:08.946824+00:00,2026-07-31 23:33:26.102301+00:00,security_metrics,ml_engine,4bc7d549,0.11758887140781349,0.11758887140781349,0,1.861020973592531e-05,,,,,,
_result,0,2026-07-31 21:37:43.154390+00:00,2026-08-01 05:23:08.946824+00:00,2026-07-31 23:33:42.817856+00:00,security_metrics,ml_engine,4bc7d549,0.1763923179460402,0.1763923179460402,0,2.2127451302367263e-05,,,,,,
_result,0,2026-07-31 21:37:43.154390+00:00,2026-08-01 05:23:08.946824+00:00,2026-07-31 23:33:59.439786+00:00,security_metrics,ml_engine,4bc7d549,0.18257517500421522,0.18257517500421522,0,2.4085198674583808e-05,,,,,,
_result,0,2026-07-31 21:37:43.154390+00:00,2026-08-01 05:23:08.946824+00:00,2026-07-31 23:34:16.051554+00:00,security_metrics,ml_engine,4bc7d549,0.14931900157603306,0.14931900157603306,0,1.8209299014415592e-05,,,,,,
_result,0,2026-07-31 21:37:43.154390+00:00,2026-08-01 05:23:08.946824+00:00,2026-07-31 23:34:32.807210+00:00,security_metrics,ml_engine,4bc7d549,0.17457109867541015,0.17457109867541015,0,2.4138636945281178e-05,,,,,,
_result,0,2026-07-31 21:37:43.154390+00:00,2026-08-01 05:23:08.946824+00:00,2026-07-31 23:34:49.434560+00:00,security_metrics,ml_engine,4bc7d549,0.14499696224154335,0.14499696224154335,0,0.0005034953937865794,,,,,,
_result,0,2026-07-31 21:37:43.154390+00:00,2026-08-01 05:23:08.946824+00:00,2026-07-31 23:35:06.073676+00:00,security_metrics,ml_engine,4bc7d549,0.18207072844754274,0.18207072844754274,0,1.9911740309908055e-05,,,,,,
_result,0,2026-07-31 21:37:43.154390+00:00,2026-08-01 05:23:08.946824+00:00,2026-07-31 23:35:22.712291+00:00,security_metrics,ml_engine,4bc7d549,0.13297802709637108,0.13297802709637108,0,2.257732739963103e-05,,,,,,
_result,0,2026-07-31 21:37:43.154390+00:00,2026-08-01 05:23:08.946824+00:00,2026-07-31 23:35:39.466949+00:00,security_metrics,ml_engine,4bc7d549,0.18250307506704905,0.18250307506704905,0,1.4525477126881015e-05,,,,,,
_result,0,2026-07-31 21:37:43.154390+00:00,2026-08-01 05:23:08.946824+00:00,2026-07-31 23:35:56.111581+00:00,security_metrics,ml_engine,4bc7d549,0.11063176831193966,0.11063176831193966,0,1.8329652448301204e-05,,,,,,
_result,0,2026-07-31 21:37:43.154390+00:00,2026-08-01 05:23:08.946824+00:00,2026-07-31 23:36:11.130526+00:00,security_metrics,ml_engine,4bc7d549,-1.0,,1,,,,,,,
_result,0,2026-07-31 21:37:43.154390+00:00,2026-08-01 05:23:08.946824+00:00,2026-07-31 23:36:11.131961+00:00,security_metrics,ml_engine,4bc7d549,-1.0,,1,,,,,,,
_result,0,2026-07-31 21:37:43.154390+00:00,2026-08-01 05:23:08.946824+00:00,2026-07-31 23:36:11.133344+00:00,security_metrics,ml_engine,4bc7d549,-1.0,,1,,,,,,,
_result,0,2026-07-31 21:37:43.154390+00:00,2026-08-01 05:23:08.946824+00:00,2026-07-31 23:36:12.762289+00:00,security_metrics,ml_engine,4bc7d549,0.09662874426071588,0.09662874426071588,0,0.14118969440460205,,,,,,
_result,0,2026-07-31 21:37:43.154390+00:00,2026-08-01 05:23:08.946824+00:00,2026-07-31 23:36:27.787458+00:00,security_metrics,ml_engine,4bc7d549,-1.0,,1,,,,,,,
_result,0,2026-07-31 21:37:43.154390+00:00,2026-08-01 05:23:08.946824+00:00,2026-07-31 23:36:27.788858+00:00,security_metrics,ml_engine,4bc7d549,-1.0,,1,,,,,,,
_result,0,2026-07-31 21:37:43.154390+00:00,2026-08-01 05:23:08.946824+00:00,2026-07-31 23:36:44.561361+00:00,security_metrics,ml_engine,4bc7d549,-1.0,,1,,,,,,,
_result,0,2026-07-31 21:37:43.154390+00:00,2026-08-01 05:23:08.946824+00:00,2026-07-31 23:36:44.562892+00:00,security_metrics,ml_engine,4bc7d549,-1.0,,1,,,,,,,
_result,0,2026-07-31 21:37:43.154390+00:00,2026-08-01 05:23:08.946824+00:00,2026-07-31 23:36:44.564369+00:00,security_metrics,ml_engine,4bc7d549,-1.0,,1,,,,,,,
_result,0,2026-07-31 21:37:43.154390+00:00,2026-08-01 05:23:08.946824+00:00,2026-07-31 23:36:44.612747+00:00,security_metrics,ml_engine,4bc7d549,-0.95,,1,,,,,,,
_result,0,2026-07-31 21:37:43.154390+00:00,2026-08-01 05:23:08.946824+00:00,2026-07-31 23:37:01.249590+00:00,security_metrics,ml_engine,4bc7d549,-1.0,,1,,,,,,,
_result,0,2026-07-31 21:37:43.154390+00:00,2026-08-01 05:23:08.946824+00:00,2026-07-31 23:37:01.251025+00:00,security_metrics,ml_engine,4bc7d549,-1.0,,1,,,,,,,
_result,0,2026-07-31 21:37:43.154390+00:00,2026-08-01 05:23:08.946824+00:00,2026-07-31 23:37:01.252390+00:00,security_metrics,ml_engine,4bc7d549,-1.0,,1,,,,,,,
_result,0,2026-07-31 21:37:43.154390+00:00,2026-08-01 05:23:08.946824+00:00,2026-07-31 23:37:17.906649+00:00,security_metrics,ml_engine,4bc7d549,-1.0,,1,,,,,,,
_result,0,2026-07-31 21:37:43.154390+00:00,2026-08-01 05:23:08.946824+00:00,2026-07-31 23:37:17.908126+00:00,security_metrics,ml_engine,4bc7d549,-1.0,,1,,,,,,,
_result,0,2026-07-31 21:37:43.154390+00:00,2026-08-01 05:23:08.946824+00:00,2026-07-31 23:37:17.909570+00:00,security_metrics,ml_engine,4bc7d549,-1.0,,1,,,,,,,
_result,0,2026-07-31 21:37:43.154390+00:00,2026-08-01 05:23:08.946824+00:00,2026-07-31 23:37:34.650054+00:00,security_metrics,ml_engine,4bc7d549,-1.0,,1,,,,,,,
_result,0,2026-07-31 21:37:43.154390+00:00,2026-08-01 05:23:08.946824+00:00,2026-07-31 23:37:34.651633+00:00,security_metrics,ml_engine,4bc7d549,-1.0,,1,,,,,,,
_result,0,2026-07-31 21:37:43.154390+00:00,2026-08-01 05:23:08.946824+00:00,2026-07-31 23:38:57.948078+00:00,security_metrics,ml_engine,4bc7d549,-0.95,,1,,,,,,,
_result,0,2026-07-31 21:37:43.154390+00:00,2026-08-01 05:23:08.946824+00:00,2026-07-31 23:41:11.239365+00:00,security_metrics,ml_engine,4bc7d549,-0.95,,1,,,,,,,
_result,0,2026-07-31 21:37:43.154390+00:00,2026-08-01 05:23:08.946824+00:00,2026-07-31 23:43:24.678656+00:00,security_metrics,ml_engine,4bc7d549,-0.95,,1,,,,,,,
_result,0,2026-07-31 21:37:43.154390+00:00,2026-08-01 05:23:08.946824+00:00,2026-07-31 23:59:00.161088+00:00,security_metrics,ml_engine,4bc7d549,-1.0,,1,,,,,,,
_result,0,2026-07-31 21:37:43.154390+00:00,2026-08-01 05:23:08.946824+00:00,2026-07-31 23:59:00.208362+00:00,security_metrics,ml_engine,4bc7d549,-0.95,,1,,,,,,,
_result,0,2026-07-31 21:37:43.154390+00:00,2026-08-01 05:23:08.946824+00:00,2026-07-31 23:59:01.821541+00:00,security_metrics,ml_engine,4bc7d549,0.15487118401811006,0.15487118401811006,0,3.209006172255613e-05,,,,,,
_result,0,2026-07-31 21:37:43.154390+00:00,2026-08-01 05:23:08.946824+00:00,2026-07-31 23:59:18.455670+00:00,security_metrics,ml_engine,4bc7d549,0.18375522898342733,0.18375522898342733,0,2.403925100225024e-05,,,,,,
_result,0,2026-07-31 21:37:43.154390+00:00,2026-08-01 05:23:08.946824+00:00,2026-07-31 23:59:35.106210+00:00,security_metrics,ml_engine,4bc7d549,0.15496913818629643,0.15496913818629643,0,0.0007111679296940565,,,,,,
_result,0,2026-07-31 21:37:43.154390+00:00,2026-08-01 05:23:08.946824+00:00,2026-07-31 23:59:51.857995+00:00,security_metrics,ml_engine,4bc7d549,0.13530473135571297,0.13530473135571297,0,1.832273483159952e-05,,,,,,
_result,0,2026-07-31 21:37:43.154390+00:00,2026-08-01 05:23:08.946824+00:00,2026-08-01 00:00:08.502136+00:00,security_metrics,ml_engine,4bc7d549,0.16738694130222448,0.16738694130222448,0,0.00015816124505363405,,,,,,
_result,0,2026-07-31 21:37:43.154390+00:00,2026-08-01 05:23:08.946824+00:00,2026-08-01 00:00:25.145559+00:00,security_metrics,ml_engine,4bc7d549,0.18921378215876444,0.18921378215876444,0,2.1033389202784747e-05,,,,,,
_result,0,2026-07-31 21:37:43.154390+00:00,2026-08-01 05:23:08.946824+00:00,2026-08-01 00:00:41.873336+00:00,security_metrics,ml_engine,4bc7d549,0.17648606882465628,0.17648606882465628,0,1.9165199773851782e-05,,,,,,
_result,0,2026-07-31 21:37:43.154390+00:00,2026-08-01 05:23:08.946824+00:00,2026-08-01 00:00:58.496920+00:00,security_metrics,ml_engine,4bc7d549,0.13676514440435333,0.13676514440435333,0,0.0005271598929539323,,,,,,
_result,0,2026-07-31 21:37:43.154390+00:00,2026-08-01 05:23:08.946824+00:00,2026-08-01 00:01:13.563516+00:00,security_metrics,ml_engine,4bc7d549,-0.95,,1,,,,,,,
_result,0,2026-07-31 21:37:43.154390+00:00,2026-08-01 05:23:08.946824+00:00,2026-08-01 00:01:15.174633+00:00,security_metrics,ml_engine,4bc7d549,0.1268676788452484,0.1268676788452484,0,0.0005734949954785407,,,,,,
_result,0,2026-07-31 21:37:43.154390+00:00,2026-08-01 05:23:08.946824+00:00,2026-08-01 00:01:31.913172+00:00,security_metrics,ml_engine,4bc7d549,0.1838438975972264,0.1838438975972264,0,1.9032289856113493e-05,,,,,,
_result,0,2026-07-31 21:37:43.154390+00:00,2026-08-01 05:23:08.946824+00:00,2026-08-01 00:01:48.540837+00:00,security_metrics,ml_engine,4bc7d549,0.1608623711530861,0.1608623711530861,0,1.9230663383495994e-05,,,,,,
_result,0,2026-07-31 21:37:43.154390+00:00,2026-08-01 05:23:08.946824+00:00,2026-08-01 00:02:05.170373+00:00,security_metrics,ml_engine,4bc7d549,0.16621989162209683,0.16621989162209683,0,2.0145987946307287e-05,,,,,,
_result,0,2026-07-31 21:37:43.154390+00:00,2026-08-01 05:23:08.946824+00:00,2026-08-01 00:02:21.800759+00:00,security_metrics,ml_engine,4bc7d549,0.1545944048667937,0.1545944048667937,0,1.986386996577494e-05,,,,,,
_result,0,2026-07-31 21:37:43.154390+00:00,2026-08-01 05:23:08.946824+00:00,2026-08-01 00:02:38.534384+00:00,security_metrics,ml_engine,4bc7d549,0.14831543940651248,0.14831543940651248,0,2.0251625755918212e-05,,,,,,
_result,0,2026-07-31 21:37:43.154390+00:00,2026-08-01 05:23:08.946824+00:00,2026-08-01 00:02:55.157252+00:00,security_metrics,ml_engine,4bc7d549,0.1556427284959982,0.1556427284959982,0,3.0100596632109955e-05,,,,,,
_result,0,2026-07-31 21:37:43.154390+00:00,2026-08-01 05:23:08.946824+00:00,2026-08-01 00:03:11.785375+00:00,security_metrics,ml_engine,4bc7d549,0.1763923179460402,0.1763923179460402,0,4.838888708036393e-05,,,,,,
_result,0,2026-07-31 21:37:43.154390+00:00,2026-08-01 05:23:08.946824+00:00,2026-08-01 00:03:26.852223+00:00,security_metrics,ml_engine,4bc7d549,-0.95,,1,,,,,,,
_result,0,2026-07-31 21:37:43.154390+00:00,2026-08-01 05:23:08.946824+00:00,2026-08-01 00:03:28.576597+00:00,security_metrics,ml_engine,4bc7d549,0.15487118401811006,0.15487118401811006,0,2.0499284801189788e-05,,,,,,
_result,0,2026-07-31 21:37:43.154390+00:00,2026-08-01 05:23:08.946824+00:00,2026-08-01 00:03:45.207184+00:00,security_metrics,ml_engine,4bc7d549,0.1614084305103073,0.1614084305103073,0,2.2914251530892216e-05,,,,,,
_result,0,2026-07-31 21:37:43.154390+00:00,2026-08-01 05:23:08.946824+00:00,2026-08-01 00:04:01.845098+00:00,security_metrics,ml_engine,4bc7d549,0.16374207888518322,0.16374207888518322,0,1.968869946722407e-05,,,,,,
_result,0,2026-07-31 21:37:43.154390+00:00,2026-08-01 05:23:08.946824+00:00,2026-08-01 00:04:18.598630+00:00,security_metrics,ml_engine,4bc7d549,0.14458198096625963,0.14458198096625963,0,1.8956845451612025e-05,,,,,,
_result,0,2026-07-31 21:37:43.154390+00:00,2026-08-01 05:23:08.946824+00:00,2026-08-01 00:04:35.221100+00:00,security_metrics,ml_engine,4bc7d549,0.04501594844007595,0.04501594844007595,0,2.0967578166164458e-05,,,,,,
_result,0,2026-07-31 21:37:43.154390+00:00,2026-08-01 05:23:08.946824+00:00,2026-08-01 00:04:51.843271+00:00,security_metrics,ml_engine,4bc7d549,0.1545944048667937,0.1545944048667937,0,2.7823934942716733e-05,,,,,,
_result,0,2026-07-31 21:37:43.154390+00:00,2026-08-01 05:23:08.946824+00:00,2026-08-01 00:05:08.490151+00:00,security_metrics,ml_engine,4bc7d549,0.17491959860938272,0.17491959860938272,0,1.969574805116281e-05,,,,,,
_result,0,2026-07-31 21:37:43.154390+00:00,2026-08-01 05:23:08.946824+00:00,2026-08-01 00:05:25.209429+00:00,security_metrics,ml_engine,4bc7d549,0.1666445886044069,0.1666445886044069,0,1.839163996919524e-05,,,,,,
_result,0,2026-07-31 21:37:43.154390+00:00,2026-08-01 05:23:08.946824+00:00,2026-08-01 00:05:41.882922+00:00,security_metrics,ml_engine,4bc7d549,0.18905528994333276,0.18905528994333276,0,2.1756366550107487e-05,,,,,,
_result,0,2026-07-31 21:37:43.154390+00:00,2026-08-01 05:23:08.946824+00:00,2026-08-01 00:05:58.552495+00:00,security_metrics,ml_engine,4bc7d549,0.177768374972061,0.177768374972061,0,3.4538079489720985e-05,,,,,,
_result,0,2026-07-31 21:37:43.154390+00:00,2026-08-01 05:23:08.946824+00:00,2026-08-01 00:06:15.352325+00:00,security_metrics,ml_engine,4bc7d549,0.1556427284959982,0.1556427284959982,0,1.8486853150534444e-05,,,,,,
_result,0,2026-07-31 21:37:43.154390+00:00,2026-08-01 05:23:08.946824+00:00,2026-08-01 00:06:32.053372+00:00,security_metrics,ml_engine,4bc7d549,0.15953965876444737,0.15953965876444737,0,1.561291719553992e-05,,,,,,
_result,0,2026-07-31 21:37:43.154390+00:00,2026-08-01 05:23:08.946824+00:00,2026-08-01 00:06:48.716179+00:00,security_metrics,ml_engine,4bc7d549,0.15244166919510405,0.15244166919510405,0,2.2471485863206908e-05,,,,,,
_result,0,2026-07-31 21:37:43.154390+00:00,2026-08-01 05:23:08.946824+00:00,2026-08-01 00:07:05.501488+00:00,security_metrics,ml_engine,4bc7d549,0.16769150616955542,0.16769150616955542,0,2.254785067634657e-05,,,,,,
_result,0,2026-07-31 21:37:43.154390+00:00,2026-08-01 05:23:08.946824+00:00,2026-08-01 00:07:20.580692+00:00,security_metrics,ml_engine,4bc7d549,-0.95,,1,,,,,,,
_result,0,2026-07-31 21:37:43.154390+00:00,2026-08-01 05:23:08.946824+00:00,2026-08-01 00:07:22.224442+00:00,security_metrics,ml_engine,4bc7d549,-0.1170393316466889,-0.1170393316466889,0,0.15324479341506958,,,,,,
_result,0,2026-07-31 21:37:43.154390+00:00,2026-08-01 05:23:08.946824+00:00,2026-08-01 00:07:38.896559+00:00,security_metrics,ml_engine,4bc7d549,0.11501601986058163,0.11501601986058163,0,0.13927362859249115,,,,,,
_result,0,2026-07-31 21:37:43.154390+00:00,2026-08-01 05:23:08.946824+00:00,2026-08-01 00:07:55.564382+00:00,security_metrics,ml_engine,4bc7d549,0.1152812985676257,0.1152812985676257,0,0.000540835433639586,,,,,,
_result,0,2026-07-31 21:37:43.154390+00:00,2026-08-01 05:23:08.946824+00:00,2026-08-01 00:08:12.322762+00:00,security_metrics,ml_engine,4bc7d549,0.1640294559629425,0.1640294559629425,0,2.5279254259658046e-05,,,,,,
_result,0,2026-07-31 21:37:43.154390+00:00,2026-08-01 05:23:08.946824+00:00,2026-08-01 00:08:28.961808+00:00,security_metrics,ml_engine,4bc7d549,0.12515913797669798,0.12515913797669798,0,0.00072625488974154,,,,,,
_result,0,2026-07-31 21:37:43.154390+00:00,2026-08-01 05:23:08.946824+00:00,2026-08-01 00:08:45.609981+00:00,security_metrics,ml_engine,4bc7d549,0.14534517314764506,0.14534517314764506,0,0.0006792258936911821,,,,,,
_result,0,2026-07-31 21:37:43.154390+00:00,2026-08-01 05:23:08.946824+00:00,2026-08-01 00:09:02.374571+00:00,security_metrics,ml_engine,4bc7d549,0.12949549361798718,0.12949549361798718,0,2.0451810996746644e-05,,,,,,
_result,0,2026-07-31 21:37:43.154390+00:00,2026-08-01 05:23:08.946824+00:00,2026-08-01 00:09:19.028113+00:00,security_metrics,ml_engine,4bc7d549,0.12847914197195576,0.12847914197195576,0,2.211568244092632e-05,,,,,,
_result,0,2026-07-31 21:37:43.154390+00:00,2026-08-01 05:23:08.946824+00:00,2026-08-01 00:09:35.736329+00:00,security_metrics,ml_engine,4bc7d549,0.1893598277684918,0.1893598277684918,0,2.6596047973725945e-05,,,,,,
_result,0,2026-07-31 21:37:43.154390+00:00,2026-08-01 05:23:08.946824+00:00,2026-08-01 00:09:52.540596+00:00,security_metrics,ml_engine,4bc7d549,0.14811443899925258,0.14811443899925258,0,1.8582166376290843e-05,,,,,,
_result,0,2026-07-31 21:37:43.154390+00:00,2026-08-01 05:23:08.946824+00:00,2026-08-01 00:10:09.251394+00:00,security_metrics,ml_engine,4bc7d549,0.11741966248643321,0.11741966248643321,0,0.0007284607272595167,,,,,,
_result,0,2026-07-31 21:37:43.154390+00:00,2026-08-01 05:23:08.946824+00:00,2026-08-01 00:10:25.948882+00:00,security_metrics,ml_engine,4bc7d549,0.05085817489522504,0.05085817489522504,0,0.005505706649273634,,,,,,
_result,0,2026-07-31 21:37:43.154390+00:00,2026-08-01 05:23:08.946824+00:00,2026-08-01 00:10:42.656051+00:00,security_metrics,ml_engine,4bc7d549,0.1545944048667937,0.1545944048667937,0,1.9094681192655116e-05,,,,,,
_result,0,2026-07-31 21:37:43.154390+00:00,2026-08-01 05:23:08.946824+00:00,2026-08-01 00:10:59.456779+00:00,security_metrics,ml_engine,4bc7d549,0.16738694130222448,0.16738694130222448,0,0.0007258164696395397,,,,,,
_result,0,2026-07-31 21:37:43.154390+00:00,2026-08-01 05:23:08.946824+00:00,2026-08-01 00:11:16.171236+00:00,security_metrics,ml_engine,4bc7d549,0.1764174990387708,0.1764174990387708,0,1.886473546619527e-05,,,,,,
_result,0,2026-07-31 21:37:43.154390+00:00,2026-08-01 05:23:08.946824+00:00,2026-08-01 00:11:32.886838+00:00,security_metrics,ml_engine,4bc7d549,0.17336937705693545,0.17336937705693545,0,2.8881424441351555e-05,,,,,,
_result,0,2026-07-31 21:37:43.154390+00:00,2026-08-01 05:23:08.946824+00:00,2026-08-01 00:11:49.688385+00:00,security_metrics,ml_engine,4bc7d549,0.1728361637030843,0.1728361637030843,0,2.6214045647066087e-05,,,,,,
_result,0,2026-07-31 21:37:43.154390+00:00,2026-08-01 05:23:08.946824+00:00,2026-08-01 00:12:06.393201+00:00,security_metrics,ml_engine,4bc7d549,0.14831543940651248,0.14831543940651248,0,1.7821419532992877e-05,,,,,,
_result,0,2026-07-31 21:37:43.154390+00:00,2026-08-01 05:23:08.946824+00:00,2026-08-01 00:12:23.088412+00:00,security_metrics,ml_engine,4bc7d549,0.17387804606293716,0.17387804606293716,0,2.293391662533395e-05,,,,,,
_result,0,2026-07-31 21:37:43.154390+00:00,2026-08-01 05:23:08.946824+00:00,2026-08-01 00:12:39.878456+00:00,security_metrics,ml_engine,4bc7d549,0.15259903241502437,0.15259903241502437,0,2.4369077436858788e-05,,,,,,
_result,0,2026-07-31 21:37:43.154390+00:00,2026-08-01 05:23:08.946824+00:00,2026-08-01 00:12:56.576443+00:00,security_metrics,ml_engine,4bc7d549,0.12821135878685241,0.12821135878685241,0,1.8377575543127023e-05,,,,,,
_result,0,2026-07-31 21:37:43.154390+00:00,2026-08-01 05:23:08.946824+00:00,2026-08-01 00:13:13.270875+00:00,security_metrics,ml_engine,4bc7d549,0.16260696929592205,0.16260696929592205,0,0.0006473651737906039,,,,,,
_result,0,2026-07-31 21:37:43.154390+00:00,2026-08-01 05:23:08.946824+00:00,2026-08-01 00:13:29.980971+00:00,security_metrics,ml_engine,4bc7d549,0.18315413772591643,0.18315413772591643,0,1.9310920833959244e-05,,,,,,
_result,0,2026-07-31 21:37:43.154390+00:00,2026-08-01 05:23:08.946824+00:00,2026-08-01 00:13:46.798702+00:00,security_metrics,ml_engine,4bc7d549,0.11240514072684515,0.11240514072684515,0,0.0005847781430929899,,,,,,
_result,0,2026-07-31 21:37:43.154390+00:00,2026-08-01 05:23:08.946824+00:00,2026-08-01 00:14:03.509273+00:00,security_metrics,ml_engine,4bc7d549,0.0507350366146504,0.0507350366146504,0,2.371946357015986e-05,,,,,,
_result,0,2026-07-31 21:37:43.154390+00:00,2026-08-01 05:23:08.946824+00:00,2026-08-01 00:14:20.210728+00:00,security_metrics,ml_engine,4bc7d549,0.11758887140781349,0.11758887140781349,0,2.471239713486284e-05,,,,,,
_result,0,2026-07-31 21:37:43.154390+00:00,2026-08-01 05:23:08.946824+00:00,2026-08-01 00:14:37.020858+00:00,security_metrics,ml_engine,4bc7d549,0.1544052142335321,0.1544052142335321,0,2.0165363821433857e-05,,,,,,
_result,0,2026-07-31 21:37:43.154390+00:00,2026-08-01 05:23:08.946824+00:00,2026-08-01 00:14:53.719250+00:00,security_metrics,ml_engine,4bc7d549,0.11042520581674331,0.11042520581674331,0,1.7179025235236622e-05,,,,,,
_result,0,2026-07-31 21:37:43.154390+00:00,2026-08-01 05:23:08.946824+00:00,2026-08-01 00:15:10.422227+00:00,security_metrics,ml_engine,4bc7d549,0.18100111991029832,0.18100111991029832,0,0.00046347465831786394,,,,,,
_result,0,2026-07-31 21:37:43.154390+00:00,2026-08-01 05:23:08.946824+00:00,2026-08-01 00:15:25.452176+00:00,security_metrics,ml_engine,4bc7d549,-1.0,,1,,,,,,,
_result,0,2026-07-31 21:37:43.154390+00:00,2026-08-01 05:23:08.946824+00:00,2026-08-01 00:15:25.453606+00:00,security_metrics,ml_engine,4bc7d549,-1.0,,1,,,,,,,
_result,0,2026-07-31 21:37:43.154390+00:00,2026-08-01 05:23:08.946824+00:00,2026-08-01 00:15:27.250058+00:00,security_metrics,ml_engine,4bc7d549,0.03417878886550174,0.03417878886550174,0,0.08358205109834671,,,,,,
_result,0,2026-07-31 21:37:43.154390+00:00,2026-08-01 05:23:08.946824+00:00,2026-08-01 00:15:42.275647+00:00,security_metrics,ml_engine,4bc7d549,-1.0,,1,,,,,,,
_result,0,2026-07-31 21:37:43.154390+00:00,2026-08-01 05:23:08.946824+00:00,2026-08-01 00:15:42.277152+00:00,security_metrics,ml_engine,4bc7d549,-1.0,,1,,,,,,,
_result,0,2026-07-31 21:37:43.154390+00:00,2026-08-01 05:23:08.946824+00:00,2026-08-01 00:15:43.955855+00:00,security_metrics,ml_engine,4bc7d549,0.04331613921957467,0.04331613921957467,0,0.043022770434617996,,,,,,
_result,0,2026-07-31 21:37:43.154390+00:00,2026-08-01 05:23:08.946824+00:00,2026-08-01 00:16:00.655481+00:00,security_metrics,ml_engine,4bc7d549,0.16099752698461756,0.16099752698461756,0,2.547023177612573e-05,,,,,,
_result,0,2026-07-31 21:37:43.154390+00:00,2026-08-01 05:23:08.946824+00:00,2026-08-01 00:16:17.346727+00:00,security_metrics,ml_engine,4bc7d549,0.19352861274491467,0.19352861274491467,0,2.0981315174140036e-05,,,,,,
_result,0,2026-07-31 21:37:43.154390+00:00,2026-08-01 05:23:08.946824+00:00,2026-08-01 00:16:34.144279+00:00,security_metrics,ml_engine,4bc7d549,0.16099752698461756,0.16099752698461756,0,2.193033287767321e-05,,,,,,
_result,0,2026-07-31 21:37:43.154390+00:00,2026-08-01 05:23:08.946824+00:00,2026-08-01 00:16:50.858903+00:00,security_metrics,ml_engine,4bc7d549,0.14442190517389414,0.14442190517389414,0,2.1733758330810815e-05,,,,,,
_result,0,2026-07-31 21:37:43.154390+00:00,2026-08-01 05:23:08.946824+00:00,2026-08-01 00:17:07.576231+00:00,security_metrics,ml_engine,4bc7d549,0.10023622324021919,0.10023622324021919,0,1.7916150682140142e-05,,,,,,
_result,0,2026-07-31 21:37:43.154390+00:00,2026-08-01 05:23:08.946824+00:00,2026-08-01 00:17:24.372932+00:00,security_metrics,ml_engine,4bc7d549,0.18436744033116698,0.18436744033116698,0,2.148967541870661e-05,,,,,,
_result,0,2026-07-31 21:37:43.154390+00:00,2026-08-01 05:23:08.946824+00:00,2026-08-01 00:17:41.079539+00:00,security_metrics,ml_engine,4bc7d549,0.1258241484577063,0.1258241484577063,0,2.3727603547740728e-05,,,,,,
_result,0,2026-07-31 21:37:43.154390+00:00,2026-08-01 05:23:08.946824+00:00,2026-08-01 00:17:57.767935+00:00,security_metrics,ml_engine,4bc7d549,0.15668778073780787,0.15668778073780787,0,1.9688281099661253e-05,,,,,,
_result,0,2026-07-31 21:37:43.154390+00:00,2026-08-01 05:23:08.946824+00:00,2026-08-01 00:18:14.574578+00:00,security_metrics,ml_engine,4bc7d549,0.1608623711530861,0.1608623711530861,0,2.1693651433452033e-05,,,,,,
_result,0,2026-07-31 21:37:43.154390+00:00,2026-08-01 05:23:08.946824+00:00,2026-08-01 00:18:31.290847+00:00,security_metrics,ml_engine,4bc7d549,0.16931471383869617,0.16931471383869617,0,1.7036543795256875e-05,,,,,,
_result,0,2026-07-31 21:37:43.154390+00:00,2026-08-01 05:23:08.946824+00:00,2026-08-01 00:18:47.998766+00:00,security_metrics,ml_engine,4bc7d549,0.1217347606960541,0.1217347606960541,0,2.180781666538678e-05,,,,,,
_result,0,2026-07-31 21:37:43.154390+00:00,2026-08-01 05:23:08.946824+00:00,2026-08-01 00:19:04.801702+00:00,security_metrics,ml_engine,4bc7d549,0.10721160540156416,0.10721160540156416,0,1.6656573279760778e-05,,,,,,
_result,0,2026-07-31 21:37:43.154390+00:00,2026-08-01 05:23:08.946824+00:00,2026-08-01 00:19:21.510813+00:00,security_metrics,ml_engine,4bc7d549,0.16260696929592205,0.16260696929592205,0,2.74861649813829e-05,,,,,,
_result,0,2026-07-31 21:37:43.154390+00:00,2026-08-01 05:23:08.946824+00:00,2026-08-01 00:19:38.195806+00:00,security_metrics,ml_engine,4bc7d549,0.17898435695176002,0.17898435695176002,0,2.098043478326872e-05,,,,,,
_result,0,2026-07-31 21:37:43.154390+00:00,2026-08-01 05:23:08.946824+00:00,2026-08-01 00:19:54.890806+00:00,security_metrics,ml_engine,4bc7d549,0.1610168861889401,0.1610168861889401,0,0.0004838178283534944,,,,,,
_result,0,2026-07-31 21:37:43.154390+00:00,2026-08-01 05:23:08.946824+00:00,2026-08-01 00:20:11.685943+00:00,security_metrics,ml_engine,4bc7d549,0.15668778073780787,0.15668778073780787,0,1.717534541967325e-05,,,,,,
_result,0,2026-07-31 21:37:43.154390+00:00,2026-08-01 05:23:08.946824+00:00,2026-08-01 00:20:28.406225+00:00,security_metrics,ml_engine,4bc7d549,0.16784371134648818,0.16784371134648818,0,1.8374666979070753e-05,,,,,,
_result,0,2026-07-31 21:37:43.154390+00:00,2026-08-01 05:23:08.946824+00:00,2026-08-01 00:20:45.104299+00:00,security_metrics,ml_engine,4bc7d549,0.15019424616839955,0.15019424616839955,0,1.703651469142642e-05,,,,,,
_result,0,2026-07-31 21:37:43.154390+00:00,2026-08-01 05:23:08.946824+00:00,2026-08-01 00:21:01.935844+00:00,security_metrics,ml_engine,4bc7d549,0.1494935613814226,0.1494935613814226,0,1.547755891806446e-05,,,,,,
_result,0,2026-07-31 21:37:43.154390+00:00,2026-08-01 05:23:08.946824+00:00,2026-08-01 00:21:18.629121+00:00,security_metrics,ml_engine,4bc7d549,0.16698127803611973,0.16698127803611973,0,2.3195019821287133e-05,,,,,,
_result,0,2026-07-31 21:37:43.154390+00:00,2026-08-01 05:23:08.946824+00:00,2026-08-01 00:21:35.345183+00:00,security_metrics,ml_engine,4bc7d549,0.14831543940651248,0.14831543940651248,0,0.0007296609692275524,,,,,,
_result,0,2026-07-31 21:37:43.154390+00:00,2026-08-01 05:23:08.946824+00:00,2026-08-01 00:21:52.186525+00:00,security_metrics,ml_engine,4bc7d549,0.16557032243510855,0.16557032243510855,0,1.9373705072212033e-05,,,,,,
_result,0,2026-07-31 21:37:43.154390+00:00,2026-08-01 05:23:08.946824+00:00,2026-08-01 00:22:08.873353+00:00,security_metrics,ml_engine,4bc7d549,0.17476978756163036,0.17476978756163036,0,1.6298941773129627e-05,,,,,,
_result,0,2026-07-31 21:37:43.154390+00:00,2026-08-01 05:23:08.946824+00:00,2026-08-01 00:22:25.587324+00:00,security_metrics,ml_engine,4bc7d549,0.1760921545877399,0.1760921545877399,0,0.00044792660628445446,,,,,,
_result,0,2026-07-31 21:37:43.154390+00:00,2026-08-01 05:23:08.946824+00:00,2026-08-01 00:22:42.275912+00:00,security_metrics,ml_engine,4bc7d549,0.15666344260601256,0.15666344260601256,0,1.906834040710237e-05,,,,,,
_result,0,2026-07-31 21:37:43.154390+00:00,2026-08-01 05:23:08.946824+00:00,2026-08-01 00:22:57.352190+00:00,security_metrics,ml_engine,4bc7d549,-0.95,,1,,,,,,,
_result,0,2026-07-31 21:37:43.154390+00:00,2026-08-01 05:23:08.946824+00:00,2026-08-01 00:23:32.534036+00:00,security_metrics,ml_engine,4bc7d549,0.18529654648893817,0.18529654648893817,0,0.0006989529938437045,,,,,,
_result,0,2026-07-31 21:37:43.154390+00:00,2026-08-01 05:23:08.946824+00:00,2026-08-01 00:23:49.322407+00:00,security_metrics,ml_engine,4bc7d549,0.09828326601122661,0.09828326601122661,0,2.0482986656134017e-05,,,,,,
_result,0,2026-07-31 21:37:43.154390+00:00,2026-08-01 05:23:08.946824+00:00,2026-08-01 00:24:06.006665+00:00,security_metrics,ml_engine,4bc7d549,0.11570238428724566,0.11570238428724566,0,1.9890270777978003e-05,,,,,,
_result,0,2026-07-31 21:37:43.154390+00:00,2026-08-01 05:23:08.946824+00:00,2026-08-01 00:24:22.659868+00:00,security_metrics,ml_engine,4bc7d549,0.12279499511600278,0.12279499511600278,0,1.695372884569224e-05,,,,,,
_result,0,2026-07-31 21:37:43.154390+00:00,2026-08-01 05:23:08.946824+00:00,2026-08-01 00:24:39.427574+00:00,security_metrics,ml_engine,4bc7d549,0.07802430707328234,0.07802430707328234,0,2.0307716113165952e-05,,,,,,
_result,0,2026-07-31 21:37:43.154390+00:00,2026-08-01 05:23:08.946824+00:00,2026-08-01 00:24:56.100592+00:00,security_metrics,ml_engine,4bc7d549,0.11741966248643321,0.11741966248643321,0,1.8566024664323777e-05,,,,,,
_result,0,2026-07-31 21:37:43.154390+00:00,2026-08-01 05:23:08.946824+00:00,2026-08-01 00:25:12.821872+00:00,security_metrics,ml_engine,4bc7d549,0.13002211861406138,0.13002211861406138,0,1.8154552890337072e-05,,,,,,
_result,0,2026-07-31 21:37:43.154390+00:00,2026-08-01 05:23:08.946824+00:00,2026-08-01 00:25:29.645056+00:00,security_metrics,ml_engine,4bc7d549,0.15895825629037863,0.15895825629037863,0,2.078293800877873e-05,,,,,,
_result,0,2026-07-31 21:37:43.154390+00:00,2026-08-01 05:23:08.946824+00:00,2026-08-01 00:25:46.378953+00:00,security_metrics,ml_engine,4bc7d549,0.03841405429085831,0.03841405429085831,0,0.004793533589690924,,,,,,
_result,0,2026-07-31 21:37:43.154390+00:00,2026-08-01 05:23:08.946824+00:00,2026-08-01 00:26:03.100259+00:00,security_metrics,ml_engine,4bc7d549,0.11853124844442076,0.11853124844442076,0,1.6693082216079347e-05,,,,,,
_result,0,2026-07-31 21:37:43.154390+00:00,2026-08-01 05:23:08.946824+00:00,2026-08-01 00:26:19.819756+00:00,security_metrics,ml_engine,4bc7d549,0.16784371134648818,0.16784371134648818,0,3.039855437236838e-05,,,,,,
_result,0,2026-07-31 21:37:43.154390+00:00,2026-08-01 05:23:08.946824+00:00,2026-08-01 00:26:36.643990+00:00,security_metrics,ml_engine,4bc7d549,0.1483568957084332,0.1483568957084332,0,2.3255362975760363e-05,,,,,,
_result,0,2026-07-31 21:37:43.154390+00:00,2026-08-01 05:23:08.946824+00:00,2026-08-01 00:26:53.376446+00:00,security_metrics,ml_engine,4bc7d549,0.14914079787681744,0.14914079787681744,0,2.1027564798714593e-05,,,,,,
_result,0,2026-07-31 21:37:43.154390+00:00,2026-08-01 05:23:08.946824+00:00,2026-08-01 00:27:10.109919+00:00,security_metrics,ml_engine,4bc7d549,0.1322166854945444,0.1322166854945444,0,3.487744470476173e-05,,,,,,
_result,0,2026-07-31 21:37:43.154390+00:00,2026-08-01 05:23:08.946824+00:00,2026-08-01 00:27:26.947524+00:00,security_metrics,ml_engine,4bc7d549,0.038021992472456856,0.038021992472456856,0,0.0047887954860925674,,,,,,
_result,0,2026-07-31 21:37:43.154390+00:00,2026-08-01 05:23:08.946824+00:00,2026-08-01 00:27:43.660405+00:00,security_metrics,ml_engine,4bc7d549,0.14831543940651248,0.14831543940651248,0,1.94132917386014e-05,,,,,,
_result,0,2026-07-31 21:37:43.154390+00:00,2026-08-01 05:23:08.946824+00:00,2026-08-01 00:28:00.391803+00:00,security_metrics,ml_engine,4bc7d549,0.16380922663065278,0.16380922663065278,0,2.2916150555829518e-05,,,,,,
_result,0,2026-07-31 21:37:43.154390+00:00,2026-08-01 05:23:08.946824+00:00,2026-08-01 00:28:17.233812+00:00,security_metrics,ml_engine,4bc7d549,0.1267016094119381,0.1267016094119381,0,2.120377030223608e-05,,,,,,
_result,0,2026-07-31 21:37:43.154390+00:00,2026-08-01 05:23:08.946824+00:00,2026-08-01 00:28:33.954076+00:00,security_metrics,ml_engine,4bc7d549,0.15888133927330933,0.15888133927330933,0,2.2620311938226223e-05,,,,,,
_result,0,2026-07-31 21:37:43.154390+00:00,2026-08-01 05:23:08.946824+00:00,2026-08-01 00:28:50.679870+00:00,security_metrics,ml_engine,4bc7d549,0.02204057744206822,0.02204057744206822,0,1.8292579625267535e-05,,,,,,
_result,0,2026-07-31 21:37:43.154390+00:00,2026-08-01 05:23:08.946824+00:00,2026-08-01 00:29:07.425021+00:00,security_metrics,ml_engine,4bc7d549,0.11741966248643321,0.11741966248643321,0,1.8978891603183e-05,,,,,,
_result,0,2026-07-31 21:37:43.154390+00:00,2026-08-01 05:23:08.946824+00:00,2026-08-01 00:29:24.261483+00:00,security_metrics,ml_engine,4bc7d549,0.11922835053204278,0.11922835053204278,0,2.160050644306466e-05,,,,,,
_result,0,2026-07-31 21:37:43.154390+00:00,2026-08-01 05:23:08.946824+00:00,2026-08-01 00:29:40.991792+00:00,security_metrics,ml_engine,4bc7d549,0.11240514072684515,0.11240514072684515,0,1.8193130017607473e-05,,,,,,
_result,0,2026-07-31 21:37:43.154390+00:00,2026-08-01 05:23:08.946824+00:00,2026-08-01 00:29:57.716754+00:00,security_metrics,ml_engine,4bc7d549,0.16260696929592205,0.16260696929592205,0,0.0006026180344633758,,,,,,
_result,0,2026-07-31 21:37:43.154390+00:00,2026-08-01 05:23:08.946824+00:00,2026-08-01 00:30:12.741591+00:00,security_metrics,ml_engine,4bc7d549,-1.0,,1,,,,,,,
_result,0,2026-07-31 21:37:43.154390+00:00,2026-08-01 05:23:08.946824+00:00,2026-08-01 00:30:14.558692+00:00,security_metrics,ml_engine,4bc7d549,0.009020579847021204,0.009020579847021204,0,0.0403723269701004,,,,,,
_result,0,2026-07-31 21:37:43.154390+00:00,2026-08-01 05:23:08.946824+00:00,2026-08-01 00:30:29.589201+00:00,security_metrics,ml_engine,4bc7d549,-1.0,,1,,,,,,,
_result,0,2026-07-31 21:37:43.154390+00:00,2026-08-01 05:23:08.946824+00:00,2026-08-01 00:30:29.590681+00:00,security_metrics,ml_engine,4bc7d549,-1.0,,1,,,,,,,
_result,0,2026-07-31 21:37:43.154390+00:00,2026-08-01 05:23:08.946824+00:00,2026-08-01 00:30:29.592127+00:00,security_metrics,ml_engine,4bc7d549,-1.0,,1,,,,,,,
_result,0,2026-07-31 21:37:43.154390+00:00,2026-08-01 05:23:08.946824+00:00,2026-08-01 00:30:31.292719+00:00,security_metrics,ml_engine,4bc7d549,0.027108648935148527,0.027108648935148527,0,0.05571345239877701,,,,,,
_result,0,2026-07-31 21:37:43.154390+00:00,2026-08-01 05:23:08.946824+00:00,2026-08-01 00:30:48.015700+00:00,security_metrics,ml_engine,4bc7d549,0.15595523664953276,0.15595523664953276,0,2.4662413125042804e-05,,,,,,
_result,0,2026-07-31 21:37:43.154390+00:00,2026-08-01 05:23:08.946824+00:00,2026-08-01 00:31:04.768853+00:00,security_metrics,ml_engine,4bc7d549,0.1763923179460402,0.1763923179460402,0,1.6228173990384676e-05,,,,,,
_result,0,2026-07-31 21:37:43.154390+00:00,2026-08-01 05:23:08.946824+00:00,2026-08-01 00:31:21.614908+00:00,security_metrics,ml_engine,4bc7d549,0.1610168861889401,0.1610168861889401,0,1.7406287952326238e-05,,,,,,
_result,0,2026-07-31 21:37:43.154390+00:00,2026-08-01 05:23:08.946824+00:00,2026-08-01 00:31:38.327399+00:00,security_metrics,ml_engine,4bc7d549,0.16099752698461756,0.16099752698461756,0,3.3221331250388175e-05,,,,,,
_result,0,2026-07-31 21:37:43.154390+00:00,2026-08-01 05:23:08.946824+00:00,2026-08-01 00:31:55.054363+00:00,security_metrics,ml_engine,4bc7d549,0.15953965876444737,0.15953965876444737,0,2.206312092312146e-05,,,,,,
_result,0,2026-07-31 21:37:43.154390+00:00,2026-08-01 05:23:08.946824+00:00,2026-08-01 00:32:11.888785+00:00,security_metrics,ml_engine,4bc7d549,0.15953965876444737,0.15953965876444737,0,1.8494225514587015e-05,,,,,,
_result,0,2026-07-31 21:37:43.154390+00:00,2026-08-01 05:23:08.946824+00:00,2026-08-01 00:32:28.601359+00:00,security_metrics,ml_engine,4bc7d549,0.11922835053204278,0.11922835053204278,0,1.5173832252912689e-05,,,,,,
_result,0,2026-07-31 21:37:43.154390+00:00,2026-08-01 05:23:08.946824+00:00,2026-08-01 00:32:45.361720+00:00,security_metrics,ml_engine,4bc7d549,0.1940422115640686,0.1940422115640686,0,2.1986863430356607e-05,,,,,,
_result,0,2026-07-31 21:37:43.154390+00:00,2026-08-01 05:23:08.946824+00:00,2026-08-01 00:33:02.208212+00:00,security_metrics,ml_engine,4bc7d549,0.16380922663065278,0.16380922663065278,0,2.0165769456070848e-05,,,,,,
_result,0,2026-07-31 21:37:43.154390+00:00,2026-08-01 05:23:08.946824+00:00,2026-08-01 00:33:18.956453+00:00,security_metrics,ml_engine,4bc7d549,0.16784371134648818,0.16784371134648818,0,1.7491649487055838e-05,,,,,,
_result,0,2026-07-31 21:37:43.154390+00:00,2026-08-01 05:23:08.946824+00:00,2026-08-01 00:33:35.688851+00:00,security_metrics,ml_engine,4bc7d549,0.08160652194905826,0.08160652194905826,0,1.8696420738706365e-05,,,,,,
_result,0,2026-07-31 21:37:43.154390+00:00,2026-08-01 05:23:08.946824+00:00,2026-08-01 00:33:52.424372+00:00,security_metrics,ml_engine,4bc7d549,0.16380922663065278,0.16380922663065278,0,2.0676217900472693e-05,,,,,,
_result,0,2026-07-31 21:37:43.154390+00:00,2026-08-01 05:23:08.946824+00:00,2026-08-01 00:34:09.275628+00:00,security_metrics,ml_engine,4bc7d549,0.13459118291859812,0.13459118291859812,0,2.182518619520124e-05,,,,,,
_result,0,2026-07-31 21:37:43.154390+00:00,2026-08-01 05:23:08.946824+00:00,2026-08-01 00:34:26.001033+00:00,security_metrics,ml_engine,4bc7d549,0.15888133927330933,0.15888133927330933,0,2.3261089154402725e-05,,,,,,
_result,0,2026-07-31 21:37:43.154390+00:00,2026-08-01 05:23:08.946824+00:00,2026-08-01 00:34:42.730580+00:00,security_metrics,ml_engine,4bc7d549,0.1814467911543688,0.1814467911543688,0,2.2890037143952213e-05,,,,,,
_result,0,2026-07-31 21:37:43.154390+00:00,2026-08-01 05:23:08.946824+00:00,2026-08-01 00:34:59.543563+00:00,security_metrics,ml_engine,4bc7d549,0.16914537513090655,0.16914537513090655,0,2.0919971575494856e-05,,,,,,
_result,0,2026-07-31 21:37:43.154390+00:00,2026-08-01 05:23:08.946824+00:00,2026-08-01 00:35:16.282970+00:00,security_metrics,ml_engine,4bc7d549,0.1758327143386827,0.1758327143386827,0,1.8049951904686168e-05,,,,,,
_result,0,2026-07-31 21:37:43.154390+00:00,2026-08-01 05:23:08.946824+00:00,2026-08-01 00:35:33.053420+00:00,security_metrics,ml_engine,4bc7d549,0.15888133927330933,0.15888133927330933,0,1.8212322174804285e-05,,,,,,
_result,0,2026-07-31 21:37:43.154390+00:00,2026-08-01 05:23:08.946824+00:00,2026-08-01 00:35:49.775547+00:00,security_metrics,ml_engine,4bc7d549,0.14611877145749014,0.14611877145749014,0,2.376891643507406e-05,,,,,,
_result,0,2026-07-31 21:37:43.154390+00:00,2026-08-01 05:23:08.946824+00:00,2026-08-01 00:36:06.601298+00:00,security_metrics,ml_engine,4bc7d549,0.17662096256856846,0.17662096256856846,0,1.8535940398578532e-05,,,,,,
_result,0,2026-07-31 21:37:43.154390+00:00,2026-08-01 05:23:08.946824+00:00,2026-08-01 00:36:23.314750+00:00,security_metrics,ml_engine,4bc7d549,0.1709932260203863,0.1709932260203863,0,2.048484566330444e-05,,,,,,
_result,0,2026-07-31 21:37:43.154390+00:00,2026-08-01 05:23:08.946824+00:00,2026-08-01 00:36:40.038450+00:00,security_metrics,ml_engine,4bc7d549,0.19404809646226684,0.19404809646226684,0,1.86003562703263e-05,,,,,,
_result,0,2026-07-31 21:37:43.154390+00:00,2026-08-01 05:23:08.946824+00:00,2026-08-01 00:36:56.877423+00:00,security_metrics,ml_engine,4bc7d549,0.16784371134648818,0.16784371134648818,0,2.2514517695526592e-05,,,,,,
_result,0,2026-07-31 21:37:43.154390+00:00,2026-08-01 05:23:08.946824+00:00,2026-08-01 00:37:13.598297+00:00,security_metrics,ml_engine,4bc7d549,0.133948988115128,0.133948988115128,0,0.0004592013719957322,,,,,,
_result,0,2026-07-31 21:37:43.154390+00:00,2026-08-01 05:23:08.946824+00:00,2026-08-01 00:37:30.316591+00:00,security_metrics,ml_engine,4bc7d549,0.17103002074973028,0.17103002074973028,0,1.7550544725963846e-05,,,,,,
_result,0,2026-07-31 21:37:43.154390+00:00,2026-08-01 05:23:08.946824+00:00,2026-08-01 00:37:47.043722+00:00,security_metrics,ml_engine,4bc7d549,0.1625812663933438,0.1625812663933438,0,2.05644919333281e-05,,,,,,
_result,0,2026-07-31 21:37:43.154390+00:00,2026-08-01 05:23:08.946824+00:00,2026-08-01 00:38:03.905020+00:00,security_metrics,ml_engine,4bc7d549,0.1439812498237314,0.1439812498237314,0,1.9225872165407054e-05,,,,,,
_result,0,2026-07-31 21:37:43.154390+00:00,2026-08-01 05:23:08.946824+00:00,2026-08-01 00:38:20.639599+00:00,security_metrics,ml_engine,4bc7d549,0.15953965876444737,0.15953965876444737,0,2.4995380954351276e-05,,,,,,
_result,0,2026-07-31 21:37:43.154390+00:00,2026-08-01 05:23:08.946824+00:00,2026-08-01 00:38:37.370324+00:00,security_metrics,ml_engine,4bc7d549,0.14831543940651248,0.14831543940651248,0,1.754239019646775e-05,,,,,,
_result,0,2026-07-31 21:37:43.154390+00:00,2026-08-01 05:23:08.946824+00:00,2026-08-01 00:38:54.195372+00:00,security_metrics,ml_engine,4bc7d549,0.16914537513090655,0.16914537513090655,0,2.2682424969389103e-05,,,,,,
_result,0,2026-07-31 21:37:43.154390+00:00,2026-08-01 05:23:08.946824+00:00,2026-08-01 00:39:10.921264+00:00,security_metrics,ml_engine,4bc7d549,0.1734185287674062,0.1734185287674062,0,1.5782943592057563e-05,,,,,,
_result,0,2026-07-31 21:37:43.154390+00:00,2026-08-01 05:23:08.946824+00:00,2026-08-01 00:39:27.641256+00:00,security_metrics,ml_engine,4bc7d549,0.16784371134648818,0.16784371134648818,0,2.3345861336565576e-05,,,,,,
_result,0,2026-07-31 21:37:43.154390+00:00,2026-08-01 05:23:08.946824+00:00,2026-08-01 00:39:44.469473+00:00,security_metrics,ml_engine,4bc7d549,0.17182584026380404,0.17182584026380404,0,1.6285715901176445e-05,,,,,,
_result,0,2026-07-31 21:37:43.154390+00:00,2026-08-01 05:23:08.946824+00:00,2026-08-01 00:40:01.204193+00:00,security_metrics,ml_engine,4bc7d549,0.17197664706034638,0.17197664706034638,0,1.782195977284573e-05,,,,,,
_result,0,2026-07-31 21:37:43.154390+00:00,2026-08-01 05:23:08.946824+00:00,2026-08-01 00:40:17.968755+00:00,security_metrics,ml_engine,4bc7d549,0.1510170709623081,0.1510170709623081,0,2.7687099645845592e-05,,,,,,
_result,0,2026-07-31 21:37:43.154390+00:00,2026-08-01 05:23:08.946824+00:00,2026-08-01 00:40:34.687717+00:00,security_metrics,ml_engine,4bc7d549,0.17371901412542573,0.17371901412542573,0,2.216337452409789e-05,,,,,,
_result,0,2026-07-31 21:37:43.154390+00:00,2026-08-01 05:23:08.946824+00:00,2026-08-01 00:40:51.536602+00:00,security_metrics,ml_engine,4bc7d549,0.10076110859955101,0.10076110859955101,0,2.0473478798521683e-05,,,,,,
_result,0,2026-07-31 21:37:43.154390+00:00,2026-08-01 05:23:08.946824+00:00,2026-08-01 00:41:08.291800+00:00,security_metrics,ml_engine,4bc7d549,0.15351083665643933,0.15351083665643933,0,2.226371543656569e-05,,,,,,
_result,0,2026-07-31 21:37:43.154390+00:00,2026-08-01 05:23:08.946824+00:00,2026-08-01 00:41:25.026304+00:00,security_metrics,ml_engine,4bc7d549,0.15013418219652525,0.15013418219652525,0,2.583330569905229e-05,,,,,,
_result,0,2026-07-31 21:37:43.154390+00:00,2026-08-01 05:23:08.946824+00:00,2026-08-01 00:41:41.871582+00:00,security_metrics,ml_engine,4bc7d549,0.16096280731836682,0.16096280731836682,0,2.156322807422839e-05,,,,,,
_result,0,2026-07-31 21:37:43.154390+00:00,2026-08-01 05:23:08.946824+00:00,2026-08-01 00:41:58.583287+00:00,security_metrics,ml_engine,4bc7d549,0.15822472709211743,0.15822472709211743,0,2.480540206306614e-05,,,,,,
_result,0,2026-07-31 21:37:43.154390+00:00,2026-08-01 05:23:08.946824+00:00,2026-08-01 00:42:15.294933+00:00,security_metrics,ml_engine,4bc7d549,0.18192804154573,0.18192804154573,0,3.1804011086933315e-05,,,,,,
_result,0,2026-07-31 21:37:43.154390+00:00,2026-08-01 05:23:08.946824+00:00,2026-08-01 00:42:32.011204+00:00,security_metrics,ml_engine,4bc7d549,0.1875906593969458,0.1875906593969458,0,1.9768584024859592e-05,,,,,,
_result,0,2026-07-31 21:37:43.154390+00:00,2026-08-01 05:23:08.946824+00:00,2026-08-01 00:42:48.836051+00:00,security_metrics,ml_engine,4bc7d549,0.15420076922693265,0.15420076922693265,0,4.0563045331509784e-05,,,,,,
_result,0,2026-07-31 21:37:43.154390+00:00,2026-08-01 05:23:08.946824+00:00,2026-08-01 00:43:05.545261+00:00,security_metrics,ml_engine,4bc7d549,0.13002211861406138,0.13002211861406138,0,2.070718619506806e-05,,,,,,
_result,0,2026-07-31 21:37:43.154390+00:00,2026-08-01 05:23:08.946824+00:00,2026-08-01 00:43:22.256826+00:00,security_metrics,ml_engine,4bc7d549,0.1843933022105746,0.1843933022105746,0,2.277023668284528e-05,,,,,,
_result,0,2026-07-31 21:37:43.154390+00:00,2026-08-01 05:23:08.946824+00:00,2026-08-01 00:43:39.095176+00:00,security_metrics,ml_engine,4bc7d549,0.15354428342463422,0.15354428342463422,0,1.9013581550098024e-05,,,,,,
_result,0,2026-07-31 21:37:43.154390+00:00,2026-08-01 05:23:08.946824+00:00,2026-08-01 00:43:55.821519+00:00,security_metrics,ml_engine,4bc7d549,0.16099752698461756,0.16099752698461756,0,1.76846679096343e-05,,,,,,
_result,0,2026-07-31 21:37:43.154390+00:00,2026-08-01 05:23:08.946824+00:00,2026-08-01 00:44:12.546125+00:00,security_metrics,ml_engine,4bc7d549,0.10991013332989774,0.10991013332989774,0,2.1008419935242273e-05,,,,,,
_result,0,2026-07-31 21:37:43.154390+00:00,2026-08-01 05:23:08.946824+00:00,2026-08-01 00:44:29.288770+00:00,security_metrics,ml_engine,4bc7d549,0.15666344260601256,0.15666344260601256,0,0.00046565188677050173,,,,,,
_result,0,2026-07-31 21:37:43.154390+00:00,2026-08-01 05:23:08.946824+00:00,2026-08-01 00:44:46.100187+00:00,security_metrics,ml_engine,4bc7d549,0.15822472709211743,0.15822472709211743,0,1.4234005902835634e-05,,,,,,
_result,0,2026-07-31 21:37:43.154390+00:00,2026-08-01 05:23:08.946824+00:00,2026-08-01 00:45:02.818597+00:00,security_metrics,ml_engine,4bc7d549,0.133948988115128,0.133948988115128,0,3.089607707806863e-05,,,,,,
_result,0,2026-07-31 21:37:43.154390+00:00,2026-08-01 05:23:08.946824+00:00,2026-08-01 00:45:19.540893+00:00,security_metrics,ml_engine,4bc7d549,0.020902972151123578,0.020902972151123578,0,2.9887161872466095e-05,,,,,,
_result,0,2026-07-31 21:37:43.154390+00:00,2026-08-01 05:23:08.946824+00:00,2026-08-01 00:45:36.356981+00:00,security_metrics,ml_engine,4bc7d549,0.17648606882465628,0.17648606882465628,0,2.0074980056961067e-05,,,,,,
_result,0,2026-07-31 21:37:43.154390+00:00,2026-08-01 05:23:08.946824+00:00,2026-08-01 00:45:53.089176+00:00,security_metrics,ml_engine,4bc7d549,0.16099752698461756,0.16099752698461756,0,1.953519858943764e-05,,,,,,
_result,0,2026-07-31 21:37:43.154390+00:00,2026-08-01 05:23:08.946824+00:00,2026-08-01 00:46:09.845322+00:00,security_metrics,ml_engine,4bc7d549,0.16914537513090655,0.16914537513090655,0,2.3443291865987703e-05,,,,,,
_result,0,2026-07-31 21:37:43.154390+00:00,2026-08-01 05:23:08.946824+00:00,2026-08-01 00:46:26.675875+00:00,security_metrics,ml_engine,4bc7d549,0.14582430158249393,0.14582430158249393,0,0.00037037889705970883,,,,,,
_result,0,2026-07-31 21:37:43.154390+00:00,2026-08-01 05:23:08.946824+00:00,2026-08-01 00:46:43.387298+00:00,security_metrics,ml_engine,4bc7d549,0.18222277143111232,0.18222277143111232,0,1.7324007785646245e-05,,,,,,
_result,0,2026-07-31 21:37:43.154390+00:00,2026-08-01 05:23:08.946824+00:00,2026-08-01 00:47:00.100434+00:00,security_metrics,ml_engine,4bc7d549,0.16669988183666323,0.16669988183666323,0,1.7196960470755585e-05,,,,,,
_result,0,2026-07-31 21:37:43.154390+00:00,2026-08-01 05:23:08.946824+00:00,2026-08-01 00:47:16.764509+00:00,security_metrics,ml_engine,4bc7d549,0.14582430158249393,0.14582430158249393,0,1.9411263565416448e-05,,,,,,
_result,0,2026-07-31 21:37:43.154390+00:00,2026-08-01 05:23:08.946824+00:00,2026-08-01 00:47:33.560435+00:00,security_metrics,ml_engine,4bc7d549,0.15088730808345108,0.15088730808345108,0,2.4225642846431583e-05,,,,,,
_result,0,2026-07-31 21:37:43.154390+00:00,2026-08-01 05:23:08.946824+00:00,2026-08-01 00:47:50.239324+00:00,security_metrics,ml_engine,4bc7d549,0.13514151660236895,0.13514151660236895,0,2.68383610091405e-05,,,,,,
_result,0,2026-07-31 21:37:43.154390+00:00,2026-08-01 05:23:08.946824+00:00,2026-08-01 00:48:06.932034+00:00,security_metrics,ml_engine,4bc7d549,0.133948988115128,0.133948988115128,0,2.5044064386747777e-05,,,,,,
_result,0,2026-07-31 21:37:43.154390+00:00,2026-08-01 05:23:08.946824+00:00,2026-08-01 00:48:23.718774+00:00,security_metrics,ml_engine,4bc7d549,0.17132666933783675,0.17132666933783675,0,0.000503239338286221,,,,,,
_result,0,2026-07-31 21:37:43.154390+00:00,2026-08-01 05:23:08.946824+00:00,2026-08-01 00:48:40.401948+00:00,security_metrics,ml_engine,4bc7d549,0.16784371134648818,0.16784371134648818,0,2.3250700905919075e-05,,,,,,
_result,0,2026-07-31 21:37:43.154390+00:00,2026-08-01 05:23:08.946824+00:00,2026-08-01 00:48:57.081212+00:00,security_metrics,ml_engine,4bc7d549,0.11730074489456277,0.11730074489456277,0,2.922697240137495e-05,,,,,,
_result,0,2026-07-31 21:37:43.154390+00:00,2026-08-01 05:23:08.946824+00:00,2026-08-01 00:49:13.867799+00:00,security_metrics,ml_engine,4bc7d549,0.1455503307294771,0.1455503307294771,0,1.665027048147749e-05,,,,,,
_result,0,2026-07-31 21:37:43.154390+00:00,2026-08-01 05:23:08.946824+00:00,2026-08-01 00:49:30.582935+00:00,security_metrics,ml_engine,4bc7d549,0.14914079787681744,0.14914079787681744,0,2.3545813746750355e-05,,,,,,
_result,0,2026-07-31 21:37:43.154390+00:00,2026-08-01 05:23:08.946824+00:00,2026-08-01 00:49:47.268743+00:00,security_metrics,ml_engine,4bc7d549,0.1621817258574435,0.1621817258574435,0,1.9361565136932768e-05,,,,,,
_result,0,2026-07-31 21:37:43.154390+00:00,2026-08-01 05:23:08.946824+00:00,2026-08-01 00:50:03.960832+00:00,security_metrics,ml_engine,4bc7d549,0.17969129806650003,0.17969129806650003,0,0.00014626978372689337,,,,,,
_result,0,2026-07-31 21:37:43.154390+00:00,2026-08-01 05:23:08.946824+00:00,2026-08-01 00:50:20.744387+00:00,security_metrics,ml_engine,4bc7d549,0.03586413546020928,0.03586413546020928,0,0.00046915884013287723,,,,,,
_result,0,2026-07-31 21:37:43.154390+00:00,2026-08-01 05:23:08.946824+00:00,2026-08-01 00:50:37.432040+00:00,security_metrics,ml_engine,4bc7d549,0.18060108920341367,0.18060108920341367,0,2.1565298084169626e-05,,,,,,
_result,0,2026-07-31 21:37:43.154390+00:00,2026-08-01 05:23:08.946824+00:00,2026-08-01 00:50:54.134561+00:00,security_metrics,ml_engine,4bc7d549,0.10577087680650754,0.10577087680650754,0,2.3960295948199928e-05,,,,,,
_result,0,2026-07-31 21:37:43.154390+00:00,2026-08-01 05:23:08.946824+00:00,2026-08-01 00:51:10.952689+00:00,security_metrics,ml_engine,4bc7d549,0.16784371134648818,0.16784371134648818,0,0.0007199358660727739,,,,,,
_result,0,2026-07-31 21:37:43.154390+00:00,2026-08-01 05:23:08.946824+00:00,2026-08-01 00:51:27.623475+00:00,security_metrics,ml_engine,4bc7d549,0.04783244194160907,0.04783244194160907,0,0.004787929821759462,,,,,,
_result,0,2026-07-31 21:37:43.154390+00:00,2026-08-01 05:23:08.946824+00:00,2026-08-01 00:51:44.298803+00:00,security_metrics,ml_engine,4bc7d549,0.16380922663065278,0.16380922663065278,0,2.0498657249845564e-05,,,,,,
_result,0,2026-07-31 21:37:43.154390+00:00,2026-08-01 05:23:08.946824+00:00,2026-08-01 00:52:01.106925+00:00,security_metrics,ml_engine,4bc7d549,0.1735687968594508,0.1735687968594508,0,2.1307365386746824e-05,,,,,,
_result,0,2026-07-31 21:37:43.154390+00:00,2026-08-01 05:23:08.946824+00:00,2026-08-01 00:52:16.191536+00:00,security_metrics,ml_engine,4bc7d549,-0.95,,1,,,,,,,
_result,0,2026-07-31 21:37:43.154390+00:00,2026-08-01 05:23:08.946824+00:00,2026-08-01 00:52:17.855858+00:00,security_metrics,ml_engine,4bc7d549,-0.1170393316466889,-0.1170393316466889,0,0.1542656123638153,,,,,,
_result,0,2026-07-31 21:37:43.154390+00:00,2026-08-01 05:23:08.946824+00:00,2026-08-01 00:52:34.560621+00:00,security_metrics,ml_engine,4bc7d549,0.10466290493263342,0.10466290493263342,0,0.07645878195762634,,,,,,
_result,0,2026-07-31 21:37:43.154390+00:00,2026-08-01 05:23:08.946824+00:00,2026-08-01 00:52:51.228477+00:00,security_metrics,ml_engine,4bc7d549,0.12312972007978096,0.12312972007978096,0,2.3826913093216717e-05,,,,,,
_result,0,2026-07-31 21:37:43.154390+00:00,2026-08-01 05:23:08.946824+00:00,2026-08-01 00:53:07.991581+00:00,security_metrics,ml_engine,4bc7d549,0.1353883569121045,0.1353883569121045,0,2.253272759844549e-05,,,,,,
_result,0,2026-07-31 21:37:43.154390+00:00,2026-08-01 05:23:08.946824+00:00,2026-08-01 00:53:24.653634+00:00,security_metrics,ml_engine,4bc7d549,0.09508131564674815,0.09508131564674815,0,1.836753472161945e-05,,,,,,
_result,0,2026-07-31 21:37:43.154390+00:00,2026-08-01 05:23:08.946824+00:00,2026-08-01 00:53:41.311999+00:00,security_metrics,ml_engine,4bc7d549,0.11433139992065033,0.11433139992065033,0,1.927035191329196e-05,,,,,,
_result,0,2026-07-31 21:37:43.154390+00:00,2026-08-01 05:23:08.946824+00:00,2026-08-01 00:53:58.068034+00:00,security_metrics,ml_engine,4bc7d549,0.11322185350102221,0.11322185350102221,0,2.7031848730985075e-05,,,,,,
_result,0,2026-07-31 21:37:43.154390+00:00,2026-08-01 05:23:08.946824+00:00,2026-08-01 00:54:14.733542+00:00,security_metrics,ml_engine,4bc7d549,0.13676514440435333,0.13676514440435333,0,2.033131750067696e-05,,,,,,
_result,0,2026-07-31 21:37:43.154390+00:00,2026-08-01 05:23:08.946824+00:00,2026-08-01 00:54:31.426338+00:00,security_metrics,ml_engine,4bc7d549,0.16194033249353113,0.16194033249353113,0,2.5353954697493464e-05,,,,,,
_result,0,2026-07-31 21:37:43.154390+00:00,2026-08-01 05:23:08.946824+00:00,2026-08-01 00:54:48.231638+00:00,security_metrics,ml_engine,4bc7d549,0.15663109621873472,0.15663109621873472,0,1.7909000234794803e-05,,,,,,
_result,0,2026-07-31 21:37:43.154390+00:00,2026-08-01 05:23:08.946824+00:00,2026-08-01 00:55:04.946573+00:00,security_metrics,ml_engine,4bc7d549,0.07273821367881372,0.07273821367881372,0,1.7065420252038166e-05,,,,,,
_result,0,2026-07-31 21:37:43.154390+00:00,2026-08-01 05:23:08.946824+00:00,2026-08-01 00:55:21.677099+00:00,security_metrics,ml_engine,4bc7d549,0.15472538057231283,0.15472538057231283,0,1.6916528693400323e-05,,,,,,
_result,0,2026-07-31 21:37:43.154390+00:00,2026-08-01 05:23:08.946824+00:00,2026-08-01 00:55:38.385451+00:00,security_metrics,ml_engine,4bc7d549,0.16260696929592205,0.16260696929592205,0,2.3164260710473172e-05,,,,,,
_result,0,2026-07-31 21:37:43.154390+00:00,2026-08-01 05:23:08.946824+00:00,2026-08-01 00:55:55.197191+00:00,security_metrics,ml_engine,4bc7d549,0.12615682463095718,0.12615682463095718,0,0.0007325085462071002,,,,,,
_result,0,2026-07-31 21:37:43.154390+00:00,2026-08-01 05:23:08.946824+00:00,2026-08-01 00:56:11.900193+00:00,security_metrics,ml_engine,4bc7d549,0.09870987398919884,0.09870987398919884,0,2.3638465791009367e-05,,,,,,
_result,0,2026-07-31 21:37:43.154390+00:00,2026-08-01 05:23:08.946824+00:00,2026-08-01 00:56:28.602933+00:00,security_metrics,ml_engine,4bc7d549,0.13863587442616226,0.13863587442616226,0,1.897091897262726e-05,,,,,,
_result,0,2026-07-31 21:37:43.154390+00:00,2026-08-01 05:23:08.946824+00:00,2026-08-01 00:56:45.413699+00:00,security_metrics,ml_engine,4bc7d549,0.037881335974473185,0.037881335974473185,0,2.5215535060851835e-05,,,,,,
_result,0,2026-07-31 21:37:43.154390+00:00,2026-08-01 05:23:08.946824+00:00,2026-08-01 00:57:02.119411+00:00,security_metrics,ml_engine,4bc7d549,0.14914079787681744,0.14914079787681744,0,1.8164813809562474e-05,,,,,,
_result,0,2026-07-31 21:37:43.154390+00:00,2026-08-01 05:23:08.946824+00:00,2026-08-01 00:57:18.836045+00:00,security_metrics,ml_engine,4bc7d549,0.17300450956507146,0.17300450956507146,0,1.758958023856394e-05,,,,,,
_result,0,2026-07-31 21:37:43.154390+00:00,2026-08-01 05:23:08.946824+00:00,2026-08-01 00:57:35.686665+00:00,security_metrics,ml_engine,4bc7d549,0.15668778073780787,0.15668778073780787,0,1.8053444364340976e-05,,,,,,
_result,0,2026-07-31 21:37:43.154390+00:00,2026-08-01 05:23:08.946824+00:00,2026-08-01 00:57:52.391961+00:00,security_metrics,ml_engine,4bc7d549,0.14442190517389414,0.14442190517389414,0,1.5160539078351576e-05,,,,,,
_result,0,2026-07-31 21:37:43.154390+00:00,2026-08-01 05:23:08.946824+00:00,2026-08-01 00:58:09.099895+00:00,security_metrics,ml_engine,4bc7d549,0.1094081542091383,0.1094081542091383,0,1.849206819315441e-05,,,,,,
_result,0,2026-07-31 21:37:43.154390+00:00,2026-08-01 05:23:08.946824+00:00,2026-08-01 00:58:25.924174+00:00,security_metrics,ml_engine,4bc7d549,0.16099752698461756,0.16099752698461756,0,2.1464773453772068e-05,,,,,,
_result,0,2026-07-31 21:37:43.154390+00:00,2026-08-01 05:23:08.946824+00:00,2026-08-01 00:58:42.615375+00:00,security_metrics,ml_engine,4bc7d549,0.10991013332989774,0.10991013332989774,0,2.3253569452208467e-05,,,,,,
_result,0,2026-07-31 21:37:43.154390+00:00,2026-08-01 05:23:08.946824+00:00,2026-08-01 00:58:59.318548+00:00,security_metrics,ml_engine,4bc7d549,0.16557032243510855,0.16557032243510855,0,1.67567723110551e-05,,,,,,
_result,0,2026-07-31 21:37:43.154390+00:00,2026-08-01 05:23:08.946824+00:00,2026-08-01 00:59:16.026608+00:00,security_metrics,ml_engine,4bc7d549,0.14075682976208537,0.14075682976208537,0,2.2053176508052275e-05,,,,,,
_result,0,2026-07-31 21:37:43.154390+00:00,2026-08-01 05:23:08.946824+00:00,2026-08-01 00:59:32.845445+00:00,security_metrics,ml_engine,4bc7d549,0.1700765873123516,0.1700765873123516,0,1.670263554842677e-05,,,,,,
_result,0,2026-07-31 21:37:43.154390+00:00,2026-08-01 05:23:08.946824+00:00,2026-08-01 00:59:49.540569+00:00,security_metrics,ml_engine,4bc7d549,0.14831543940651248,0.14831543940651248,0,1.728780807752628e-05,,,,,,
_result,0,2026-07-31 21:37:43.154390+00:00,2026-08-01 05:23:08.946824+00:00,2026-08-01 01:00:06.247950+00:00,security_metrics,ml_engine,4bc7d549,0.1491605285564152,0.1491605285564152,0,0.000713561603333801,,,,,,
_result,0,2026-07-31 21:37:43.154390+00:00,2026-08-01 05:23:08.946824+00:00,2026-08-01 01:00:21.278746+00:00,security_metrics,ml_engine,4bc7d549,-1.0,,1,,,,,,,
_result,0,2026-07-31 21:37:43.154390+00:00,2026-08-01 05:23:08.946824+00:00,2026-08-01 01:00:21.280197+00:00,security_metrics,ml_engine,4bc7d549,-1.0,,1,,,,,,,
_result,0,2026-07-31 21:37:43.154390+00:00,2026-08-01 05:23:08.946824+00:00,2026-08-01 01:00:21.281605+00:00,security_metrics,ml_engine,4bc7d549,-1.0,,1,,,,,,,
_result,0,2026-07-31 21:37:43.154390+00:00,2026-08-01 05:23:08.946824+00:00,2026-08-01 01:00:21.283158+00:00,security_metrics,ml_engine,4bc7d549,-1.0,,1,,,,,,,
_result,0,2026-07-31 21:37:43.154390+00:00,2026-08-01 05:23:08.946824+00:00,2026-08-01 01:00:23.059864+00:00,security_metrics,ml_engine,4bc7d549,0.1545944048667937,0.1545944048667937,0,0.040237072855234146,,,,,,
_result,0,2026-07-31 21:37:43.154390+00:00,2026-08-01 05:23:08.946824+00:00,2026-08-01 01:00:39.745701+00:00,security_metrics,ml_engine,4bc7d549,0.1709932260203863,0.1709932260203863,0,2.018050327023957e-05,,,,,,
_result,0,2026-07-31 21:37:43.154390+00:00,2026-08-01 05:23:08.946824+00:00,2026-08-01 01:00:56.460187+00:00,security_metrics,ml_engine,4bc7d549,0.06115811255897308,0.06115811255897308,0,2.322154978173785e-05,,,,,,
_result,0,2026-07-31 21:37:43.154390+00:00,2026-08-01 05:23:08.946824+00:00,2026-08-01 01:01:13.256587+00:00,security_metrics,ml_engine,4bc7d549,0.14831543940651248,0.14831543940651248,0,1.7831036529969424e-05,,,,,,
_result,0,2026-07-31 21:37:43.154390+00:00,2026-08-01 05:23:08.946824+00:00,2026-08-01 01:01:29.969535+00:00,security_metrics,ml_engine,4bc7d549,0.1545944048667937,0.1545944048667937,0,2.017853330471553e-05,,,,,,
_result,0,2026-07-31 21:37:43.154390+00:00,2026-08-01 05:23:08.946824+00:00,2026-08-01 01:01:46.673947+00:00,security_metrics,ml_engine,4bc7d549,0.14458198096625963,0.14458198096625963,0,1.9293418517918326e-05,,,,,,
_result,0,2026-07-31 21:37:43.154390+00:00,2026-08-01 05:23:08.946824+00:00,2026-08-01 01:02:03.377259+00:00,security_metrics,ml_engine,4bc7d549,0.15098432841499898,0.15098432841499898,0,2.223028423031792e-05,,,,,,
_result,0,2026-07-31 21:37:43.154390+00:00,2026-08-01 05:23:08.946824+00:00,2026-08-01 01:02:20.180475+00:00,security_metrics,ml_engine,4bc7d549,0.1351686450906976,0.1351686450906976,0,2.4837901946739294e-05,,,,,,
_result,0,2026-07-31 21:37:43.154390+00:00,2026-08-01 05:23:08.946824+00:00,2026-08-01 01:02:36.896357+00:00,security_metrics,ml_engine,4bc7d549,0.08160652194905826,0.08160652194905826,0,1.8332850231672637e-05,,,,,,
_result,0,2026-07-31 21:37:43.154390+00:00,2026-08-01 05:23:08.946824+00:00,2026-08-01 01:02:53.608305+00:00,security_metrics,ml_engine,4bc7d549,0.11741966248643321,0.11741966248643321,0,1.8533812180976383e-05,,,,,,
_result,0,2026-07-31 21:37:43.154390+00:00,2026-08-01 05:23:08.946824+00:00,2026-08-01 01:03:10.435182+00:00,security_metrics,ml_engine,4bc7d549,0.1510170709623081,0.1510170709623081,0,1.976387829927262e-05,,,,,,
_result,0,2026-07-31 21:37:43.154390+00:00,2026-08-01 05:23:08.946824+00:00,2026-08-01 01:03:27.151573+00:00,security_metrics,ml_engine,4bc7d549,0.15259903241502437,0.15259903241502437,0,2.4281984224217013e-05,,,,,,
_result,0,2026-07-31 21:37:43.154390+00:00,2026-08-01 05:23:08.946824+00:00,2026-08-01 01:03:43.870891+00:00,security_metrics,ml_engine,4bc7d549,0.14831543940651248,0.14831543940651248,0,1.805129249987658e-05,,,,,,
_result,0,2026-07-31 21:37:43.154390+00:00,2026-08-01 05:23:08.946824+00:00,2026-08-01 01:04:00.705160+00:00,security_metrics,ml_engine,4bc7d549,0.15953965876444737,0.15953965876444737,0,1.7764228687155992e-05,,,,,,
_result,0,2026-07-31 21:37:43.154390+00:00,2026-08-01 05:23:08.946824+00:00,2026-08-01 01:04:17.403656+00:00,security_metrics,ml_engine,4bc7d549,0.19459272060446886,0.19459272060446886,0,1.8932185412268154e-05,,,,,,
_result,0,2026-07-31 21:37:43.154390+00:00,2026-08-01 05:23:08.946824+00:00,2026-08-01 01:04:34.105877+00:00,security_metrics,ml_engine,4bc7d549,0.10870626271326289,0.10870626271326289,0,2.3152473659138195e-05,,,,,,
_result,0,2026-07-31 21:37:43.154390+00:00,2026-08-01 05:23:08.946824+00:00,2026-08-01 01:04:50.817579+00:00,security_metrics,ml_engine,4bc7d549,0.1494935613814226,0.1494935613814226,0,1.7646914784563705e-05,,,,,,
_result,0,2026-07-31 21:37:43.154390+00:00,2026-08-01 05:23:08.946824+00:00,2026-08-01 01:05:07.633141+00:00,security_metrics,ml_engine,4bc7d549,0.14898226456190938,0.14898226456190938,0,2.0904135453747585e-05,,,,,,
_result,0,2026-07-31 21:37:43.154390+00:00,2026-08-01 05:23:08.946824+00:00,2026-08-01 01:05:24.357966+00:00,security_metrics,ml_engine,4bc7d549,0.1678416863703549,0.1678416863703549,0,1.9412645997363143e-05,,,,,,
_result,0,2026-07-31 21:37:43.154390+00:00,2026-08-01 05:23:08.946824+00:00,2026-08-01 01:05:41.082287+00:00,security_metrics,ml_engine,4bc7d549,0.15225988683272257,0.15225988683272257,0,2.0166669855825603e-05,,,,,,
_result,0,2026-07-31 21:37:43.154390+00:00,2026-08-01 05:23:08.946824+00:00,2026-08-01 01:05:57.916946+00:00,security_metrics,ml_engine,4bc7d549,0.1545944048667937,0.1545944048667937,0,1.8227712644147687e-05,,,,,,
_result,0,2026-07-31 21:37:43.154390+00:00,2026-08-01 05:23:08.946824+00:00,2026-08-01 01:06:14.618419+00:00,security_metrics,ml_engine,4bc7d549,0.04603869893227519,0.04603869893227519,0,2.628474794619251e-05,,,,,,
_result,0,2026-07-31 21:37:43.154390+00:00,2026-08-01 05:23:08.946824+00:00,2026-08-01 01:06:31.351079+00:00,security_metrics,ml_engine,4bc7d549,0.08160652194905826,0.08160652194905826,0,1.8700320651987568e-05,,,,,,
_result,0,2026-07-31 21:37:43.154390+00:00,2026-08-01 05:23:08.946824+00:00,2026-08-01 01:06:48.157497+00:00,security_metrics,ml_engine,4bc7d549,0.1765667527712781,0.1765667527712781,0,2.1604464564006776e-05,,,,,,
_result,0,2026-07-31 21:37:43.154390+00:00,2026-08-01 05:23:08.946824+00:00,2026-08-01 01:07:04.870559+00:00,security_metrics,ml_engine,4bc7d549,0.15953965876444737,0.15953965876444737,0,2.0085171854589134e-05,,,,,,
_result,0,2026-07-31 21:37:43.154390+00:00,2026-08-01 05:23:08.946824+00:00,2026-08-01 01:07:21.570739+00:00,security_metrics,ml_engine,4bc7d549,0.1545944048667937,0.1545944048667937,0,1.7717036826070398e-05,,,,,,
_result,0,2026-07-31 21:37:43.154390+00:00,2026-08-01 05:23:08.946824+00:00,2026-08-01 01:07:38.281285+00:00,security_metrics,ml_engine,4bc7d549,0.13002211861406138,0.13002211861406138,0,2.500818118278403e-05,,,,,,
_result,0,2026-07-31 21:37:43.154390+00:00,2026-08-01 05:23:08.946824+00:00,2026-08-01 01:07:53.307703+00:00,security_metrics,ml_engine,4bc7d549,-1.0,,1,,,,,,,
_result,0,2026-07-31 21:37:43.154390+00:00,2026-08-01 05:23:08.946824+00:00,2026-08-01 01:07:53.309174+00:00,security_metrics,ml_engine,4bc7d549,-1.0,,1,,,,,,,
_result,0,2026-07-31 21:37:43.154390+00:00,2026-08-01 05:23:08.946824+00:00,2026-08-01 01:07:55.108318+00:00,security_metrics,ml_engine,4bc7d549,0.04783244194160907,0.04783244194160907,0,0.10667257010936737,,,,,,
_result,0,2026-07-31 21:37:43.154390+00:00,2026-08-01 05:23:08.946824+00:00,2026-08-01 01:08:10.131897+00:00,security_metrics,ml_engine,4bc7d549,-1.0,,1,,,,,,,
_result,0,2026-07-31 21:37:43.154390+00:00,2026-08-01 05:23:08.946824+00:00,2026-08-01 01:08:10.133322+00:00,security_metrics,ml_engine,4bc7d549,-1.0,,1,,,,,,,
_result,0,2026-07-31 21:37:43.154390+00:00,2026-08-01 05:23:08.946824+00:00,2026-08-01 01:08:11.836332+00:00,security_metrics,ml_engine,4bc7d549,0.1597861650210124,0.1597861650210124,0,0.06746219843626022,,,,,,
_result,0,2026-07-31 21:37:43.154390+00:00,2026-08-01 05:23:08.946824+00:00,2026-08-01 01:08:28.543049+00:00,security_metrics,ml_engine,4bc7d549,0.15888133927330933,0.15888133927330933,0,1.7705206118989736e-05,,,,,,
_result,0,2026-07-31 21:37:43.154390+00:00,2026-08-01 05:23:08.946824+00:00,2026-08-01 01:08:45.348199+00:00,security_metrics,ml_engine,4bc7d549,0.16769150616955542,0.16769150616955542,0,2.2283531507127918e-05,,,,,,
_result,0,2026-07-31 21:37:43.154390+00:00,2026-08-01 05:23:08.946824+00:00,2026-08-01 01:09:02.070437+00:00,security_metrics,ml_engine,4bc7d549,0.16831423883008306,0.16831423883008306,0,2.1584997739410028e-05,,,,,,
_result,0,2026-07-31 21:37:43.154390+00:00,2026-08-01 05:23:08.946824+00:00,2026-08-01 01:09:18.782017+00:00,security_metrics,ml_engine,4bc7d549,0.09216266645094562,0.09216266645094562,0,2.8612697860808112e-05,,,,,,
_result,0,2026-07-31 21:37:43.154390+00:00,2026-08-01 05:23:08.946824+00:00,2026-08-01 01:09:35.592619+00:00,security_metrics,ml_engine,4bc7d549,0.14611877145749014,0.14611877145749014,0,2.362621671636589e-05,,,,,,
_result,0,2026-07-31 21:37:43.154390+00:00,2026-08-01 05:23:08.946824+00:00,2026-08-01 01:09:52.307200+00:00,security_metrics,ml_engine,4bc7d549,0.18360840747461482,0.18360840747461482,0,1.7914504496729933e-05,,,,,,
_result,0,2026-07-31 21:37:43.154390+00:00,2026-08-01 05:23:08.946824+00:00,2026-08-01 01:10:09.014523+00:00,security_metrics,ml_engine,4bc7d549,0.14914079787681744,0.14914079787681744,0,1.7160158677143045e-05,,,,,,
_result,0,2026-07-31 21:37:43.154390+00:00,2026-08-01 05:23:08.946824+00:00,2026-08-01 01:10:25.705718+00:00,security_metrics,ml_engine,4bc7d549,0.14119598555679902,0.14119598555679902,0,1.7371219655615278e-05,,,,,,
_result,0,2026-07-31 21:37:43.154390+00:00,2026-08-01 05:23:08.946824+00:00,2026-08-01 01:10:42.507282+00:00,security_metrics,ml_engine,4bc7d549,0.0956820009690591,0.0956820009690591,0,2.1837618987774476e-05,,,,,,
_result,0,2026-07-31 21:37:43.154390+00:00,2026-08-01 05:23:08.946824+00:00,2026-08-01 01:10:59.228594+00:00,security_metrics,ml_engine,4bc7d549,0.1608623711530861,0.1608623711530861,0,2.477695670677349e-05,,,,,,
_result,0,2026-07-31 21:37:43.154390+00:00,2026-08-01 05:23:08.946824+00:00,2026-08-01 01:11:15.927134+00:00,security_metrics,ml_engine,4bc7d549,0.15668778073780787,0.15668778073780787,0,2.1657542674802244e-05,,,,,,
_result,0,2026-07-31 21:37:43.154390+00:00,2026-08-01 05:23:08.946824+00:00,2026-08-01 01:11:32.736481+00:00,security_metrics,ml_engine,4bc7d549,0.12312972007978096,0.12312972007978096,0,1.794940180843696e-05,,,,,,
_result,0,2026-07-31 21:37:43.154390+00:00,2026-08-01 05:23:08.946824+00:00,2026-08-01 01:11:49.469205+00:00,security_metrics,ml_engine,4bc7d549,0.170923087764478,0.170923087764478,0,1.6954767488641664e-05,,,,,,
_result,0,2026-07-31 21:37:43.154390+00:00,2026-08-01 05:23:08.946824+00:00,2026-08-01 01:12:06.163510+00:00,security_metrics,ml_engine,4bc7d549,0.1727079790972615,0.1727079790972615,0,2.4103988835122436e-05,,,,,,
_result,0,2026-07-31 21:37:43.154390+00:00,2026-08-01 05:23:08.946824+00:00,2026-08-01 01:12:22.967211+00:00,security_metrics,ml_engine,4bc7d549,0.08781170702291652,0.08781170702291652,0,2.1932162781013176e-05,,,,,,
_result,0,2026-07-31 21:37:43.154390+00:00,2026-08-01 05:23:08.946824+00:00,2026-08-01 01:12:39.647984+00:00,security_metrics,ml_engine,4bc7d549,0.15953965876444737,0.15953965876444737,0,0.0006187512190081179,,,,,,
_result,0,2026-07-31 21:37:43.154390+00:00,2026-08-01 05:23:08.946824+00:00,2026-08-01 01:12:56.342745+00:00,security_metrics,ml_engine,4bc7d549,0.1700765873123516,0.1700765873123516,0,1.8313094187760726e-05,,,,,,
_result,0,2026-07-31 21:37:43.154390+00:00,2026-08-01 05:23:08.946824+00:00,2026-08-01 01:13:13.133778+00:00,security_metrics,ml_engine,4bc7d549,0.13297802709637108,0.13297802709637108,0,2.0949637473677285e-05,,,,,,
_result,0,2026-07-31 21:37:43.154390+00:00,2026-08-01 05:23:08.946824+00:00,2026-08-01 01:13:29.836854+00:00,security_metrics,ml_engine,4bc7d549,0.1455049366575969,0.1455049366575969,0,2.6309287932235748e-05,,,,,,
_result,0,2026-07-31 21:37:43.154390+00:00,2026-08-01 05:23:08.946824+00:00,2026-08-01 01:13:46.520071+00:00,security_metrics,ml_engine,4bc7d549,0.13640206852994913,0.13640206852994913,0,2.4287130145239644e-05,,,,,,
_result,0,2026-07-31 21:37:43.154390+00:00,2026-08-01 05:23:08.946824+00:00,2026-08-01 01:14:03.200906+00:00,security_metrics,ml_engine,4bc7d549,0.1311825238708143,0.1311825238708143,0,2.0899775336147286e-05,,,,,,
_result,0,2026-07-31 21:37:43.154390+00:00,2026-08-01 05:23:08.946824+00:00,2026-08-01 01:14:20.011676+00:00,security_metrics,ml_engine,4bc7d549,0.17336937705693545,0.17336937705693545,0,1.9014378267456777e-05,,,,,,
_result,0,2026-07-31 21:37:43.154390+00:00,2026-08-01 05:23:08.946824+00:00,2026-08-01 01:14:36.720907+00:00,security_metrics,ml_engine,4bc7d549,0.16607142361982502,0.16607142361982502,0,1.7497044609626755e-05,,,,,,
_result,0,2026-07-31 21:37:43.154390+00:00,2026-08-01 05:23:08.946824+00:00,2026-08-01 01:14:53.428796+00:00,security_metrics,ml_engine,4bc7d549,0.1094081542091383,0.1094081542091383,0,2.31639151024865e-05,,,,,,
_result,0,2026-07-31 21:37:43.154390+00:00,2026-08-01 05:23:08.946824+00:00,2026-08-01 01:15:10.242951+00:00,security_metrics,ml_engine,4bc7d549,0.1608623711530861,0.1608623711530861,0,2.0247185602784157e-05,,,,,,
_result,0,2026-07-31 21:37:43.154390+00:00,2026-08-01 05:23:08.946824+00:00,2026-08-01 01:15:26.940019+00:00,security_metrics,ml_engine,4bc7d549,0.12299296389503073,0.12299296389503073,0,0.0005969993653707206,,,,,,
_result,0,2026-07-31 21:37:43.154390+00:00,2026-08-01 05:23:08.946824+00:00,2026-08-01 01:15:41.966125+00:00,security_metrics,ml_engine,4bc7d549,-1.0,,1,,,,,,,
_result,0,2026-07-31 21:37:43.154390+00:00,2026-08-01 05:23:08.946824+00:00,2026-08-01 01:15:41.967715+00:00,security_metrics,ml_engine,4bc7d549,-1.0,,1,,,,,,,
_result,0,2026-07-31 21:37:43.154390+00:00,2026-08-01 05:23:08.946824+00:00,2026-08-01 01:15:43.651076+00:00,security_metrics,ml_engine,4bc7d549,0.12312972007978096,0.12312972007978096,0,4.859278124058619e-05,,,,,,
_result,0,2026-07-31 21:37:43.154390+00:00,2026-08-01 05:23:08.946824+00:00,2026-08-01 01:15:58.678215+00:00,security_metrics,ml_engine,4bc7d549,-1.0,,1,,,,,,,
_result,0,2026-07-31 21:37:43.154390+00:00,2026-08-01 05:23:08.946824+00:00,2026-08-01 01:15:58.679760+00:00,security_metrics,ml_engine,4bc7d549,-1.0,,1,,,,,,,
_result,0,2026-07-31 21:37:43.154390+00:00,2026-08-01 05:23:08.946824+00:00,2026-08-01 01:16:00.473518+00:00,security_metrics,ml_engine,4bc7d549,0.15595523664953276,0.15595523664953276,0,2.3501157556893304e-05,,,,,,
_result,0,2026-07-31 21:37:43.154390+00:00,2026-08-01 05:23:08.946824+00:00,2026-08-01 01:16:17.175008+00:00,security_metrics,ml_engine,4bc7d549,0.14119598555679902,0.14119598555679902,0,1.8893864762503654e-05,,,,,,
_result,0,2026-07-31 21:37:43.154390+00:00,2026-08-01 05:23:08.946824+00:00,2026-08-01 01:16:33.877983+00:00,security_metrics,ml_engine,4bc7d549,0.11741966248643321,0.11741966248643321,0,2.6766549126477912e-05,,,,,,
_result,0,2026-07-31 21:37:43.154390+00:00,2026-08-01 05:23:08.946824+00:00,2026-08-01 01:16:50.581222+00:00,security_metrics,ml_engine,4bc7d549,0.16099752698461756,0.16099752698461756,0,2.7308955395710655e-05,,,,,,
_result,0,2026-07-31 21:37:43.154390+00:00,2026-08-01 05:23:08.946824+00:00,2026-08-01 01:17:07.416882+00:00,security_metrics,ml_engine,4bc7d549,0.09828326601122661,0.09828326601122661,0,2.4425982701359317e-05,,,,,,
_result,0,2026-07-31 21:37:43.154390+00:00,2026-08-01 05:23:08.946824+00:00,2026-08-01 01:17:24.136907+00:00,security_metrics,ml_engine,4bc7d549,0.18320526620219446,0.18320526620219446,0,2.1613812350551598e-05,,,,,,
_result,0,2026-07-31 21:37:43.154390+00:00,2026-08-01 05:23:08.946824+00:00,2026-08-01 01:17:40.854838+00:00,security_metrics,ml_engine,4bc7d549,0.11922835053204278,0.11922835053204278,0,1.9514507584972307e-05,,,,,,
_result,0,2026-07-31 21:37:43.154390+00:00,2026-08-01 05:23:08.946824+00:00,2026-08-01 01:17:57.672826+00:00,security_metrics,ml_engine,4bc7d549,0.14831543940651248,0.14831543940651248,0,2.6471145247342065e-05,,,,,,
_result,0,2026-07-31 21:37:43.154390+00:00,2026-08-01 05:23:08.946824+00:00,2026-08-01 01:18:14.371966+00:00,security_metrics,ml_engine,4bc7d549,0.1511823998346815,0.1511823998346815,0,0.0006682236562483013,,,,,,
_result,0,2026-07-31 21:37:43.154390+00:00,2026-08-01 05:23:08.946824+00:00,2026-08-01 01:18:31.102228+00:00,security_metrics,ml_engine,4bc7d549,0.14883918600639062,0.14883918600639062,0,2.717136339924764e-05,,,,,,
_result,0,2026-07-31 21:37:43.154390+00:00,2026-08-01 05:23:08.946824+00:00,2026-08-01 01:18:47.910657+00:00,security_metrics,ml_engine,4bc7d549,0.0956820009690591,0.0956820009690591,0,2.9195749448263086e-05,,,,,,
_result,0,2026-07-31 21:37:43.154390+00:00,2026-08-01 05:23:08.946824+00:00,2026-08-01 01:19:04.623149+00:00,security_metrics,ml_engine,4bc7d549,0.13002211861406138,0.13002211861406138,0,2.199422124249395e-05,,,,,,
_result,0,2026-07-31 21:37:43.154390+00:00,2026-08-01 05:23:08.946824+00:00,2026-08-01 01:19:21.330333+00:00,security_metrics,ml_engine,4bc7d549,0.15595523664953276,0.15595523664953276,0,1.9429637177381665e-05,,,,,,
_result,0,2026-07-31 21:37:43.154390+00:00,2026-08-01 05:23:08.946824+00:00,2026-08-01 01:19:38.032865+00:00,security_metrics,ml_engine,4bc7d549,0.13002211861406138,0.13002211861406138,0,3.528211163938977e-05,,,,,,
_result,0,2026-07-31 21:37:43.154390+00:00,2026-08-01 05:23:08.946824+00:00,2026-08-01 01:19:54.829195+00:00,security_metrics,ml_engine,4bc7d549,0.018208663959393467,0.018208663959393467,0,1.930273174366448e-05,,,,,,
_result,0,2026-07-31 21:37:43.154390+00:00,2026-08-01 05:23:08.946824+00:00,2026-08-01 01:20:11.535439+00:00,security_metrics,ml_engine,4bc7d549,0.12312972007978096,0.12312972007978096,0,2.1267102056299336e-05,,,,,,
_result,0,2026-07-31 21:37:43.154390+00:00,2026-08-01 05:23:08.946824+00:00,2026-08-01 01:20:28.245675+00:00,security_metrics,ml_engine,4bc7d549,0.15214343635082384,0.15214343635082384,0,2.0006504200864583e-05,,,,,,
_result,0,2026-07-31 21:37:43.154390+00:00,2026-08-01 05:23:08.946824+00:00,2026-08-01 01:20:45.039052+00:00,security_metrics,ml_engine,4bc7d549,0.16784371134648818,0.16784371134648818,0,2.331345785933081e-05,,,,,,
_result,0,2026-07-31 21:37:43.154390+00:00,2026-08-01 05:23:08.946824+00:00,2026-08-01 01:21:01.738237+00:00,security_metrics,ml_engine,4bc7d549,0.10870626271326289,0.10870626271326289,0,1.7737202142598107e-05,,,,,,
_result,0,2026-07-31 21:37:43.154390+00:00,2026-08-01 05:23:08.946824+00:00,2026-08-01 01:21:18.440563+00:00,security_metrics,ml_engine,4bc7d549,0.14582430158249393,0.14582430158249393,0,0.0004446107486728579,,,,,,
_result,0,2026-07-31 21:37:43.154390+00:00,2026-08-01 05:23:08.946824+00:00,2026-08-01 01:21:35.280702+00:00,security_metrics,ml_engine,4bc7d549,0.14458198096625963,0.14458198096625963,0,0.0004924845998175442,,,,,,
_result,0,2026-07-31 21:37:43.154390+00:00,2026-08-01 05:23:08.946824+00:00,2026-08-01 01:21:51.974198+00:00,security_metrics,ml_engine,4bc7d549,0.11214094285645038,0.11214094285645038,0,2.7846861485159025e-05,,,,,,
_result,0,2026-07-31 21:37:43.154390+00:00,2026-08-01 05:23:08.946824+00:00,2026-08-01 01:22:08.674326+00:00,security_metrics,ml_engine,4bc7d549,0.10646312133207814,0.10646312133207814,0,2.2639515009359457e-05,,,,,,
_result,0,2026-07-31 21:37:43.154390+00:00,2026-08-01 05:23:08.946824+00:00,2026-08-01 01:22:25.510633+00:00,security_metrics,ml_engine,4bc7d549,0.1811488232974785,0.1811488232974785,0,2.006240902119316e-05,,,,,,
_result,0,2026-07-31 21:37:43.154390+00:00,2026-08-01 05:23:08.946824+00:00,2026-08-01 01:22:42.209645+00:00,security_metrics,ml_engine,4bc7d549,0.15919599566948223,0.15919599566948223,0,2.4301441953866743e-05,,,,,,
_result,0,2026-07-31 21:37:43.154390+00:00,2026-08-01 05:23:08.946824+00:00,2026-08-01 01:22:58.902726+00:00,security_metrics,ml_engine,4bc7d549,0.10577087680650754,0.10577087680650754,0,1.8037131667369977e-05,,,,,,
_result,0,2026-07-31 21:37:43.154390+00:00,2026-08-01 05:23:08.946824+00:00,2026-08-01 01:23:15.580842+00:00,security_metrics,ml_engine,4bc7d549,0.13189764618425975,0.13189764618425975,0,2.616637539176736e-05,,,,,,
_result,0,2026-07-31 21:37:43.154390+00:00,2026-08-01 05:23:08.946824+00:00,2026-08-01 01:23:32.370686+00:00,security_metrics,ml_engine,4bc7d549,0.0888861385126476,0.0888861385126476,0,2.6116007575183176e-05,,,,,,
_result,0,2026-07-31 21:37:43.154390+00:00,2026-08-01 05:23:08.946824+00:00,2026-08-01 01:23:47.435749+00:00,security_metrics,ml_engine,4bc7d549,-0.95,,1,,,,,,,
_result,0,2026-07-31 21:37:43.154390+00:00,2026-08-01 05:23:08.946824+00:00,2026-08-01 01:24:39.236738+00:00,security_metrics,ml_engine,4bc7d549,0.11322185350102221,0.11322185350102221,0,2.1199426555540413e-05,,,,,,
_result,0,2026-07-31 21:37:43.154390+00:00,2026-08-01 05:23:08.946824+00:00,2026-08-01 01:24:55.905440+00:00,security_metrics,ml_engine,4bc7d549,0.08560779216389558,0.08560779216389558,0,2.336090983590111e-05,,,,,,
_result,0,2026-07-31 21:37:43.154390+00:00,2026-08-01 05:23:08.946824+00:00,2026-08-01 01:25:12.658694+00:00,security_metrics,ml_engine,4bc7d549,0.11853124844442076,0.11853124844442076,0,2.2918735339771956e-05,,,,,,
_result,0,2026-07-31 21:37:43.154390+00:00,2026-08-01 05:23:08.946824+00:00,2026-08-01 01:25:29.326505+00:00,security_metrics,ml_engine,4bc7d549,0.11420281587968684,0.11420281587968684,0,2.3593178411829285e-05,,,,,,
_result,0,2026-07-31 21:37:43.154390+00:00,2026-08-01 05:23:08.946824+00:00,2026-08-01 01:25:45.994006+00:00,security_metrics,ml_engine,4bc7d549,0.10312295990887266,0.10312295990887266,0,2.1019885025452822e-05,,,,,,
_result,0,2026-07-31 21:37:43.154390+00:00,2026-08-01 05:23:08.946824+00:00,2026-08-01 01:26:02.716328+00:00,security_metrics,ml_engine,4bc7d549,0.1353883569121045,0.1353883569121045,0,3.331778134452179e-05,,,,,,
_result,0,2026-07-31 21:37:43.154390+00:00,2026-08-01 05:23:08.946824+00:00,2026-08-01 01:26:19.535102+00:00,security_metrics,ml_engine,4bc7d549,0.10991013332989774,0.10991013332989774,0,1.7261643733945675e-05,,,,,,
_result,0,2026-07-31 21:37:43.154390+00:00,2026-08-01 05:23:08.946824+00:00,2026-08-01 01:26:36.230831+00:00,security_metrics,ml_engine,4bc7d549,0.13668465296975807,0.13668465296975807,0,2.06045060622273e-05,,,,,,
_result,0,2026-07-31 21:37:43.154390+00:00,2026-08-01 05:23:08.946824+00:00,2026-08-01 01:26:52.942281+00:00,security_metrics,ml_engine,4bc7d549,0.11922835053204278,0.11922835053204278,0,1.876006535894703e-05,,,,,,
_result,0,2026-07-31 21:37:43.154390+00:00,2026-08-01 05:23:08.946824+00:00,2026-08-01 01:27:09.766751+00:00,security_metrics,ml_engine,4bc7d549,0.13168964375567632,0.13168964375567632,0,1.9366658307262696e-05,,,,,,
_result,0,2026-07-31 21:37:43.154390+00:00,2026-08-01 05:23:08.946824+00:00,2026-08-01 01:27:26.476591+00:00,security_metrics,ml_engine,4bc7d549,0.12696361640670034,0.12696361640670034,0,1.784155028872192e-05,,,,,,
_result,0,2026-07-31 21:37:43.154390+00:00,2026-08-01 05:23:08.946824+00:00,2026-08-01 01:27:43.229499+00:00,security_metrics,ml_engine,4bc7d549,0.11570238428724566,0.11570238428724566,0,2.293536817887798e-05,,,,,,
_result,0,2026-07-31 21:37:43.154390+00:00,2026-08-01 05:23:08.946824+00:00,2026-08-01 01:28:00.063632+00:00,security_metrics,ml_engine,4bc7d549,0.11741966248643321,0.11741966248643321,0,1.820293618948199e-05,,,,,,
_result,0,2026-07-31 21:37:43.154390+00:00,2026-08-01 05:23:08.946824+00:00,2026-08-01 01:28:16.784513+00:00,security_metrics,ml_engine,4bc7d549,0.16814594366745655,0.16814594366745655,0,2.835838677128777e-05,,,,,,
_result,0,2026-07-31 21:37:43.154390+00:00,2026-08-01 05:23:08.946824+00:00,2026-08-01 01:28:33.506231+00:00,security_metrics,ml_engine,4bc7d549,0.13168964375567632,0.13168964375567632,0,2.199171285610646e-05,,,,,,
_result,0,2026-07-31 21:37:43.154390+00:00,2026-08-01 05:23:08.946824+00:00,2026-08-01 01:28:50.222692+00:00,security_metrics,ml_engine,4bc7d549,0.19429593751051072,0.19429593751051072,0,1.687209623923991e-05,,,,,,
_result,0,2026-07-31 21:37:43.154390+00:00,2026-08-01 05:23:08.946824+00:00,2026-08-01 01:29:07.074927+00:00,security_metrics,ml_engine,4bc7d549,0.09468568996219329,0.09468568996219329,0,2.179492003051564e-05,,,,,,
_result,0,2026-07-31 21:37:43.154390+00:00,2026-08-01 05:23:08.946824+00:00,2026-08-01 01:29:23.824137+00:00,security_metrics,ml_engine,4bc7d549,0.1455049366575969,0.1455049366575969,0,1.8355327483732253e-05,,,,,,
_result,0,2026-07-31 21:37:43.154390+00:00,2026-08-01 05:23:08.946824+00:00,2026-08-01 01:29:40.529339+00:00,security_metrics,ml_engine,4bc7d549,0.09497866536794719,0.09497866536794719,0,2.1826373995281756e-05,,,,,,
_result,0,2026-07-31 21:37:43.154390+00:00,2026-08-01 05:23:08.946824+00:00,2026-08-01 01:29:57.366699+00:00,security_metrics,ml_engine,4bc7d549,0.17969129806650003,0.17969129806650003,0,3.055074193980545e-05,,,,,,
_result,0,2026-07-31 21:37:43.154390+00:00,2026-08-01 05:23:08.946824+00:00,2026-08-01 01:30:14.090674+00:00,security_metrics,ml_engine,4bc7d549,0.11450165340343132,0.11450165340343132,0,1.9694021830218844e-05,,,,,,
_result,0,2026-07-31 21:37:43.154390+00:00,2026-08-01 05:23:08.946824+00:00,2026-08-01 01:30:30.817845+00:00,security_metrics,ml_engine,4bc7d549,0.1349782466252502,0.1349782466252502,0,2.7420130209065974e-05,,,,,,
_result,0,2026-07-31 21:37:43.154390+00:00,2026-08-01 05:23:08.946824+00:00,2026-08-01 01:30:47.636213+00:00,security_metrics,ml_engine,4bc7d549,0.13445861207325333,0.13445861207325333,0,1.4366844879987184e-05,,,,,,
_result,0,2026-07-31 21:37:43.154390+00:00,2026-08-01 05:23:08.946824+00:00,2026-08-01 01:31:04.370610+00:00,security_metrics,ml_engine,4bc7d549,0.03212999227603264,0.03212999227603264,0,2.2523490770254284e-05,,,,,,
_result,0,2026-07-31 21:37:43.154390+00:00,2026-08-01 05:23:08.946824+00:00,2026-08-01 01:31:21.086627+00:00,security_metrics,ml_engine,4bc7d549,0.13563099526578554,0.13563099526578554,0,1.856822200352326e-05,,,,,,
_result,0,2026-07-31 21:37:43.154390+00:00,2026-08-01 05:23:08.946824+00:00,2026-08-01 01:31:37.803611+00:00,security_metrics,ml_engine,4bc7d549,0.1409694530173693,0.1409694530173693,0,2.5462750272708945e-05,,,,,,
_result,0,2026-07-31 21:37:43.154390+00:00,2026-08-01 05:23:08.946824+00:00,2026-08-01 01:31:54.605631+00:00,security_metrics,ml_engine,4bc7d549,0.12864461017986456,0.12864461017986456,0,2.30459281738149e-05,,,,,,
_result,0,2026-07-31 21:37:43.154390+00:00,2026-08-01 05:23:08.946824+00:00,2026-08-01 01:32:09.629565+00:00,security_metrics,ml_engine,4bc7d549,-1.0,,1,,,,,,,
_result,0,2026-07-31 21:37:43.154390+00:00,2026-08-01 05:23:08.946824+00:00,2026-08-01 01:32:09.676605+00:00,security_metrics,ml_engine,4bc7d549,-0.95,,1,,,,,,,
_result,0,2026-07-31 21:37:43.154390+00:00,2026-08-01 05:23:08.946824+00:00,2026-08-01 01:34:23.404664+00:00,security_metrics,ml_engine,4bc7d549,-0.95,,1,,,,,,,
_result,0,2026-07-31 21:37:43.154390+00:00,2026-08-01 05:23:08.946824+00:00,2026-08-01 01:36:37.203990+00:00,security_metrics,ml_engine,4bc7d549,-0.95,,1,,,,,,,
_result,0,2026-07-31 21:37:43.154390+00:00,2026-08-01 05:23:08.946824+00:00,2026-08-01 01:38:50.793218+00:00,security_metrics,ml_engine,4bc7d549,-0.95,,1,,,,,,,
_result,0,2026-07-31 21:37:43.154390+00:00,2026-08-01 05:23:08.946824+00:00,2026-08-01 01:47:29.704315+00:00,security_metrics,ml_engine,4bc7d549,-1.0,,1,,,,,,,
_result,0,2026-07-31 21:37:43.154390+00:00,2026-08-01 05:23:08.946824+00:00,2026-08-01 01:47:46.469453+00:00,security_metrics,ml_engine,4bc7d549,-0.95,,1,,,,,,,
_result,0,2026-07-31 21:37:43.154390+00:00,2026-08-01 05:23:08.946824+00:00,2026-08-01 01:50:00.052866+00:00,security_metrics,ml_engine,4bc7d549,-0.95,,1,,,,,,,
_result,0,2026-07-31 21:37:43.154390+00:00,2026-08-01 05:23:08.946824+00:00,2026-08-01 01:52:13.791294+00:00,security_metrics,ml_engine,4bc7d549,-0.95,,1,,,,,,,
_result,0,2026-07-31 21:37:43.154390+00:00,2026-08-01 05:23:08.946824+00:00,2026-08-01 01:54:27.410605+00:00,security_metrics,ml_engine,4bc7d549,-0.95,,1,,,,,,,
_result,0,2026-07-31 21:37:43.154390+00:00,2026-08-01 05:23:08.946824+00:00,2026-08-01 02:02:33.360767+00:00,security_metrics,ml_engine,4bc7d549,-1.0,,1,,,,,,,
_result,0,2026-07-31 21:37:43.154390+00:00,2026-08-01 05:23:08.946824+00:00,2026-08-01 02:02:33.362180+00:00,security_metrics,ml_engine,4bc7d549,-1.0,,1,,,,,,,
_result,0,2026-07-31 21:37:43.154390+00:00,2026-08-01 05:23:08.946824+00:00,2026-08-01 02:02:50.195182+00:00,security_metrics,ml_engine,4bc7d549,-1.0,,1,,,,,,,
_result,0,2026-07-31 21:37:43.154390+00:00,2026-08-01 05:23:08.946824+00:00,2026-08-01 02:02:50.196837+00:00,security_metrics,ml_engine,4bc7d549,-1.0,,1,,,,,,,
_result,0,2026-07-31 21:37:43.154390+00:00,2026-08-01 05:23:08.946824+00:00,2026-08-01 02:09:32.484768+00:00,security_metrics,ml_engine,4bc7d549,-0.95,,1,,,,,,,
_result,0,2026-07-31 21:37:43.154390+00:00,2026-08-01 05:23:08.946824+00:00,2026-08-01 02:18:28.524796+00:00,security_metrics,ml_engine,4bc7d549,-1.0,,1,,,,,,,
_result,0,2026-07-31 21:37:43.154390+00:00,2026-08-01 05:23:08.946824+00:00,2026-08-01 02:18:28.526256+00:00,security_metrics,ml_engine,4bc7d549,-1.0,,1,,,,,,,
_result,0,2026-07-31 21:37:43.154390+00:00,2026-08-01 05:23:08.946824+00:00,2026-08-01 02:18:28.527701+00:00,security_metrics,ml_engine,4bc7d549,-1.0,,1,,,,,,,
_result,0,2026-07-31 21:37:43.154390+00:00,2026-08-01 05:23:08.946824+00:00,2026-08-01 02:18:28.529125+00:00,security_metrics,ml_engine,4bc7d549,-1.0,,1,,,,,,,
_result,0,2026-07-31 21:37:43.154390+00:00,2026-08-01 05:23:08.946824+00:00,2026-08-01 02:27:07.672613+00:00,security_metrics,ml_engine,4bc7d549,-1.0,,1,,,,,,,
_result,0,2026-07-31 21:37:43.154390+00:00,2026-08-01 05:23:08.946824+00:00,2026-08-01 02:27:07.673988+00:00,security_metrics,ml_engine,4bc7d549,-1.0,,1,,,,,,,
_result,0,2026-07-31 21:37:43.154390+00:00,2026-08-01 05:23:08.946824+00:00,2026-08-01 02:27:24.501637+00:00,security_metrics,ml_engine,4bc7d549,-1.0,,1,,,,,,,
_result,0,2026-07-31 21:37:43.154390+00:00,2026-08-01 05:23:08.946824+00:00,2026-08-01 02:27:24.503045+00:00,security_metrics,ml_engine,4bc7d549,-1.0,,1,,,,,,,
_result,0,2026-07-31 21:37:43.154390+00:00,2026-08-01 05:23:08.946824+00:00,2026-08-01 02:34:39.756552+00:00,security_metrics,ml_engine,4bc7d549,-1.0,,1,,,,,,,
_result,0,2026-07-31 21:37:43.154390+00:00,2026-08-01 05:23:08.946824+00:00,2026-08-01 02:34:39.757929+00:00,security_metrics,ml_engine,4bc7d549,-1.0,,1,,,,,,,
_result,0,2026-07-31 21:37:43.154390+00:00,2026-08-01 05:23:08.946824+00:00,2026-08-01 02:34:39.759288+00:00,security_metrics,ml_engine,4bc7d549,-1.0,,1,,,,,,,
_result,0,2026-07-31 21:37:43.154390+00:00,2026-08-01 05:23:08.946824+00:00,2026-08-01 02:34:39.760585+00:00,security_metrics,ml_engine,4bc7d549,-1.0,,1,,,,,,,
_result,0,2026-07-31 21:37:43.154390+00:00,2026-08-01 05:23:08.946824+00:00,2026-08-01 02:34:56.472647+00:00,security_metrics,ml_engine,4bc7d549,-1.0,,1,,,,,,,
_result,0,2026-07-31 21:37:43.154390+00:00,2026-08-01 05:23:08.946824+00:00,2026-08-01 02:34:56.474039+00:00,security_metrics,ml_engine,4bc7d549,-1.0,,1,,,,,,,
_result,0,2026-07-31 21:37:43.154390+00:00,2026-08-01 05:23:08.946824+00:00,2026-08-01 02:34:56.475343+00:00,security_metrics,ml_engine,4bc7d549,-1.0,,1,,,,,,,
_result,0,2026-07-31 21:37:43.154390+00:00,2026-08-01 05:23:08.946824+00:00,2026-08-01 02:34:56.476687+00:00,security_metrics,ml_engine,4bc7d549,-1.0,,1,,,,,,,
_result,0,2026-07-31 21:37:43.154390+00:00,2026-08-01 05:23:08.946824+00:00,2026-08-01 02:35:13.215465+00:00,security_metrics,ml_engine,4bc7d549,-0.95,,1,,,,,,,
_result,0,2026-07-31 21:37:43.154390+00:00,2026-08-01 05:23:08.946824+00:00,2026-08-01 02:43:01.608525+00:00,security_metrics,ml_engine,4bc7d549,-1.0,,1,,,,,,,
_result,0,2026-07-31 21:37:43.154390+00:00,2026-08-01 05:23:08.946824+00:00,2026-08-01 02:43:01.610064+00:00,security_metrics,ml_engine,4bc7d549,-1.0,,1,,,,,,,
_result,0,2026-07-31 21:37:43.154390+00:00,2026-08-01 05:23:08.946824+00:00,2026-08-01 02:43:18.324450+00:00,security_metrics,ml_engine,4bc7d549,-1.0,,1,,,,,,,
_result,0,2026-07-31 21:37:43.154390+00:00,2026-08-01 05:23:08.946824+00:00,2026-08-01 02:43:18.325978+00:00,security_metrics,ml_engine,4bc7d549,-1.0,,1,,,,,,,
_result,0,2026-07-31 21:37:43.154390+00:00,2026-08-01 05:23:08.946824+00:00,2026-08-01 02:43:18.327336+00:00,security_metrics,ml_engine,4bc7d549,-1.0,,1,,,,,,,
_result,0,2026-07-31 21:37:43.154390+00:00,2026-08-01 05:23:08.946824+00:00,2026-08-01 02:43:18.328840+00:00,security_metrics,ml_engine,4bc7d549,-1.0,,1,,,,,,,
_result,0,2026-07-31 21:37:43.154390+00:00,2026-08-01 05:23:08.946824+00:00,2026-08-01 02:43:18.330364+00:00,security_metrics,ml_engine,4bc7d549,-1.0,,1,,,,,,,
_result,0,2026-07-31 21:37:43.154390+00:00,2026-08-01 05:23:08.946824+00:00,2026-08-01 02:43:35.174660+00:00,security_metrics,ml_engine,4bc7d549,-1.0,,1,,,,,,,
_result,0,2026-07-31 21:37:43.154390+00:00,2026-08-01 05:23:08.946824+00:00,2026-08-01 02:43:35.176177+00:00,security_metrics,ml_engine,4bc7d549,-1.0,,1,,,,,,,
_result,0,2026-07-31 21:37:43.154390+00:00,2026-08-01 05:23:08.946824+00:00,2026-08-01 02:43:35.177647+00:00,security_metrics,ml_engine,4bc7d549,-1.0,,1,,,,,,,
_result,0,2026-07-31 21:37:43.154390+00:00,2026-08-01 05:23:08.946824+00:00,2026-08-01 02:43:35.179141+00:00,security_metrics,ml_engine,4bc7d549,-1.0,,1,,,,,,,
_result,0,2026-07-31 21:37:43.154390+00:00,2026-08-01 05:23:08.946824+00:00,2026-08-01 02:43:35.180521+00:00,security_metrics,ml_engine,4bc7d549,-1.0,,1,,,,,,,
_result,0,2026-07-31 21:37:43.154390+00:00,2026-08-01 05:23:08.946824+00:00,2026-08-01 02:43:35.227626+00:00,security_metrics,ml_engine,4bc7d549,-0.95,,1,,,,,,,
_result,0,2026-07-31 21:37:43.154390+00:00,2026-08-01 05:23:08.946824+00:00,2026-08-01 02:43:51.905962+00:00,security_metrics,ml_engine,4bc7d549,-1.0,,1,,,,,,,
_result,0,2026-07-31 21:37:43.154390+00:00,2026-08-01 05:23:08.946824+00:00,2026-08-01 02:43:51.907457+00:00,security_metrics,ml_engine,4bc7d549,-1.0,,1,,,,,,,
_result,0,2026-07-31 21:37:43.154390+00:00,2026-08-01 05:23:08.946824+00:00,2026-08-01 02:43:51.908843+00:00,security_metrics,ml_engine,4bc7d549,-1.0,,1,,,,,,,
_result,0,2026-07-31 21:37:43.154390+00:00,2026-08-01 05:23:08.946824+00:00,2026-08-01 02:45:48.811099+00:00,security_metrics,ml_engine,4bc7d549,-0.95,,1,,,,,,,
_result,0,2026-07-31 21:37:43.154390+00:00,2026-08-01 05:23:08.946824+00:00,2026-08-01 02:48:02.449848+00:00,security_metrics,ml_engine,4bc7d549,-0.95,,1,,,,,,,
_result,0,2026-07-31 21:37:43.154390+00:00,2026-08-01 05:23:08.946824+00:00,2026-08-01 02:50:16.187839+00:00,security_metrics,ml_engine,4bc7d549,-0.95,,1,,,,,,,
_result,0,2026-07-31 21:37:43.154390+00:00,2026-08-01 05:23:08.946824+00:00,2026-08-01 02:58:20.943892+00:00,security_metrics,ml_engine,4bc7d549,-1.0,,1,,,,,,,
_result,0,2026-07-31 21:37:43.154390+00:00,2026-08-01 05:23:08.946824+00:00,2026-08-01 02:58:20.945274+00:00,security_metrics,ml_engine,4bc7d549,-1.0,,1,,,,,,,
_result,0,2026-07-31 21:37:43.154390+00:00,2026-08-01 05:23:08.946824+00:00,2026-08-01 02:58:20.946740+00:00,security_metrics,ml_engine,4bc7d549,-1.0,,1,,,,,,,
_result,0,2026-07-31 21:37:43.154390+00:00,2026-08-01 05:23:08.946824+00:00,2026-08-01 02:58:20.948133+00:00,security_metrics,ml_engine,4bc7d549,-1.0,,1,,,,,,,
_result,0,2026-07-31 21:37:43.154390+00:00,2026-08-01 05:23:08.946824+00:00,2026-08-01 02:58:20.949499+00:00,security_metrics,ml_engine,4bc7d549,-1.0,,1,,,,,,,
_result,0,2026-07-31 21:37:43.154390+00:00,2026-08-01 05:23:08.946824+00:00,2026-08-01 02:58:37.646368+00:00,security_metrics,ml_engine,4bc7d549,-1.0,,1,,,,,,,
_result,0,2026-07-31 21:37:43.154390+00:00,2026-08-01 05:23:08.946824+00:00,2026-08-01 02:58:37.647816+00:00,security_metrics,ml_engine,4bc7d549,-1.0,,1,,,,,,,
_result,0,2026-07-31 21:37:43.154390+00:00,2026-08-01 05:23:08.946824+00:00,2026-08-01 02:58:37.649196+00:00,security_metrics,ml_engine,4bc7d549,-1.0,,1,,,,,,,
_result,0,2026-07-31 21:37:43.154390+00:00,2026-08-01 05:23:08.946824+00:00,2026-08-01 02:58:37.696902+00:00,security_metrics,ml_engine,4bc7d549,-0.95,,1,,,,,,,
_result,0,2026-07-31 21:37:43.154390+00:00,2026-08-01 05:23:08.946824+00:00,2026-08-01 03:05:01.872035+00:00,security_metrics,ml_engine,4bc7d549,-1.0,,1,,,,,,,
_result,0,2026-07-31 21:37:43.154390+00:00,2026-08-01 05:23:08.946824+00:00,2026-08-01 03:05:01.917780+00:00,security_metrics,ml_engine,4bc7d549,-0.95,,1,,,,,,,
_result,0,2026-07-31 21:37:43.154390+00:00,2026-08-01 05:23:08.946824+00:00,2026-08-01 03:05:03.539172+00:00,security_metrics,ml_engine,4bc7d549,0.15895825629037863,0.15895825629037863,0,0.07262837141752243,,,,,,
_result,0,2026-07-31 21:37:43.154390+00:00,2026-08-01 05:23:08.946824+00:00,2026-08-01 03:05:20.282374+00:00,security_metrics,ml_engine,4bc7d549,0.13668465296975807,0.13668465296975807,0,1.8646069293026812e-05,,,,,,
_result,0,2026-07-31 21:37:43.154390+00:00,2026-08-01 05:23:08.946824+00:00,2026-08-01 03:05:36.914430+00:00,security_metrics,ml_engine,4bc7d549,0.1351686450906976,0.1351686450906976,0,1.7397493138560094e-05,,,,,,
_result,0,2026-07-31 21:37:43.154390+00:00,2026-08-01 05:23:08.946824+00:00,2026-08-01 03:05:53.541766+00:00,security_metrics,ml_engine,4bc7d549,0.0962115059705011,0.0962115059705011,0,1.912282641569618e-05,,,,,,
_result,0,2026-07-31 21:37:43.154390+00:00,2026-08-01 05:23:08.946824+00:00,2026-08-01 03:06:10.298020+00:00,security_metrics,ml_engine,4bc7d549,0.11128249917583322,0.11128249917583322,0,1.795857860997785e-05,,,,,,
_result,0,2026-07-31 21:37:43.154390+00:00,2026-08-01 05:23:08.946824+00:00,2026-08-01 03:06:26.936154+00:00,security_metrics,ml_engine,4bc7d549,0.1353883569121045,0.1353883569121045,0,2.1203371943556704e-05,,,,,,
_result,0,2026-07-31 21:37:43.154390+00:00,2026-08-01 05:23:08.946824+00:00,2026-08-01 03:06:43.566175+00:00,security_metrics,ml_engine,4bc7d549,0.11501601986058163,0.11501601986058163,0,2.0599316485458985e-05,,,,,,
_result,0,2026-07-31 21:37:43.154390+00:00,2026-08-01 05:23:08.946824+00:00,2026-08-01 03:07:00.321667+00:00,security_metrics,ml_engine,4bc7d549,0.1351686450906976,0.1351686450906976,0,2.6555382646620274e-05,,,,,,
_result,0,2026-07-31 21:37:43.154390+00:00,2026-08-01 05:23:08.946824+00:00,2026-08-01 03:07:15.388986+00:00,security_metrics,ml_engine,4bc7d549,-0.95,,1,,,,,,,
_result,0,2026-07-31 21:37:43.154390+00:00,2026-08-01 05:23:08.946824+00:00,2026-08-01 03:07:17.024305+00:00,security_metrics,ml_engine,4bc7d549,0.14151826487301333,0.14151826487301333,0,1.8709370124270208e-05,,,,,,
_result,0,2026-07-31 21:37:43.154390+00:00,2026-08-01 05:23:08.946824+00:00,2026-08-01 03:07:33.654645+00:00,security_metrics,ml_engine,4bc7d549,0.12821135878685241,0.12821135878685241,0,2.238521301478613e-05,,,,,,
_result,0,2026-07-31 21:37:43.154390+00:00,2026-08-01 05:23:08.946824+00:00,2026-08-01 03:07:50.279212+00:00,security_metrics,ml_engine,4bc7d549,0.1353883569121045,0.1353883569121045,0,1.8504604668123648e-05,,,,,,
_result,0,2026-07-31 21:37:43.154390+00:00,2026-08-01 05:23:08.946824+00:00,2026-08-01 03:08:07.022912+00:00,security_metrics,ml_engine,4bc7d549,0.06000030632456521,0.06000030632456521,0,2.5042365450644866e-05,,,,,,
_result,0,2026-07-31 21:37:43.154390+00:00,2026-08-01 05:23:08.946824+00:00,2026-08-01 03:08:23.669910+00:00,security_metrics,ml_engine,4bc7d549,0.14914079787681744,0.14914079787681744,0,1.7682845282251947e-05,,,,,,
_result,0,2026-07-31 21:37:43.154390+00:00,2026-08-01 05:23:08.946824+00:00,2026-08-01 03:08:40.298403+00:00,security_metrics,ml_engine,4bc7d549,0.11922835053204278,0.11922835053204278,0,2.2430382159654982e-05,,,,,,
_result,0,2026-07-31 21:37:43.154390+00:00,2026-08-01 05:23:08.946824+00:00,2026-08-01 03:08:57.032132+00:00,security_metrics,ml_engine,4bc7d549,0.12515913797669798,0.12515913797669798,0,1.8370035832049325e-05,,,,,,
_result,0,2026-07-31 21:37:43.154390+00:00,2026-08-01 05:23:08.946824+00:00,2026-08-01 03:09:13.676345+00:00,security_metrics,ml_engine,4bc7d549,0.14202856480453618,0.14202856480453618,0,2.205882265116088e-05,,,,,,
_result,0,2026-07-31 21:37:43.154390+00:00,2026-08-01 05:23:08.946824+00:00,2026-08-01 03:09:28.740876+00:00,security_metrics,ml_engine,4bc7d549,-0.95,,1,,,,,,,
_result,0,2026-07-31 21:37:43.154390+00:00,2026-08-01 05:23:08.946824+00:00,2026-08-01 03:09:30.359904+00:00,security_metrics,ml_engine,4bc7d549,0.1407329964663116,0.1407329964663116,0,1.882306969491765e-05,,,,,,
_result,0,2026-07-31 21:37:43.154390+00:00,2026-08-01 05:23:08.946824+00:00,2026-08-01 03:09:47.104597+00:00,security_metrics,ml_engine,4bc7d549,0.10292053272717239,0.10292053272717239,0,1.9368259017937817e-05,,,,,,
_result,0,2026-07-31 21:37:43.154390+00:00,2026-08-01 05:23:08.946824+00:00,2026-08-01 03:10:03.736483+00:00,security_metrics,ml_engine,4bc7d549,0.1425110574896682,0.1425110574896682,0,1.591920226928778e-05,,,,,,
_result,0,2026-07-31 21:37:43.154390+00:00,2026-08-01 05:23:08.946824+00:00,2026-08-01 03:10:20.365337+00:00,security_metrics,ml_engine,4bc7d549,0.14202856480453618,0.14202856480453618,0,3.037991154997144e-05,,,,,,
_result,0,2026-07-31 21:37:43.154390+00:00,2026-08-01 05:23:08.946824+00:00,2026-08-01 03:10:37.002888+00:00,security_metrics,ml_engine,4bc7d549,0.12399605833691912,0.12399605833691912,0,2.1108309738337994e-05,,,,,,
_result,0,2026-07-31 21:37:43.154390+00:00,2026-08-01 05:23:08.946824+00:00,2026-08-01 03:10:53.747429+00:00,security_metrics,ml_engine,4bc7d549,0.028582529812964164,0.028582529812964164,0,2.658938137756195e-05,,,,,,
_result,0,2026-07-31 21:37:43.154390+00:00,2026-08-01 05:23:08.946824+00:00,2026-08-01 03:11:10.376423+00:00,security_metrics,ml_engine,4bc7d549,0.14883918600639062,0.14883918600639062,0,2.411163404758554e-05,,,,,,
_result,0,2026-07-31 21:37:43.154390+00:00,2026-08-01 05:23:08.946824+00:00,2026-08-01 03:11:27.002701+00:00,security_metrics,ml_engine,4bc7d549,0.1625812663933438,0.1625812663933438,0,2.280239095853176e-05,,,,,,
_result,0,2026-07-31 21:37:43.154390+00:00,2026-08-01 05:23:08.946824+00:00,2026-08-01 03:11:42.069908+00:00,security_metrics,ml_engine,4bc7d549,-0.95,,1,,,,,,,
_result,0,2026-07-31 21:37:43.154390+00:00,2026-08-01 05:23:08.946824+00:00,2026-08-01 03:11:43.800098+00:00,security_metrics,ml_engine,4bc7d549,0.13255456058986104,0.13255456058986104,0,3.031698906852398e-05,,,,,,
_result,0,2026-07-31 21:37:43.154390+00:00,2026-08-01 05:23:08.946824+00:00,2026-08-01 03:12:00.456470+00:00,security_metrics,ml_engine,4bc7d549,0.13676514440435333,0.13676514440435333,0,1.8701333829085343e-05,,,,,,
_result,0,2026-07-31 21:37:43.154390+00:00,2026-08-01 05:23:08.946824+00:00,2026-08-01 03:12:17.094165+00:00,security_metrics,ml_engine,4bc7d549,0.13189764618425975,0.13189764618425975,0,1.652662831475027e-05,,,,,,
_result,0,2026-07-31 21:37:43.154390+00:00,2026-08-01 05:23:08.946824+00:00,2026-08-01 03:12:33.866897+00:00,security_metrics,ml_engine,4bc7d549,0.13869673460095755,0.13869673460095755,0,1.9488979887682945e-05,,,,,,
_result,0,2026-07-31 21:37:43.154390+00:00,2026-08-01 05:23:08.946824+00:00,2026-08-01 03:12:50.489212+00:00,security_metrics,ml_engine,4bc7d549,0.09114102088897436,0.09114102088897436,0,2.4803941414575092e-05,,,,,,
_result,0,2026-07-31 21:37:43.154390+00:00,2026-08-01 05:23:08.946824+00:00,2026-08-01 03:13:07.133418+00:00,security_metrics,ml_engine,4bc7d549,0.14202856480453618,0.14202856480453618,0,6.188929546624422e-05,,,,,,
_result,0,2026-07-31 21:37:43.154390+00:00,2026-08-01 05:23:08.946824+00:00,2026-08-01 03:13:23.768022+00:00,security_metrics,ml_engine,4bc7d549,0.1152812985676257,0.1152812985676257,0,1.914453059725929e-05,,,,,,
_result,0,2026-07-31 21:37:43.154390+00:00,2026-08-01 05:23:08.946824+00:00,2026-08-01 03:13:40.510874+00:00,security_metrics,ml_engine,4bc7d549,0.14202856480453618,0.14202856480453618,0,2.5141602236544713e-05,,,,,,
_result,0,2026-07-31 21:37:43.154390+00:00,2026-08-01 05:23:08.946824+00:00,2026-08-01 03:13:55.578426+00:00,security_metrics,ml_engine,4bc7d549,-0.95,,1,,,,,,,
_result,0,2026-07-31 21:37:43.154390+00:00,2026-08-01 05:23:08.946824+00:00,2026-08-01 03:13:57.194652+00:00,security_metrics,ml_engine,4bc7d549,0.054950654942605315,0.054950654942605315,0,0.004934184718877077,,,,,,
_result,0,2026-07-31 21:37:43.154390+00:00,2026-08-01 05:23:08.946824+00:00,2026-08-01 03:14:13.845693+00:00,security_metrics,ml_engine,4bc7d549,0.11922835053204278,0.11922835053204278,0,3.6394303606357425e-05,,,,,,
_result,0,2026-07-31 21:37:43.154390+00:00,2026-08-01 05:23:08.946824+00:00,2026-08-01 03:14:30.611560+00:00,security_metrics,ml_engine,4bc7d549,0.1237737050811808,0.1237737050811808,0,1.7444559489376843e-05,,,,,,
_result,0,2026-07-31 21:37:43.154390+00:00,2026-08-01 05:23:08.946824+00:00,2026-08-01 03:14:47.291415+00:00,security_metrics,ml_engine,4bc7d549,0.02470797925440449,0.02470797925440449,0,0.004789672791957855,,,,,,
_result,0,2026-07-31 21:37:43.154390+00:00,2026-08-01 05:23:08.946824+00:00,2026-08-01 03:15:03.927257+00:00,security_metrics,ml_engine,4bc7d549,0.12312972007978096,0.12312972007978096,0,2.138009040208999e-05,,,,,,
_result,0,2026-07-31 21:37:43.154390+00:00,2026-08-01 05:23:08.946824+00:00,2026-08-01 03:15:20.694212+00:00,security_metrics,ml_engine,4bc7d549,0.12312972007978096,0.12312972007978096,0,2.6732899641501717e-05,,,,,,
_result,0,2026-07-31 21:37:43.154390+00:00,2026-08-01 05:23:08.946824+00:00,2026-08-01 03:15:37.317489+00:00,security_metrics,ml_engine,4bc7d549,0.1455503307294771,0.1455503307294771,0,1.9554923710529692e-05,,,,,,
_result,0,2026-07-31 21:37:43.154390+00:00,2026-08-01 05:23:08.946824+00:00,2026-08-01 03:15:53.943792+00:00,security_metrics,ml_engine,4bc7d549,0.11741966248643321,0.11741966248643321,0,1.6604057236691006e-05,,,,,,
_result,0,2026-07-31 21:37:43.154390+00:00,2026-08-01 05:23:08.946824+00:00,2026-08-01 03:16:10.727970+00:00,security_metrics,ml_engine,4bc7d549,0.12615682463095718,0.12615682463095718,0,2.294723344675731e-05,,,,,,
_result,0,2026-07-31 21:37:43.154390+00:00,2026-08-01 05:23:08.946824+00:00,2026-08-01 03:16:27.410190+00:00,security_metrics,ml_engine,4bc7d549,0.14103476411158278,0.14103476411158278,0,2.0980703993700445e-05,,,,,,
_result,0,2026-07-31 21:37:43.154390+00:00,2026-08-01 05:23:08.946824+00:00,2026-08-01 03:16:44.091380+00:00,security_metrics,ml_engine,4bc7d549,0.1425110574896682,0.1425110574896682,0,0.00046052425750531256,,,,,,
_result,0,2026-07-31 21:37:43.154390+00:00,2026-08-01 05:23:08.946824+00:00,2026-08-01 03:17:00.781515+00:00,security_metrics,ml_engine,4bc7d549,0.11337286413219838,0.11337286413219838,0,2.2120291760074906e-05,,,,,,
_result,0,2026-07-31 21:37:43.154390+00:00,2026-08-01 05:23:08.946824+00:00,2026-08-01 03:17:17.562999+00:00,security_metrics,ml_engine,4bc7d549,0.12201186644779333,0.12201186644779333,0,2.1478226699400693e-05,,,,,,
_result,0,2026-07-31 21:37:43.154390+00:00,2026-08-01 05:23:08.946824+00:00,2026-08-01 03:17:34.248318+00:00,security_metrics,ml_engine,4bc7d549,0.07362055183392491,0.07362055183392491,0,2.2058133254176937e-05,,,,,,
_result,0,2026-07-31 21:37:43.154390+00:00,2026-08-01 05:23:08.946824+00:00,2026-08-01 03:17:50.929325+00:00,security_metrics,ml_engine,4bc7d549,0.037881335974473185,0.037881335974473185,0,0.00016539097123313695,,,,,,
_result,0,2026-07-31 21:37:43.154390+00:00,2026-08-01 05:23:08.946824+00:00,2026-08-01 03:18:07.717542+00:00,security_metrics,ml_engine,4bc7d549,0.08943072456324974,0.08943072456324974,0,2.327648144273553e-05,,,,,,
_result,0,2026-07-31 21:37:43.154390+00:00,2026-08-01 05:23:08.946824+00:00,2026-08-01 03:18:24.395203+00:00,security_metrics,ml_engine,4bc7d549,0.14075682976208537,0.14075682976208537,0,2.9961032851133496e-05,,,,,,
_result,0,2026-07-31 21:37:43.154390+00:00,2026-08-01 05:23:08.946824+00:00,2026-08-01 03:18:41.074334+00:00,security_metrics,ml_engine,4bc7d549,0.15888133927330933,0.15888133927330933,0,2.0596849935827777e-05,,,,,,
_result,0,2026-07-31 21:37:43.154390+00:00,2026-08-01 05:23:08.946824+00:00,2026-08-01 03:18:57.883259+00:00,security_metrics,ml_engine,4bc7d549,0.1407329964663116,0.1407329964663116,0,0.00037931627593934536,,,,,,
_result,0,2026-07-31 21:37:43.154390+00:00,2026-08-01 05:23:08.946824+00:00,2026-08-01 03:19:14.565592+00:00,security_metrics,ml_engine,4bc7d549,0.06602093705077583,0.06602093705077583,0,3.02813969028648e-05,,,,,,
_result,0,2026-07-31 21:37:43.154390+00:00,2026-08-01 05:23:08.946824+00:00,2026-08-01 03:19:31.246699+00:00,security_metrics,ml_engine,4bc7d549,0.16260696929592205,0.16260696929592205,0,2.0906038116663694e-05,,,,,,
_result,0,2026-07-31 21:37:43.154390+00:00,2026-08-01 05:23:08.946824+00:00,2026-08-01 03:19:46.310405+00:00,security_metrics,ml_engine,4bc7d549,-0.95,,1,,,,,,,
_result,0,2026-07-31 21:37:43.154390+00:00,2026-08-01 05:23:08.946824+00:00,2026-08-01 03:20:21.391883+00:00,security_metrics,ml_engine,4bc7d549,0.1048685209370449,0.1048685209370449,0,2.4074148313957267e-05,,,,,,
_result,0,2026-07-31 21:37:43.154390+00:00,2026-08-01 05:23:08.946824+00:00,2026-08-01 03:20:38.071598+00:00,security_metrics,ml_engine,4bc7d549,0.11322185350102221,0.11322185350102221,0,2.8879936508019455e-05,,,,,,
_result,0,2026-07-31 21:37:43.154390+00:00,2026-08-01 05:23:08.946824+00:00,2026-08-01 03:20:54.836348+00:00,security_metrics,ml_engine,4bc7d549,0.12851184282650158,0.12851184282650158,0,1.528830216557253e-05,,,,,,
_result,0,2026-07-31 21:37:43.154390+00:00,2026-08-01 05:23:08.946824+00:00,2026-08-01 03:21:11.498679+00:00,security_metrics,ml_engine,4bc7d549,0.13046252684833914,0.13046252684833914,0,2.5427190848859027e-05,,,,,,
_result,0,2026-07-31 21:37:43.154390+00:00,2026-08-01 05:23:08.946824+00:00,2026-08-01 03:21:28.187064+00:00,security_metrics,ml_engine,4bc7d549,0.0990454077486892,0.0990454077486892,0,2.2617126887780614e-05,,,,,,
_result,0,2026-07-31 21:37:43.154390+00:00,2026-08-01 05:23:08.946824+00:00,2026-08-01 03:21:44.947525+00:00,security_metrics,ml_engine,4bc7d549,0.05263121926286296,0.05263121926286296,0,2.2003976482665166e-05,,,,,,
_result,0,2026-07-31 21:37:43.154390+00:00,2026-08-01 05:23:08.946824+00:00,2026-08-01 03:22:01.640937+00:00,security_metrics,ml_engine,4bc7d549,0.10646312133207814,0.10646312133207814,0,1.703963971522171e-05,,,,,,
_result,0,2026-07-31 21:37:43.154390+00:00,2026-08-01 05:23:08.946824+00:00,2026-08-01 03:22:18.336157+00:00,security_metrics,ml_engine,4bc7d549,0.1353883569121045,0.1353883569121045,0,2.4002343707252294e-05,,,,,,
_result,0,2026-07-31 21:37:43.154390+00:00,2026-08-01 05:23:08.946824+00:00,2026-08-01 03:22:35.041522+00:00,security_metrics,ml_engine,4bc7d549,0.19188485557030377,0.19188485557030377,0,2.3039267034619115e-05,,,,,,
_result,0,2026-07-31 21:37:43.154390+00:00,2026-08-01 05:23:08.946824+00:00,2026-08-01 03:22:51.847448+00:00,security_metrics,ml_engine,4bc7d549,0.12279499511600278,0.12279499511600278,0,2.3848684577387758e-05,,,,,,
_result,0,2026-07-31 21:37:43.154390+00:00,2026-08-01 05:23:08.946824+00:00,2026-08-01 03:23:08.544012+00:00,security_metrics,ml_engine,4bc7d549,0.14151826487301333,0.14151826487301333,0,2.4168421077774838e-05,,,,,,
_result,0,2026-07-31 21:37:43.154390+00:00,2026-08-01 05:23:08.946824+00:00,2026-08-01 03:23:25.244365+00:00,security_metrics,ml_engine,4bc7d549,0.026757533773898667,0.026757533773898667,0,1.8069869838654995e-05,,,,,,
_result,0,2026-07-31 21:37:43.154390+00:00,2026-08-01 05:23:08.946824+00:00,2026-08-01 03:23:42.055000+00:00,security_metrics,ml_engine,4bc7d549,0.14582430158249393,0.14582430158249393,0,2.5335930331493728e-05,,,,,,
_result,0,2026-07-31 21:37:43.154390+00:00,2026-08-01 05:23:08.946824+00:00,2026-08-01 03:23:58.740699+00:00,security_metrics,ml_engine,4bc7d549,0.11460099463515783,0.11460099463515783,0,2.4165983631974086e-05,,,,,,
_result,0,2026-07-31 21:37:43.154390+00:00,2026-08-01 05:23:08.946824+00:00,2026-08-01 03:24:15.442885+00:00,security_metrics,ml_engine,4bc7d549,0.13445861207325333,0.13445861207325333,0,2.3395270545734093e-05,,,,,,
_result,0,2026-07-31 21:37:43.154390+00:00,2026-08-01 05:23:08.946824+00:00,2026-08-01 03:24:32.243553+00:00,security_metrics,ml_engine,4bc7d549,0.09497866536794719,0.09497866536794719,0,1.7312486306764185e-05,,,,,,
_result,0,2026-07-31 21:37:43.154390+00:00,2026-08-01 05:23:08.946824+00:00,2026-08-01 03:24:48.918610+00:00,security_metrics,ml_engine,4bc7d549,0.13140437669820748,0.13140437669820748,0,2.0664019757532515e-05,,,,,,
_result,0,2026-07-31 21:37:43.154390+00:00,2026-08-01 05:23:08.946824+00:00,2026-08-01 03:25:05.599722+00:00,security_metrics,ml_engine,4bc7d549,0.11450165340343132,0.11450165340343132,0,2.2861211618874222e-05,,,,,,
_result,0,2026-07-31 21:37:43.154390+00:00,2026-08-01 05:23:08.946824+00:00,2026-08-01 03:25:22.417130+00:00,security_metrics,ml_engine,4bc7d549,0.12696361640670034,0.12696361640670034,0,2.1463059965753928e-05,,,,,,
_result,0,2026-07-31 21:37:43.154390+00:00,2026-08-01 05:23:08.946824+00:00,2026-08-01 03:25:39.115502+00:00,security_metrics,ml_engine,4bc7d549,0.13189764618425975,0.13189764618425975,0,2.6637790142558515e-05,,,,,,
_result,0,2026-07-31 21:37:43.154390+00:00,2026-08-01 05:23:08.946824+00:00,2026-08-01 03:25:55.814746+00:00,security_metrics,ml_engine,4bc7d549,0.0729301823395051,0.0729301823395051,0,0.0007617662777192891,,,,,,
_result,0,2026-07-31 21:37:43.154390+00:00,2026-08-01 05:23:08.946824+00:00,2026-08-01 03:26:12.506173+00:00,security_metrics,ml_engine,4bc7d549,0.13168964375567632,0.13168964375567632,0,3.028925129910931e-05,,,,,,
_result,0,2026-07-31 21:37:43.154390+00:00,2026-08-01 05:23:08.946824+00:00,2026-08-01 03:26:29.291456+00:00,security_metrics,ml_engine,4bc7d549,0.11741966248643321,0.11741966248643321,0,2.199901246058289e-05,,,,,,
_result,0,2026-07-31 21:37:43.154390+00:00,2026-08-01 05:23:08.946824+00:00,2026-08-01 03:26:45.969610+00:00,security_metrics,ml_engine,4bc7d549,0.1311825238708143,0.1311825238708143,0,3.1070056138560176e-05,,,,,,
_result,0,2026-07-31 21:37:43.154390+00:00,2026-08-01 05:23:08.946824+00:00,2026-08-01 03:27:02.670816+00:00,security_metrics,ml_engine,4bc7d549,0.1267016094119381,0.1267016094119381,0,1.9265509763499722e-05,,,,,,
_result,0,2026-07-31 21:37:43.154390+00:00,2026-08-01 05:23:08.946824+00:00,2026-08-01 03:27:19.459305+00:00,security_metrics,ml_engine,4bc7d549,0.15214343635082384,0.15214343635082384,0,1.914727545226924e-05,,,,,,
_result,0,2026-07-31 21:37:43.154390+00:00,2026-08-01 05:23:08.946824+00:00,2026-08-01 03:27:36.139570+00:00,security_metrics,ml_engine,4bc7d549,0.11570238428724566,0.11570238428724566,0,3.5165707231499255e-05,,,,,,
_result,0,2026-07-31 21:37:43.154390+00:00,2026-08-01 05:23:08.946824+00:00,2026-08-01 03:27:51.174667+00:00,security_metrics,ml_engine,4bc7d549,-1.0,,1,,,,,,,
_result,0,2026-07-31 21:37:43.154390+00:00,2026-08-01 05:23:08.946824+00:00,2026-08-01 03:27:51.176232+00:00,security_metrics,ml_engine,4bc7d549,-1.0,,1,,,,,,,
_result,0,2026-07-31 21:37:43.154390+00:00,2026-08-01 05:23:08.946824+00:00,2026-08-01 03:27:51.177699+00:00,security_metrics,ml_engine,4bc7d549,-1.0,,1,,,,,,,
_result,0,2026-07-31 21:37:43.154390+00:00,2026-08-01 05:23:08.946824+00:00,2026-08-01 03:27:51.179205+00:00,security_metrics,ml_engine,4bc7d549,-1.0,,1,,,,,,,
_result,0,2026-07-31 21:37:43.154390+00:00,2026-08-01 05:23:08.946824+00:00,2026-08-01 03:27:51.180578+00:00,security_metrics,ml_engine,4bc7d549,-1.0,,1,,,,,,,
_result,0,2026-07-31 21:37:43.154390+00:00,2026-08-01 05:23:08.946824+00:00,2026-08-01 03:28:07.894388+00:00,security_metrics,ml_engine,4bc7d549,-1.0,,1,,,,,,,
_result,0,2026-07-31 21:37:43.154390+00:00,2026-08-01 05:23:08.946824+00:00,2026-08-01 03:28:07.895822+00:00,security_metrics,ml_engine,4bc7d549,-1.0,,1,,,,,,,
_result,0,2026-07-31 21:37:43.154390+00:00,2026-08-01 05:23:08.946824+00:00,2026-08-01 03:28:07.897381+00:00,security_metrics,ml_engine,4bc7d549,-1.0,,1,,,,,,,
_result,0,2026-07-31 21:37:43.154390+00:00,2026-08-01 05:23:08.946824+00:00,2026-08-01 03:28:07.898881+00:00,security_metrics,ml_engine,4bc7d549,-1.0,,1,,,,,,,
_result,0,2026-07-31 21:37:43.154390+00:00,2026-08-01 05:23:08.946824+00:00,2026-08-01 03:28:07.900280+00:00,security_metrics,ml_engine,4bc7d549,-1.0,,1,,,,,,,
_result,0,2026-07-31 21:37:43.154390+00:00,2026-08-01 05:23:08.946824+00:00,2026-08-01 03:28:24.710257+00:00,security_metrics,ml_engine,4bc7d549,-1.0,,1,,,,,,,
_result,0,2026-07-31 21:37:43.154390+00:00,2026-08-01 05:23:08.946824+00:00,2026-08-01 03:28:24.711797+00:00,security_metrics,ml_engine,4bc7d549,-1.0,,1,,,,,,,
_result,0,2026-07-31 21:37:43.154390+00:00,2026-08-01 05:23:08.946824+00:00,2026-08-01 03:28:24.713282+00:00,security_metrics,ml_engine,4bc7d549,-1.0,,1,,,,,,,
_result,0,2026-07-31 21:37:43.154390+00:00,2026-08-01 05:23:08.946824+00:00,2026-08-01 03:28:24.714821+00:00,security_metrics,ml_engine,4bc7d549,-1.0,,1,,,,,,,
_result,0,2026-07-31 21:37:43.154390+00:00,2026-08-01 05:23:08.946824+00:00,2026-08-01 03:28:24.716283+00:00,security_metrics,ml_engine,4bc7d549,-1.0,,1,,,,,,,
_result,0,2026-07-31 21:37:43.154390+00:00,2026-08-01 05:23:08.946824+00:00,2026-08-01 03:28:24.766483+00:00,security_metrics,ml_engine,4bc7d549,-0.95,,1,,,,,,,
_result,0,2026-07-31 21:37:43.154390+00:00,2026-08-01 05:23:08.946824+00:00,2026-08-01 03:30:38.248681+00:00,security_metrics,ml_engine,4bc7d549,-0.95,,1,,,,,,,
_result,0,2026-07-31 21:37:43.154390+00:00,2026-08-01 05:23:08.946824+00:00,2026-08-01 03:32:51.700977+00:00,security_metrics,ml_engine,4bc7d549,-0.95,,1,,,,,,,
_result,0,2026-07-31 21:37:43.154390+00:00,2026-08-01 05:23:08.946824+00:00,2026-08-01 03:36:12.046770+00:00,security_metrics,ml_engine,4bc7d549,-1.0,,1,,,,,,,
_result,0,2026-07-31 21:37:43.154390+00:00,2026-08-01 05:23:08.946824+00:00,2026-08-01 03:36:12.048153+00:00,security_metrics,ml_engine,4bc7d549,-1.0,,1,,,,,,,
_result,0,2026-07-31 21:37:43.154390+00:00,2026-08-01 05:23:08.946824+00:00,2026-08-01 03:36:28.749388+00:00,security_metrics,ml_engine,4bc7d549,-1.0,,1,,,,,,,
_result,0,2026-07-31 21:37:43.154390+00:00,2026-08-01 05:23:08.946824+00:00,2026-08-01 03:36:28.750802+00:00,security_metrics,ml_engine,4bc7d549,-1.0,,1,,,,,,,
_result,0,2026-07-31 21:37:43.154390+00:00,2026-08-01 05:23:08.946824+00:00,2026-08-01 03:43:27.081438+00:00,security_metrics,ml_engine,4bc7d549,-1.0,,1,,,,,,,
_result,0,2026-07-31 21:37:43.154390+00:00,2026-08-01 05:23:08.946824+00:00,2026-08-01 03:43:43.788424+00:00,security_metrics,ml_engine,4bc7d549,-1.0,,1,,,,,,,
_result,0,2026-07-31 21:37:43.154390+00:00,2026-08-01 05:23:08.946824+00:00,2026-08-01 03:43:43.789952+00:00,security_metrics,ml_engine,4bc7d549,-1.0,,1,,,,,,,
_result,0,2026-07-31 21:37:43.154390+00:00,2026-08-01 05:23:08.946824+00:00,2026-08-01 03:43:43.791453+00:00,security_metrics,ml_engine,4bc7d549,-1.0,,1,,,,,,,
_result,0,2026-07-31 21:37:43.154390+00:00,2026-08-01 05:23:08.946824+00:00,2026-08-01 03:43:43.792902+00:00,security_metrics,ml_engine,4bc7d549,-1.0,,1,,,,,,,
_result,0,2026-07-31 21:37:43.154390+00:00,2026-08-01 05:23:08.946824+00:00,2026-08-01 03:44:00.505150+00:00,security_metrics,ml_engine,4bc7d549,-1.0,,1,,,,,,,
_result,0,2026-07-31 21:37:43.154390+00:00,2026-08-01 05:23:08.946824+00:00,2026-08-01 03:44:00.506551+00:00,security_metrics,ml_engine,4bc7d549,-1.0,,1,,,,,,,
_result,0,2026-07-31 21:37:43.154390+00:00,2026-08-01 05:23:08.946824+00:00,2026-08-01 03:44:00.507928+00:00,security_metrics,ml_engine,4bc7d549,-1.0,,1,,,,,,,
_result,0,2026-07-31 21:37:43.154390+00:00,2026-08-01 05:23:08.946824+00:00,2026-08-01 03:44:00.509218+00:00,security_metrics,ml_engine,4bc7d549,-1.0,,1,,,,,,,
_result,0,2026-07-31 21:37:43.154390+00:00,2026-08-01 05:23:08.946824+00:00,2026-08-01 03:44:17.316111+00:00,security_metrics,ml_engine,4bc7d549,-1.0,,1,,,,,,,
_result,0,2026-07-31 21:37:43.154390+00:00,2026-08-01 05:23:08.946824+00:00,2026-08-01 03:44:17.364086+00:00,security_metrics,ml_engine,4bc7d549,-0.95,,1,,,,,,,
_result,0,2026-07-31 21:37:43.154390+00:00,2026-08-01 05:23:08.946824+00:00,2026-08-01 04:00:26.844156+00:00,security_metrics,ml_engine,4bc7d549,-1.0,,1,,,,,,,
_result,0,2026-07-31 21:37:43.154390+00:00,2026-08-01 05:23:08.946824+00:00,2026-08-01 04:00:43.584199+00:00,security_metrics,ml_engine,4bc7d549,-0.95,,1,,,,,,,
_result,0,2026-07-31 21:37:43.154390+00:00,2026-08-01 05:23:08.946824+00:00,2026-08-01 04:02:56.941899+00:00,security_metrics,ml_engine,4bc7d549,-0.95,,1,,,,,,,
_result,0,2026-07-31 21:37:43.154390+00:00,2026-08-01 05:23:08.946824+00:00,2026-08-01 04:05:10.255243+00:00,security_metrics,ml_engine,4bc7d549,-0.95,,1,,,,,,,
_result,0,2026-07-31 21:37:43.154390+00:00,2026-08-01 05:23:08.946824+00:00,2026-08-01 04:08:30.334980+00:00,security_metrics,ml_engine,4bc7d549,-0.95,,1,,,,,,,
_result,0,2026-07-31 21:37:43.154390+00:00,2026-08-01 05:23:08.946824+00:00,2026-08-01 04:16:51.587410+00:00,security_metrics,ml_engine,4bc7d549,-1.0,,1,,,,,,,
_result,0,2026-07-31 21:37:43.154390+00:00,2026-08-01 05:23:08.946824+00:00,2026-08-01 04:17:08.358408+00:00,security_metrics,ml_engine,4bc7d549,-1.0,,1,,,,,,,
_result,0,2026-07-31 21:37:43.154390+00:00,2026-08-01 05:23:08.946824+00:00,2026-08-01 04:17:25.047894+00:00,security_metrics,ml_engine,4bc7d549,-1.0,,1,,,,,,,
_result,0,2026-07-31 21:37:43.154390+00:00,2026-08-01 05:23:08.946824+00:00,2026-08-01 04:17:25.049267+00:00,security_metrics,ml_engine,4bc7d549,-1.0,,1,,,,,,,
_result,0,2026-07-31 21:37:43.154390+00:00,2026-08-01 05:23:08.946824+00:00,2026-08-01 04:23:49.581411+00:00,security_metrics,ml_engine,4bc7d549,-1.0,,1,,,,,,,
_result,0,2026-07-31 21:37:43.154390+00:00,2026-08-01 05:23:08.946824+00:00,2026-08-01 04:23:49.582857+00:00,security_metrics,ml_engine,4bc7d549,-1.0,,1,,,,,,,
_result,0,2026-07-31 21:37:43.154390+00:00,2026-08-01 05:23:08.946824+00:00,2026-08-01 04:24:06.292116+00:00,security_metrics,ml_engine,4bc7d549,-1.0,,1,,,,,,,
_result,0,2026-07-31 21:37:43.154390+00:00,2026-08-01 05:23:08.946824+00:00,2026-08-01 04:24:06.293573+00:00,security_metrics,ml_engine,4bc7d549,-1.0,,1,,,,,,,
_result,0,2026-07-31 21:37:43.154390+00:00,2026-08-01 05:23:08.946824+00:00,2026-08-01 04:32:44.767273+00:00,security_metrics,ml_engine,4bc7d549,-1.0,,1,,,,,,,
_result,0,2026-07-31 21:37:43.154390+00:00,2026-08-01 05:23:08.946824+00:00,2026-08-01 04:32:44.768871+00:00,security_metrics,ml_engine,4bc7d549,-1.0,,1,,,,,,,
_result,0,2026-07-31 21:37:43.154390+00:00,2026-08-01 05:23:08.946824+00:00,2026-08-01 04:32:44.770411+00:00,security_metrics,ml_engine,4bc7d549,-1.0,,1,,,,,,,
_result,0,2026-07-31 21:37:43.154390+00:00,2026-08-01 05:23:08.946824+00:00,2026-08-01 04:33:01.458985+00:00,security_metrics,ml_engine,4bc7d549,-1.0,,1,,,,,,,
_result,0,2026-07-31 21:37:43.154390+00:00,2026-08-01 05:23:08.946824+00:00,2026-08-01 04:33:01.460514+00:00,security_metrics,ml_engine,4bc7d549,-1.0,,1,,,,,,,
_result,0,2026-07-31 21:37:43.154390+00:00,2026-08-01 05:23:08.946824+00:00,2026-08-01 04:33:01.461846+00:00,security_metrics,ml_engine,4bc7d549,-1.0,,1,,,,,,,
_result,0,2026-07-31 21:37:43.154390+00:00,2026-08-01 05:23:08.946824+00:00,2026-08-01 04:33:18.167075+00:00,security_metrics,ml_engine,4bc7d549,-1.0,,1,,,,,,,
_result,0,2026-07-31 21:37:43.154390+00:00,2026-08-01 05:23:08.946824+00:00,2026-08-01 04:33:18.168475+00:00,security_metrics,ml_engine,4bc7d549,-1.0,,1,,,,,,,
_result,0,2026-07-31 21:37:43.154390+00:00,2026-08-01 05:23:08.946824+00:00,2026-08-01 04:33:18.169801+00:00,security_metrics,ml_engine,4bc7d549,-1.0,,1,,,,,,,
_result,0,2026-07-31 21:37:43.154390+00:00,2026-08-01 05:23:08.946824+00:00,2026-08-01 04:33:34.865048+00:00,security_metrics,ml_engine,4bc7d549,-1.0,,1,,,,,,,
_result,0,2026-07-31 21:37:43.154390+00:00,2026-08-01 05:23:08.946824+00:00,2026-08-01 04:33:34.912087+00:00,security_metrics,ml_engine,4bc7d549,-0.95,,1,,,,,,,
_result,0,2026-07-31 21:37:43.154390+00:00,2026-08-01 05:23:08.946824+00:00,2026-08-01 04:41:06.162468+00:00,security_metrics,ml_engine,4bc7d549,-0.95,,1,,,,,,,
_result,0,2026-07-31 21:37:43.154390+00:00,2026-08-01 05:23:08.946824+00:00,2026-08-01 04:50:01.524002+00:00,security_metrics,ml_engine,4bc7d549,-1.0,,1,,,,,,,
_result,0,2026-07-31 21:37:43.154390+00:00,2026-08-01 05:23:08.946824+00:00,2026-08-01 04:50:18.258736+00:00,security_metrics,ml_engine,4bc7d549,-1.0,,1,,,,,,,
_result,0,2026-07-31 21:37:43.154390+00:00,2026-08-01 05:23:08.946824+00:00,2026-08-01 04:50:18.260149+00:00,security_metrics,ml_engine,4bc7d549,-1.0,,1,,,,,,,
_result,0,2026-07-31 21:37:43.154390+00:00,2026-08-01 05:23:08.946824+00:00,2026-08-01 04:50:18.261541+00:00,security_metrics,ml_engine,4bc7d549,-1.0,,1,,,,,,,
_result,0,2026-07-31 21:37:43.154390+00:00,2026-08-01 05:23:08.946824+00:00,2026-08-01 04:57:50.443988+00:00,security_metrics,ml_engine,4bc7d549,-1.0,,1,,,,,,,
_result,0,2026-07-31 21:37:43.154390+00:00,2026-08-01 05:23:08.946824+00:00,2026-08-01 04:57:50.445541+00:00,security_metrics,ml_engine,4bc7d549,-1.0,,1,,,,,,,
_result,0,2026-07-31 21:37:43.154390+00:00,2026-08-01 05:23:08.946824+00:00,2026-08-01 04:58:07.164710+00:00,security_metrics,ml_engine,4bc7d549,-1.0,,1,,,,,,,
_result,0,2026-07-31 21:37:43.154390+00:00,2026-08-01 05:23:08.946824+00:00,2026-08-01 04:58:07.166291+00:00,security_metrics,ml_engine,4bc7d549,-1.0,,1,,,,,,,
_result,0,2026-07-31 21:37:43.154390+00:00,2026-08-01 05:23:08.946824+00:00,2026-08-01 05:04:49.202063+00:00,security_metrics,ml_engine,4bc7d549,-0.95,,1,,,,,,,
_result,0,2026-07-31 21:37:43.154390+00:00,2026-08-01 05:23:08.946824+00:00,2026-08-01 05:18:13.348329+00:00,security_metrics,ml_engine,4bc7d549,-1.0,,1,,,,,,,
_result,0,2026-07-31 21:37:43.154390+00:00,2026-08-01 05:23:08.946824+00:00,2026-08-01 05:18:30.129002+00:00,security_metrics,ml_engine,4bc7d549,-0.95,,1,,,,,,,
_result,0,2026-07-31 21:37:43.154390+00:00,2026-08-01 05:23:08.946824+00:00,2026-08-01 05:20:43.920993+00:00,security_metrics,ml_engine,4bc7d549,-0.95,,1,,,,,,,
_result,0,2026-07-31 21:37:43.154390+00:00,2026-08-01 05:23:08.946824+00:00,2026-08-01 05:22:57.544779+00:00,security_metrics,ml_engine,4bc7d549,-0.95,,1,,,,,,,
_result,1,2026-07-31 21:37:43.154390+00:00,2026-08-01 05:23:08.946824+00:00,2026-07-31 22:44:26.695874+00:00,security_metrics,ml_engine,4bc7d549,-0.5,0.19080514558855882,1,0.1453801691532135,Stage 2 - ICS Impact,Damage to Property,T0828,Loss of Safety,Modbus,Level 2
_result,1,2026-07-31 21:37:43.154390+00:00,2026-08-01 05:23:08.946824+00:00,2026-07-31 23:36:29.540804+00:00,security_metrics,ml_engine,4bc7d549,-0.5,0.1760921545877399,1,0.07230822741985321,Stage 2 - ICS Impact,Damage to Property,T0828,Loss of Safety,Modbus,Level 2
_result,1,2026-07-31 21:37:43.154390+00:00,2026-08-01 05:23:08.946824+00:00,2026-07-31 23:36:46.223057+00:00,security_metrics,ml_engine,4bc7d549,-0.5,0.133948988115128,1,0.07206065207719803,Stage 2 - ICS Impact,Damage to Property,T0828,Loss of Safety,Modbus,Level 2
_result,1,2026-07-31 21:37:43.154390+00:00,2026-08-01 05:23:08.946824+00:00,2026-07-31 23:37:02.877029+00:00,security_metrics,ml_engine,4bc7d549,-0.5,0.06526263428797707,1,0.1156260296702385,Stage 2 - ICS Impact,Damage to Property,T0828,Loss of Safety,Modbus,Level 2
_result,1,2026-07-31 21:37:43.154390+00:00,2026-08-01 05:23:08.946824+00:00,2026-07-31 23:37:19.625163+00:00,security_metrics,ml_engine,4bc7d549,-0.5,0.08537122931286645,1,0.1460205614566803,Stage 2 - ICS Impact,Damage to Property,T0828,Loss of Safety,Modbus,Level 2
_result,1,2026-07-31 21:37:43.154390+00:00,2026-08-01 05:23:08.946824+00:00,2026-07-31 23:37:36.268618+00:00,security_metrics,ml_engine,4bc7d549,-0.5,0.04305801285183053,1,0.07703795284032822,Stage 2 - ICS Impact,Damage to Property,T0828,Loss of Safety,Modbus,Level 2
_result,1,2026-07-31 21:37:43.154390+00:00,2026-08-01 05:23:08.946824+00:00,2026-07-31 23:37:52.904183+00:00,security_metrics,ml_engine,4bc7d549,-0.5,0.08061296274832197,1,2.5153211026918143e-05,Stage 2 - ICS Impact,Damage to Property,T0828,Loss of Safety,Modbus,Level 2
_result,1,2026-07-31 21:37:43.154390+00:00,2026-08-01 05:23:08.946824+00:00,2026-07-31 23:38:09.536313+00:00,security_metrics,ml_engine,4bc7d549,-0.5,0.17316123938498834,1,1.798625999072101e-05,Stage 2 - ICS Impact,Damage to Property,T0828,Loss of Safety,Modbus,Level 2
_result,1,2026-07-31 21:37:43.154390+00:00,2026-08-01 05:23:08.946824+00:00,2026-07-31 23:38:26.263808+00:00,security_metrics,ml_engine,4bc7d549,-0.5,0.15515570262776496,1,3.574516449589282e-05,Stage 2 - ICS Impact,Damage to Property,T0828,Loss of Safety,Modbus,Level 2
_result,1,2026-07-31 21:37:43.154390+00:00,2026-08-01 05:23:08.946824+00:00,2026-07-31 23:38:42.882899+00:00,security_metrics,ml_engine,4bc7d549,-0.5,0.037804366161892866,1,0.00028859867597930133,Stage 2 - ICS Impact,Damage to Property,T0828,Loss of Safety,Modbus,Level 2
_result,1,2026-07-31 21:37:43.154390+00:00,2026-08-01 05:23:08.946824+00:00,2026-07-31 23:38:59.557320+00:00,security_metrics,ml_engine,4bc7d549,-0.5,0.13863587442616226,1,0.0007477132021449506,Stage 2 - ICS Impact,Damage to Property,T0828,Loss of Safety,Modbus,Level 2
_result,1,2026-07-31 21:37:43.154390+00:00,2026-08-01 05:23:08.946824+00:00,2026-07-31 23:39:16.283482+00:00,security_metrics,ml_engine,4bc7d549,-0.5,0.1764717271779669,1,2.2107313270680606e-05,Stage 2 - ICS Impact,Damage to Property,T0828,Loss of Safety,Modbus,Level 2
_result,1,2026-07-31 21:37:43.154390+00:00,2026-08-01 05:23:08.946824+00:00,2026-07-31 23:39:32.908191+00:00,security_metrics,ml_engine,4bc7d549,-0.5,0.16411993761142224,1,2.4642124117235653e-05,Stage 2 - ICS Impact,Damage to Property,T0828,Loss of Safety,Modbus,Level 2
_result,1,2026-07-31 21:37:43.154390+00:00,2026-08-01 05:23:08.946824+00:00,2026-07-31 23:39:49.548645+00:00,security_metrics,ml_engine,4bc7d549,-0.5,0.15496913818629643,1,1.5291827367036603e-05,Stage 2 - ICS Impact,Damage to Property,T0828,Loss of Safety,Modbus,Level 2
_result,1,2026-07-31 21:37:43.154390+00:00,2026-08-01 05:23:08.946824+00:00,2026-07-31 23:40:06.284300+00:00,security_metrics,ml_engine,4bc7d549,-0.5,0.1737452525076728,1,3.16479017783422e-05,Stage 2 - ICS Impact,Damage to Property,T0828,Loss of Safety,Modbus,Level 2
_result,1,2026-07-31 21:37:43.154390+00:00,2026-08-01 05:23:08.946824+00:00,2026-07-31 23:40:22.909487+00:00,security_metrics,ml_engine,4bc7d549,-0.5,0.048497804499642805,1,1.7364569430355914e-05,Stage 2 - ICS Impact,Damage to Property,T0828,Loss of Safety,Modbus,Level 2
_result,1,2026-07-31 21:37:43.154390+00:00,2026-08-01 05:23:08.946824+00:00,2026-07-31 23:40:39.546082+00:00,security_metrics,ml_engine,4bc7d549,-0.5,0.13742233951296617,1,1.8071905287797563e-05,Stage 2 - ICS Impact,Damage to Property,T0828,Loss of Safety,Modbus,Level 2
_result,1,2026-07-31 21:37:43.154390+00:00,2026-08-01 05:23:08.946824+00:00,2026-07-31 23:40:56.176304+00:00,security_metrics,ml_engine,4bc7d549,-0.5,-0.020331988222838437,1,0.004825568292289972,Stage 2 - ICS Impact,Damage to Property,T0828,Loss of Safety,Modbus,Level 2
_result,1,2026-07-31 21:37:43.154390+00:00,2026-08-01 05:23:08.946824+00:00,2026-07-31 23:41:12.970662+00:00,security_metrics,ml_engine,4bc7d549,-0.5,0.16380922663065278,1,0.0007015126175247133,Stage 2 - ICS Impact,Damage to Property,T0828,Loss of Safety,Modbus,Level 2
_result,1,2026-07-31 21:37:43.154390+00:00,2026-08-01 05:23:08.946824+00:00,2026-07-31 23:41:29.583986+00:00,security_metrics,ml_engine,4bc7d549,-0.5,0.1908788981496115,1,2.220025817223359e-05,Stage 2 - ICS Impact,Damage to Property,T0828,Loss of Safety,Modbus,Level 2
_result,1,2026-07-31 21:37:43.154390+00:00,2026-08-01 05:23:08.946824+00:00,2026-07-31 23:41:46.217555+00:00,security_metrics,ml_engine,4bc7d549,-0.5,0.15417750906873257,1,2.3007965864962898e-05,Stage 2 - ICS Impact,Damage to Property,T0828,Loss of Safety,Modbus,Level 2
_result,1,2026-07-31 21:37:43.154390+00:00,2026-08-01 05:23:08.946824+00:00,2026-07-31 23:42:02.945026+00:00,security_metrics,ml_engine,4bc7d549,-0.5,0.16831423883008306,1,1.885528035927564e-05,Stage 2 - ICS Impact,Damage to Property,T0828,Loss of Safety,Modbus,Level 2
_result,1,2026-07-31 21:37:43.154390+00:00,2026-08-01 05:23:08.946824+00:00,2026-07-31 23:42:19.574985+00:00,security_metrics,ml_engine,4bc7d549,-0.5,0.1769925921284779,1,2.2208412701729685e-05,Stage 2 - ICS Impact,Damage to Property,T0828,Loss of Safety,Modbus,Level 2
_result,1,2026-07-31 21:37:43.154390+00:00,2026-08-01 05:23:08.946824+00:00,2026-07-31 23:42:36.231216+00:00,security_metrics,ml_engine,4bc7d549,-0.5,0.14458198096625963,1,1.8477732737665065e-05,Stage 2 - ICS Impact,Damage to Property,T0828,Loss of Safety,Modbus,Level 2
_result,1,2026-07-31 21:37:43.154390+00:00,2026-08-01 05:23:08.946824+00:00,2026-07-31 23:42:52.978867+00:00,security_metrics,ml_engine,4bc7d549,-0.5,0.16557032243510855,1,1.8996397557202727e-05,Stage 2 - ICS Impact,Damage to Property,T0828,Loss of Safety,Modbus,Level 2
_result,1,2026-07-31 21:37:43.154390+00:00,2026-08-01 05:23:08.946824+00:00,2026-07-31 23:43:09.615174+00:00,security_metrics,ml_engine,4bc7d549,-0.5,0.16738694130222448,1,2.149029569409322e-05,Stage 2 - ICS Impact,Damage to Property,T0828,Loss of Safety,Modbus,Level 2
_result,1,2026-07-31 21:37:43.154390+00:00,2026-08-01 05:23:08.946824+00:00,2026-07-31 23:43:26.318541+00:00,security_metrics,ml_engine,4bc7d549,-0.5,0.19087493528494626,1,1.624216565687675e-05,Stage 2 - ICS Impact,Damage to Property,T0828,Loss of Safety,Modbus,Level 2
_result,1,2026-07-31 21:37:43.154390+00:00,2026-08-01 05:23:08.946824+00:00,2026-07-31 23:43:42.960918+00:00,security_metrics,ml_engine,4bc7d549,-0.5,0.1508339082520696,1,1.9734334273380227e-05,Stage 2 - ICS Impact,Damage to Property,T0828,Loss of Safety,Modbus,Level 2
_result,1,2026-07-31 21:37:43.154390+00:00,2026-08-01 05:23:08.946824+00:00,2026-07-31 23:43:59.706001+00:00,security_metrics,ml_engine,4bc7d549,-0.5,0.13530473135571297,1,2.57722149399342e-05,Stage 2 - ICS Impact,Damage to Property,T0828,Loss of Safety,Modbus,Level 2
_result,1,2026-07-31 21:37:43.154390+00:00,2026-08-01 05:23:08.946824+00:00,2026-07-31 23:44:16.338926+00:00,security_metrics,ml_engine,4bc7d549,-0.5,0.17379349929735738,1,2.3955337383085862e-05,Stage 2 - ICS Impact,Damage to Property,T0828,Loss of Safety,Modbus,Level 2
_result,1,2026-07-31 21:37:43.154390+00:00,2026-08-01 05:23:08.946824+00:00,2026-07-31 23:44:32.973507+00:00,security_metrics,ml_engine,4bc7d549,-0.5,0.1737452525076728,1,2.9295310014276765e-05,Stage 2 - ICS Impact,Damage to Property,T0828,Loss of Safety,Modbus,Level 2
_result,1,2026-07-31 21:37:43.154390+00:00,2026-08-01 05:23:08.946824+00:00,2026-07-31 23:44:49.726230+00:00,security_metrics,ml_engine,4bc7d549,-0.5,0.12312972007978096,1,2.3312824851018377e-05,Stage 2 - ICS Impact,Damage to Property,T0828,Loss of Safety,Modbus,Level 2
_result,1,2026-07-31 21:37:43.154390+00:00,2026-08-01 05:23:08.946824+00:00,2026-07-31 23:45:06.375003+00:00,security_metrics,ml_engine,4bc7d549,-0.5,0.1621817258574435,1,1.6268561012111604e-05,Stage 2 - ICS Impact,Damage to Property,T0828,Loss of Safety,Modbus,Level 2
_result,1,2026-07-31 21:37:43.154390+00:00,2026-08-01 05:23:08.946824+00:00,2026-07-31 23:45:23.048952+00:00,security_metrics,ml_engine,4bc7d549,-0.5,0.11741966248643321,1,1.8051643564831465e-05,Stage 2 - ICS Impact,Damage to Property,T0828,Loss of Safety,Modbus,Level 2
_result,1,2026-07-31 21:37:43.154390+00:00,2026-08-01 05:23:08.946824+00:00,2026-07-31 23:45:39.719717+00:00,security_metrics,ml_engine,4bc7d549,-0.5,0.14499696224154335,1,2.0999670596211217e-05,Stage 2 - ICS Impact,Damage to Property,T0828,Loss of Safety,Modbus,Level 2
_result,1,2026-07-31 21:37:43.154390+00:00,2026-08-01 05:23:08.946824+00:00,2026-07-31 23:45:56.508922+00:00,security_metrics,ml_engine,4bc7d549,-0.5,0.13002211861406138,1,1.9782846720772795e-05,Stage 2 - ICS Impact,Damage to Property,T0828,Loss of Safety,Modbus,Level 2
_result,1,2026-07-31 21:37:43.154390+00:00,2026-08-01 05:23:08.946824+00:00,2026-07-31 23:46:13.180327+00:00,security_metrics,ml_engine,4bc7d549,-0.5,0.14499696224154335,1,2.285836308146827e-05,Stage 2 - ICS Impact,Damage to Property,T0828,Loss of Safety,Modbus,Level 2
_result,1,2026-07-31 21:37:43.154390+00:00,2026-08-01 05:23:08.946824+00:00,2026-07-31 23:46:29.840239+00:00,security_metrics,ml_engine,4bc7d549,-0.5,0.1597861650210124,1,2.346857036172878e-05,Stage 2 - ICS Impact,Damage to Property,T0828,Loss of Safety,Modbus,Level 2
_result,1,2026-07-31 21:37:43.154390+00:00,2026-08-01 05:23:08.946824+00:00,2026-07-31 23:46:46.637657+00:00,security_metrics,ml_engine,4bc7d549,-0.5,0.17181259743962923,1,2.2146869014250115e-05,Stage 2 - ICS Impact,Damage to Property,T0828,Loss of Safety,Modbus,Level 2
_result,1,2026-07-31 21:37:43.154390+00:00,2026-08-01 05:23:08.946824+00:00,2026-07-31 23:47:03.331078+00:00,security_metrics,ml_engine,4bc7d549,-0.5,0.1610168861889401,1,1.8200984413851984e-05,Stage 2 - ICS Impact,Damage to Property,T0828,Loss of Safety,Modbus,Level 2
_result,1,2026-07-31 21:37:43.154390+00:00,2026-08-01 05:23:08.946824+00:00,2026-07-31 23:47:20.000298+00:00,security_metrics,ml_engine,4bc7d549,-0.5,0.12312972007978096,1,1.7484826457803138e-05,Stage 2 - ICS Impact,Damage to Property,T0828,Loss of Safety,Modbus,Level 2
_result,1,2026-07-31 21:37:43.154390+00:00,2026-08-01 05:23:08.946824+00:00,2026-07-31 23:47:36.781694+00:00,security_metrics,ml_engine,4bc7d549,-0.5,0.03544612039998318,1,1.687066105660051e-05,Stage 2 - ICS Impact,Damage to Property,T0828,Loss of Safety,Modbus,Level 2
_result,1,2026-07-31 21:37:43.154390+00:00,2026-08-01 05:23:08.946824+00:00,2026-07-31 23:47:53.467827+00:00,security_metrics,ml_engine,4bc7d549,-0.5,0.10916029915339165,1,2.27225391427055e-05,Stage 2 - ICS Impact,Damage to Property,T0828,Loss of Safety,Modbus,Level 2
_result,1,2026-07-31 21:37:43.154390+00:00,2026-08-01 05:23:08.946824+00:00,2026-07-31 23:48:10.142552+00:00,security_metrics,ml_engine,4bc7d549,-0.5,0.1511823998346815,1,2.087361463054549e-05,Stage 2 - ICS Impact,Damage to Property,T0828,Loss of Safety,Modbus,Level 2
_result,1,2026-07-31 21:37:43.154390+00:00,2026-08-01 05:23:08.946824+00:00,2026-07-31 23:48:26.934534+00:00,security_metrics,ml_engine,4bc7d549,-0.5,0.13465154092494253,1,3.023485442099627e-05,Stage 2 - ICS Impact,Damage to Property,T0828,Loss of Safety,Modbus,Level 2
_result,1,2026-07-31 21:37:43.154390+00:00,2026-08-01 05:23:08.946824+00:00,2026-07-31 23:48:43.617161+00:00,security_metrics,ml_engine,4bc7d549,-0.5,0.16260696929592205,1,2.2712229110766202e-05,Stage 2 - ICS Impact,Damage to Property,T0828,Loss of Safety,Modbus,Level 2
_result,1,2026-07-31 21:37:43.154390+00:00,2026-08-01 05:23:08.946824+00:00,2026-07-31 23:49:00.303453+00:00,security_metrics,ml_engine,4bc7d549,-0.5,0.1678416863703549,1,1.5630766938556917e-05,Stage 2 - ICS Impact,Damage to Property,T0828,Loss of Safety,Modbus,Level 2
_result,1,2026-07-31 21:37:43.154390+00:00,2026-08-01 05:23:08.946824+00:00,2026-07-31 23:49:16.980795+00:00,security_metrics,ml_engine,4bc7d549,-0.5,0.19267056865907928,1,1.9421620891080238e-05,Stage 2 - ICS Impact,Damage to Property,T0828,Loss of Safety,Modbus,Level 2
_result,1,2026-07-31 21:37:43.154390+00:00,2026-08-01 05:23:08.946824+00:00,2026-07-31 23:49:33.754988+00:00,security_metrics,ml_engine,4bc7d549,-0.5,0.13255456058986104,1,2.3677985154790804e-05,Stage 2 - ICS Impact,Damage to Property,T0828,Loss of Safety,Modbus,Level 2
_result,1,2026-07-31 21:37:43.154390+00:00,2026-08-01 05:23:08.946824+00:00,2026-07-31 23:49:50.424056+00:00,security_metrics,ml_engine,4bc7d549,-0.5,0.18100111991029832,1,2.3156495444709435e-05,Stage 2 - ICS Impact,Damage to Property,T0828,Loss of Safety,Modbus,Level 2
_result,1,2026-07-31 21:37:43.154390+00:00,2026-08-01 05:23:08.946824+00:00,2026-07-31 23:50:07.114721+00:00,security_metrics,ml_engine,4bc7d549,-0.5,0.18529654648893817,1,1.6433512428193353e-05,Stage 2 - ICS Impact,Damage to Property,T0828,Loss of Safety,Modbus,Level 2
_result,1,2026-07-31 21:37:43.154390+00:00,2026-08-01 05:23:08.946824+00:00,2026-07-31 23:50:23.911984+00:00,security_metrics,ml_engine,4bc7d549,-0.5,0.16260696929592205,1,2.5238599846488796e-05,Stage 2 - ICS Impact,Damage to Property,T0828,Loss of Safety,Modbus,Level 2
_result,1,2026-07-31 21:37:43.154390+00:00,2026-08-01 05:23:08.946824+00:00,2026-07-31 23:50:40.570782+00:00,security_metrics,ml_engine,4bc7d549,-0.5,0.1661161717398128,1,2.1908508642809466e-05,Stage 2 - ICS Impact,Damage to Property,T0828,Loss of Safety,Modbus,Level 2
_result,1,2026-07-31 21:37:43.154390+00:00,2026-08-01 05:23:08.946824+00:00,2026-07-31 23:50:57.237508+00:00,security_metrics,ml_engine,4bc7d549,-0.5,0.04232879223980024,1,2.2837908545625396e-05,Stage 2 - ICS Impact,Damage to Property,T0828,Loss of Safety,Modbus,Level 2
_result,1,2026-07-31 21:37:43.154390+00:00,2026-08-01 05:23:08.946824+00:00,2026-07-31 23:51:13.906794+00:00,security_metrics,ml_engine,4bc7d549,-0.5,0.16829799513729382,1,2.708843931031879e-05,Stage 2 - ICS Impact,Damage to Property,T0828,Loss of Safety,Modbus,Level 2
_result,1,2026-07-31 21:37:43.154390+00:00,2026-08-01 05:23:08.946824+00:00,2026-07-31 23:51:30.669719+00:00,security_metrics,ml_engine,4bc7d549,-0.5,0.15515570262776496,1,2.428076186333783e-05,Stage 2 - ICS Impact,Damage to Property,T0828,Loss of Safety,Modbus,Level 2
_result,1,2026-07-31 21:37:43.154390+00:00,2026-08-01 05:23:08.946824+00:00,2026-07-31 23:51:47.352401+00:00,security_metrics,ml_engine,4bc7d549,-0.5,0.13189764618425975,1,1.9996310584247112e-05,Stage 2 - ICS Impact,Damage to Property,T0828,Loss of Safety,Modbus,Level 2
_result,1,2026-07-31 21:37:43.154390+00:00,2026-08-01 05:23:08.946824+00:00,2026-07-31 23:52:04.042599+00:00,security_metrics,ml_engine,4bc7d549,-0.5,0.13563099526578554,1,2.5274304789490998e-05,Stage 2 - ICS Impact,Damage to Property,T0828,Loss of Safety,Modbus,Level 2
_result,1,2026-07-31 21:37:43.154390+00:00,2026-08-01 05:23:08.946824+00:00,2026-07-31 23:52:20.834732+00:00,security_metrics,ml_engine,4bc7d549,-0.5,0.18856773916337155,1,1.8211325368611142e-05,Stage 2 - ICS Impact,Damage to Property,T0828,Loss of Safety,Modbus,Level 2
_result,1,2026-07-31 21:37:43.154390+00:00,2026-08-01 05:23:08.946824+00:00,2026-07-31 23:52:37.520461+00:00,security_metrics,ml_engine,4bc7d549,-0.5,0.1811488232974785,1,2.518665132811293e-05,Stage 2 - ICS Impact,Damage to Property,T0828,Loss of Safety,Modbus,Level 2
_result,1,2026-07-31 21:37:43.154390+00:00,2026-08-01 05:23:08.946824+00:00,2026-07-31 23:52:54.179254+00:00,security_metrics,ml_engine,4bc7d549,-0.5,0.10646312133207814,1,2.7367872462491505e-05,Stage 2 - ICS Impact,Damage to Property,T0828,Loss of Safety,Modbus,Level 2
_result,1,2026-07-31 21:37:43.154390+00:00,2026-08-01 05:23:08.946824+00:00,2026-07-31 23:53:10.952823+00:00,security_metrics,ml_engine,4bc7d549,-0.5,0.17693824532351632,1,2.630521521496121e-05,Stage 2 - ICS Impact,Damage to Property,T0828,Loss of Safety,Modbus,Level 2
_result,1,2026-07-31 21:37:43.154390+00:00,2026-08-01 05:23:08.946824+00:00,2026-07-31 23:53:27.616641+00:00,security_metrics,ml_engine,4bc7d549,-0.5,0.10577087680650754,1,2.1884619854972698e-05,Stage 2 - ICS Impact,Damage to Property,T0828,Loss of Safety,Modbus,Level 2
_result,1,2026-07-31 21:37:43.154390+00:00,2026-08-01 05:23:08.946824+00:00,2026-07-31 23:53:44.301819+00:00,security_metrics,ml_engine,4bc7d549,-0.5,0.15919599566948223,1,3.0156123102642596e-05,Stage 2 - ICS Impact,Damage to Property,T0828,Loss of Safety,Modbus,Level 2
_result,1,2026-07-31 21:37:43.154390+00:00,2026-08-01 05:23:08.946824+00:00,2026-07-31 23:54:01.098853+00:00,security_metrics,ml_engine,4bc7d549,-0.5,0.02504137762445946,1,0.0002906308218371123,Stage 2 - ICS Impact,Damage to Property,T0828,Loss of Safety,Modbus,Level 2
_result,1,2026-07-31 21:37:43.154390+00:00,2026-08-01 05:23:08.946824+00:00,2026-07-31 23:54:17.764778+00:00,security_metrics,ml_engine,4bc7d549,-0.5,0.12312972007978096,1,0.0007325440528802574,Stage 2 - ICS Impact,Damage to Property,T0828,Loss of Safety,Modbus,Level 2
_result,1,2026-07-31 21:37:43.154390+00:00,2026-08-01 05:23:08.946824+00:00,2026-07-31 23:54:34.437937+00:00,security_metrics,ml_engine,4bc7d549,-0.5,0.17502412515373755,1,0.00045540236169472337,Stage 2 - ICS Impact,Damage to Property,T0828,Loss of Safety,Modbus,Level 2
_result,1,2026-07-31 21:37:43.154390+00:00,2026-08-01 05:23:08.946824+00:00,2026-07-31 23:54:51.117559+00:00,security_metrics,ml_engine,4bc7d549,-0.5,0.18911742931367637,1,2.479321847204119e-05,Stage 2 - ICS Impact,Damage to Property,T0828,Loss of Safety,Modbus,Level 2
_result,1,2026-07-31 21:37:43.154390+00:00,2026-08-01 05:23:08.946824+00:00,2026-07-31 23:55:07.916577+00:00,security_metrics,ml_engine,4bc7d549,-0.5,0.12399605833691912,1,1.873036308097653e-05,Stage 2 - ICS Impact,Damage to Property,T0828,Loss of Safety,Modbus,Level 2
_result,1,2026-07-31 21:37:43.154390+00:00,2026-08-01 05:23:08.946824+00:00,2026-07-31 23:55:24.591106+00:00,security_metrics,ml_engine,4bc7d549,-0.5,0.11780505655888163,1,2.8200674933032133e-05,Stage 2 - ICS Impact,Damage to Property,T0828,Loss of Safety,Modbus,Level 2
_result,1,2026-07-31 21:37:43.154390+00:00,2026-08-01 05:23:08.946824+00:00,2026-07-31 23:55:41.255736+00:00,security_metrics,ml_engine,4bc7d549,-0.5,0.17969129806650003,1,2.3600456188432872e-05,Stage 2 - ICS Impact,Damage to Property,T0828,Loss of Safety,Modbus,Level 2
_result,1,2026-07-31 21:37:43.154390+00:00,2026-08-01 05:23:08.946824+00:00,2026-07-31 23:55:58.041030+00:00,security_metrics,ml_engine,4bc7d549,-0.5,0.16814594366745655,1,2.5759511117939837e-05,Stage 2 - ICS Impact,Damage to Property,T0828,Loss of Safety,Modbus,Level 2
_result,1,2026-07-31 21:37:43.154390+00:00,2026-08-01 05:23:08.946824+00:00,2026-07-31 23:56:14.705752+00:00,security_metrics,ml_engine,4bc7d549,-0.5,0.18257517500421522,1,2.6504443667363375e-05,Stage 2 - ICS Impact,Damage to Property,T0828,Loss of Safety,Modbus,Level 2
_result,1,2026-07-31 21:37:43.154390+00:00,2026-08-01 05:23:08.946824+00:00,2026-07-31 23:56:31.390214+00:00,security_metrics,ml_engine,4bc7d549,-0.5,0.15822472709211743,1,1.9110315406578593e-05,Stage 2 - ICS Impact,Damage to Property,T0828,Loss of Safety,Modbus,Level 2
_result,1,2026-07-31 21:37:43.154390+00:00,2026-08-01 05:23:08.946824+00:00,2026-07-31 23:56:48.160261+00:00,security_metrics,ml_engine,4bc7d549,-0.5,0.05981161229001064,1,0.00017669217777438462,Stage 2 - ICS Impact,Damage to Property,T0828,Loss of Safety,Modbus,Level 2
_result,1,2026-07-31 21:37:43.154390+00:00,2026-08-01 05:23:08.946824+00:00,2026-07-31 23:57:04.834186+00:00,security_metrics,ml_engine,4bc7d549,-0.5,0.1709932260203863,1,2.34859708143631e-05,Stage 2 - ICS Impact,Damage to Property,T0828,Loss of Safety,Modbus,Level 2
_result,1,2026-07-31 21:37:43.154390+00:00,2026-08-01 05:23:08.946824+00:00,2026-07-31 23:57:21.506502+00:00,security_metrics,ml_engine,4bc7d549,-0.5,0.11922835053204278,1,1.903771590150427e-05,Stage 2 - ICS Impact,Damage to Property,T0828,Loss of Safety,Modbus,Level 2
_result,1,2026-07-31 21:37:43.154390+00:00,2026-08-01 05:23:08.946824+00:00,2026-07-31 23:57:38.179678+00:00,security_metrics,ml_engine,4bc7d549,-0.5,0.11741966248643321,1,1.8060067304759286e-05,Stage 2 - ICS Impact,Damage to Property,T0828,Loss of Safety,Modbus,Level 2
_result,1,2026-07-31 21:37:43.154390+00:00,2026-08-01 05:23:08.946824+00:00,2026-07-31 23:57:54.972293+00:00,security_metrics,ml_engine,4bc7d549,-0.5,0.1765667527712781,1,2.0101591871934943e-05,Stage 2 - ICS Impact,Damage to Property,T0828,Loss of Safety,Modbus,Level 2
_result,1,2026-07-31 21:37:43.154390+00:00,2026-08-01 05:23:08.946824+00:00,2026-07-31 23:58:11.641465+00:00,security_metrics,ml_engine,4bc7d549,-0.5,0.17182584026380404,1,2.8579765057656914e-05,Stage 2 - ICS Impact,Damage to Property,T0828,Loss of Safety,Modbus,Level 2
_result,1,2026-07-31 21:37:43.154390+00:00,2026-08-01 05:23:08.946824+00:00,2026-07-31 23:58:28.319191+00:00,security_metrics,ml_engine,4bc7d549,-0.5,0.11360026257048561,1,2.2966531105339527e-05,Stage 2 - ICS Impact,Damage to Property,T0828,Loss of Safety,Modbus,Level 2
_result,1,2026-07-31 21:37:43.154390+00:00,2026-08-01 05:23:08.946824+00:00,2026-07-31 23:58:45.135625+00:00,security_metrics,ml_engine,4bc7d549,-0.5,0.1765667527712781,1,2.1155783542781137e-05,Stage 2 - ICS Impact,Damage to Property,T0828,Loss of Safety,Modbus,Level 2
_result,1,2026-07-31 21:37:43.154390+00:00,2026-08-01 05:23:08.946824+00:00,2026-08-01 01:32:11.346862+00:00,security_metrics,ml_engine,4bc7d549,-0.5,0.1425110574896682,1,0.07628137618303299,Stage 2 - ICS Impact,Damage to Property,T0828,Loss of Safety,Modbus,Level 2
_result,1,2026-07-31 21:37:43.154390+00:00,2026-08-01 05:23:08.946824+00:00,2026-08-01 01:32:28.025666+00:00,security_metrics,ml_engine,4bc7d549,-0.5,0.15481257689257655,1,2.2357353373081423e-05,Stage 2 - ICS Impact,Damage to Property,T0828,Loss of Safety,Modbus,Level 2
_result,1,2026-07-31 21:37:43.154390+00:00,2026-08-01 05:23:08.946824+00:00,2026-08-01 01:32:44.823221+00:00,security_metrics,ml_engine,4bc7d549,-0.5,0.1362440258406461,1,0.0007321924204006791,Stage 2 - ICS Impact,Damage to Property,T0828,Loss of Safety,Modbus,Level 2
_result,1,2026-07-31 21:37:43.154390+00:00,2026-08-01 05:23:08.946824+00:00,2026-08-01 01:33:01.507986+00:00,security_metrics,ml_engine,4bc7d549,-0.5,0.12312972007978096,1,2.3425942345056683e-05,Stage 2 - ICS Impact,Damage to Property,T0828,Loss of Safety,Modbus,Level 2
_result,1,2026-07-31 21:37:43.154390+00:00,2026-08-01 05:23:08.946824+00:00,2026-08-01 01:33:18.186276+00:00,security_metrics,ml_engine,4bc7d549,-0.5,0.16784371134648818,1,2.750285239017103e-05,Stage 2 - ICS Impact,Damage to Property,T0828,Loss of Safety,Modbus,Level 2
_result,1,2026-07-31 21:37:43.154390+00:00,2026-08-01 05:23:08.946824+00:00,2026-08-01 01:33:34.968740+00:00,security_metrics,ml_engine,4bc7d549,-0.5,0.11741966248643321,1,1.6557134586037137e-05,Stage 2 - ICS Impact,Damage to Property,T0828,Loss of Safety,Modbus,Level 2
_result,1,2026-07-31 21:37:43.154390+00:00,2026-08-01 05:23:08.946824+00:00,2026-08-01 01:33:51.652372+00:00,security_metrics,ml_engine,4bc7d549,-0.5,0.15895825629037863,1,1.7282218323089182e-05,Stage 2 - ICS Impact,Damage to Property,T0828,Loss of Safety,Modbus,Level 2
_result,1,2026-07-31 21:37:43.154390+00:00,2026-08-01 05:23:08.946824+00:00,2026-08-01 01:34:08.338025+00:00,security_metrics,ml_engine,4bc7d549,-0.5,0.16914537513090655,1,1.7515323634142987e-05,Stage 2 - ICS Impact,Damage to Property,T0828,Loss of Safety,Modbus,Level 2
_result,1,2026-07-31 21:37:43.154390+00:00,2026-08-01 05:23:08.946824+00:00,2026-08-01 01:34:25.068347+00:00,security_metrics,ml_engine,4bc7d549,-0.5,0.1700765873123516,1,2.104324994434137e-05,Stage 2 - ICS Impact,Damage to Property,T0828,Loss of Safety,Modbus,Level 2
_result,1,2026-07-31 21:37:43.154390+00:00,2026-08-01 05:23:08.946824+00:00,2026-08-01 01:34:41.848992+00:00,security_metrics,ml_engine,4bc7d549,-0.5,0.0956820009690591,1,2.103514088958036e-05,Stage 2 - ICS Impact,Damage to Property,T0828,Loss of Safety,Modbus,Level 2
_result,1,2026-07-31 21:37:43.154390+00:00,2026-08-01 05:23:08.946824+00:00,2026-08-01 01:34:58.509199+00:00,security_metrics,ml_engine,4bc7d549,-0.5,0.17181259743962923,1,2.395404953858815e-05,Stage 2 - ICS Impact,Damage to Property,T0828,Loss of Safety,Modbus,Level 2
_result,1,2026-07-31 21:37:43.154390+00:00,2026-08-01 05:23:08.946824+00:00,2026-08-01 01:35:15.189481+00:00,security_metrics,ml_engine,4bc7d549,-0.5,0.18729956258000552,1,1.9919185433536768e-05,Stage 2 - ICS Impact,Damage to Property,T0828,Loss of Safety,Modbus,Level 2
_result,1,2026-07-31 21:37:43.154390+00:00,2026-08-01 05:23:08.946824+00:00,2026-08-01 01:35:31.972657+00:00,security_metrics,ml_engine,4bc7d549,-0.5,0.1903204693073255,1,2.2363705284078605e-05,Stage 2 - ICS Impact,Damage to Property,T0828,Loss of Safety,Modbus,Level 2
_result,1,2026-07-31 21:37:43.154390+00:00,2026-08-01 05:23:08.946824+00:00,2026-08-01 01:35:48.654281+00:00,security_metrics,ml_engine,4bc7d549,-0.5,0.13863587442616226,1,1.8802818885887973e-05,Stage 2 - ICS Impact,Damage to Property,T0828,Loss of Safety,Modbus,Level 2
_result,1,2026-07-31 21:37:43.154390+00:00,2026-08-01 05:23:08.946824+00:00,2026-08-01 01:36:05.334491+00:00,security_metrics,ml_engine,4bc7d549,-0.5,0.14280804622394078,1,3.424442184041254e-05,Stage 2 - ICS Impact,Damage to Property,T0828,Loss of Safety,Modbus,Level 2
_result,1,2026-07-31 21:37:43.154390+00:00,2026-08-01 05:23:08.946824+00:00,2026-08-01 01:36:22.139418+00:00,security_metrics,ml_engine,4bc7d549,-0.5,0.15259903241502437,1,1.919378701131791e-05,Stage 2 - ICS Impact,Damage to Property,T0828,Loss of Safety,Modbus,Level 2
_result,1,2026-07-31 21:37:43.154390+00:00,2026-08-01 05:23:08.946824+00:00,2026-08-01 01:36:38.851347+00:00,security_metrics,ml_engine,4bc7d549,-0.5,0.15214343635082384,1,2.1742134777014144e-05,Stage 2 - ICS Impact,Damage to Property,T0828,Loss of Safety,Modbus,Level 2
_result,1,2026-07-31 21:37:43.154390+00:00,2026-08-01 05:23:08.946824+00:00,2026-08-01 01:36:55.515430+00:00,security_metrics,ml_engine,4bc7d549,-0.5,0.09162905027956925,1,2.1023965018684976e-05,Stage 2 - ICS Impact,Damage to Property,T0828,Loss of Safety,Modbus,Level 2
_result,1,2026-07-31 21:37:43.154390+00:00,2026-08-01 05:23:08.946824+00:00,2026-08-01 01:37:12.280278+00:00,security_metrics,ml_engine,4bc7d549,-0.5,0.14458198096625963,1,2.0456991478567943e-05,Stage 2 - ICS Impact,Damage to Property,T0828,Loss of Safety,Modbus,Level 2
_result,1,2026-07-31 21:37:43.154390+00:00,2026-08-01 05:23:08.946824+00:00,2026-08-01 01:37:28.953777+00:00,security_metrics,ml_engine,4bc7d549,-0.5,0.11741966248643321,1,2.247072734462563e-05,Stage 2 - ICS Impact,Damage to Property,T0828,Loss of Safety,Modbus,Level 2
_result,1,2026-07-31 21:37:43.154390+00:00,2026-08-01 05:23:08.946824+00:00,2026-08-01 01:37:45.613474+00:00,security_metrics,ml_engine,4bc7d549,-0.5,0.15953965876444737,1,1.536117633804679e-05,Stage 2 - ICS Impact,Damage to Property,T0828,Loss of Safety,Modbus,Level 2
_result,1,2026-07-31 21:37:43.154390+00:00,2026-08-01 05:23:08.946824+00:00,2026-08-01 01:38:02.273872+00:00,security_metrics,ml_engine,4bc7d549,-0.5,0.14831543940651248,1,1.647764838708099e-05,Stage 2 - ICS Impact,Damage to Property,T0828,Loss of Safety,Modbus,Level 2
_result,1,2026-07-31 21:37:43.154390+00:00,2026-08-01 05:23:08.946824+00:00,2026-08-01 01:38:19.058350+00:00,security_metrics,ml_engine,4bc7d549,-0.5,0.1351686450906976,1,1.8371250916970894e-05,Stage 2 - ICS Impact,Damage to Property,T0828,Loss of Safety,Modbus,Level 2
_result,1,2026-07-31 21:37:43.154390+00:00,2026-08-01 05:23:08.946824+00:00,2026-08-01 01:38:35.726412+00:00,security_metrics,ml_engine,4bc7d549,-0.5,0.1556427284959982,1,2.1050544091849588e-05,Stage 2 - ICS Impact,Damage to Property,T0828,Loss of Safety,Modbus,Level 2
_result,1,2026-07-31 21:37:43.154390+00:00,2026-08-01 05:23:08.946824+00:00,2026-08-01 01:38:52.449405+00:00,security_metrics,ml_engine,4bc7d549,-0.5,0.13459118291859812,1,1.807567969080992e-05,Stage 2 - ICS Impact,Damage to Property,T0828,Loss of Safety,Modbus,Level 2
_result,1,2026-07-31 21:37:43.154390+00:00,2026-08-01 05:23:08.946824+00:00,2026-08-01 01:39:09.239170+00:00,security_metrics,ml_engine,4bc7d549,-0.5,0.1510170709623081,1,1.9883935237885453e-05,Stage 2 - ICS Impact,Damage to Property,T0828,Loss of Safety,Modbus,Level 2
_result,1,2026-07-31 21:37:43.154390+00:00,2026-08-01 05:23:08.946824+00:00,2026-08-01 01:39:25.902325+00:00,security_metrics,ml_engine,4bc7d549,-0.5,0.16191307029086838,1,2.1785099306725897e-05,Stage 2 - ICS Impact,Damage to Property,T0828,Loss of Safety,Modbus,Level 2
_result,1,2026-07-31 21:37:43.154390+00:00,2026-08-01 05:23:08.946824+00:00,2026-08-01 01:39:42.583688+00:00,security_metrics,ml_engine,4bc7d549,-0.5,0.17090645124957415,1,2.1526506316149607e-05,Stage 2 - ICS Impact,Damage to Property,T0828,Loss of Safety,Modbus,Level 2
_result,1,2026-07-31 21:37:43.154390+00:00,2026-08-01 05:23:08.946824+00:00,2026-08-01 01:39:59.382700+00:00,security_metrics,ml_engine,4bc7d549,-0.5,0.14831543940651248,1,1.6773517927504145e-05,Stage 2 - ICS Impact,Damage to Property,T0828,Loss of Safety,Modbus,Level 2
_result,1,2026-07-31 21:37:43.154390+00:00,2026-08-01 05:23:08.946824+00:00,2026-08-01 01:40:16.081380+00:00,security_metrics,ml_engine,4bc7d549,-0.5,0.15404394795527948,1,3.748702147277072e-05,Stage 2 - ICS Impact,Damage to Property,T0828,Loss of Safety,Modbus,Level 2
_result,1,2026-07-31 21:37:43.154390+00:00,2026-08-01 05:23:08.946824+00:00,2026-08-01 01:40:32.746768+00:00,security_metrics,ml_engine,4bc7d549,-0.5,0.08560779216389558,1,1.9705137674463913e-05,Stage 2 - ICS Impact,Damage to Property,T0828,Loss of Safety,Modbus,Level 2
_result,1,2026-07-31 21:37:43.154390+00:00,2026-08-01 05:23:08.946824+00:00,2026-08-01 01:40:49.514570+00:00,security_metrics,ml_engine,4bc7d549,-0.5,0.06115811255897308,1,2.549896453274414e-05,Stage 2 - ICS Impact,Damage to Property,T0828,Loss of Safety,Modbus,Level 2
_result,1,2026-07-31 21:37:43.154390+00:00,2026-08-01 05:23:08.946824+00:00,2026-08-01 01:41:06.225977+00:00,security_metrics,ml_engine,4bc7d549,-0.5,0.1629515488310322,1,1.9837621948681772e-05,Stage 2 - ICS Impact,Damage to Property,T0828,Loss of Safety,Modbus,Level 2
_result,1,2026-07-31 21:37:43.154390+00:00,2026-08-01 05:23:08.946824+00:00,2026-08-01 01:41:22.943769+00:00,security_metrics,ml_engine,4bc7d549,-0.5,0.13255456058986104,1,0.0005247531225904822,Stage 2 - ICS Impact,Damage to Property,T0828,Loss of Safety,Modbus,Level 2
_result,1,2026-07-31 21:37:43.154390+00:00,2026-08-01 05:23:08.946824+00:00,2026-08-01 01:41:39.795153+00:00,security_metrics,ml_engine,4bc7d549,-0.5,0.1640294559629425,1,2.7233319997321814e-05,Stage 2 - ICS Impact,Damage to Property,T0828,Loss of Safety,Modbus,Level 2
_result,1,2026-07-31 21:37:43.154390+00:00,2026-08-01 05:23:08.946824+00:00,2026-08-01 01:41:56.511354+00:00,security_metrics,ml_engine,4bc7d549,-0.5,0.1425110574896682,1,1.6875637811608613e-05,Stage 2 - ICS Impact,Damage to Property,T0828,Loss of Safety,Modbus,Level 2
_result,1,2026-07-31 21:37:43.154390+00:00,2026-08-01 05:23:08.946824+00:00,2026-08-01 01:42:13.216727+00:00,security_metrics,ml_engine,4bc7d549,-0.5,0.15434257510427374,1,2.354547359573189e-05,Stage 2 - ICS Impact,Damage to Property,T0828,Loss of Safety,Modbus,Level 2
_result,1,2026-07-31 21:37:43.154390+00:00,2026-08-01 05:23:08.946824+00:00,2026-08-01 01:42:29.936270+00:00,security_metrics,ml_engine,4bc7d549,-0.5,0.047395359566975714,1,0.00039282283978536725,Stage 2 - ICS Impact,Damage to Property,T0828,Loss of Safety,Modbus,Level 2
_result,1,2026-07-31 21:37:43.154390+00:00,2026-08-01 05:23:08.946824+00:00,2026-08-01 01:42:46.749147+00:00,security_metrics,ml_engine,4bc7d549,-0.5,0.17573176789944678,1,2.5749886845005676e-05,Stage 2 - ICS Impact,Damage to Property,T0828,Loss of Safety,Modbus,Level 2
_result,1,2026-07-31 21:37:43.154390+00:00,2026-08-01 05:23:08.946824+00:00,2026-08-01 01:43:03.461874+00:00,security_metrics,ml_engine,4bc7d549,-0.5,0.11758887140781349,1,2.0528626919258386e-05,Stage 2 - ICS Impact,Damage to Property,T0828,Loss of Safety,Modbus,Level 2
_result,1,2026-07-31 21:37:43.154390+00:00,2026-08-01 05:23:08.946824+00:00,2026-08-01 01:43:20.191854+00:00,security_metrics,ml_engine,4bc7d549,-0.5,0.19414929180045998,1,1.6808220607344992e-05,Stage 2 - ICS Impact,Damage to Property,T0828,Loss of Safety,Modbus,Level 2
_result,1,2026-07-31 21:37:43.154390+00:00,2026-08-01 05:23:08.946824+00:00,2026-08-01 01:43:37.023102+00:00,security_metrics,ml_engine,4bc7d549,-0.5,0.1362440258406461,1,2.0963845599908382e-05,Stage 2 - ICS Impact,Damage to Property,T0828,Loss of Safety,Modbus,Level 2
_result,1,2026-07-31 21:37:43.154390+00:00,2026-08-01 05:23:08.946824+00:00,2026-08-01 01:43:53.748411+00:00,security_metrics,ml_engine,4bc7d549,-0.5,0.04783244194160907,1,0.004787181504070759,Stage 2 - ICS Impact,Damage to Property,T0828,Loss of Safety,Modbus,Level 2
_result,1,2026-07-31 21:37:43.154390+00:00,2026-08-01 05:23:08.946824+00:00,2026-08-01 01:44:10.461044+00:00,security_metrics,ml_engine,4bc7d549,-0.5,0.14914079787681744,1,2.622290594445076e-05,Stage 2 - ICS Impact,Damage to Property,T0828,Loss of Safety,Modbus,Level 2
_result,1,2026-07-31 21:37:43.154390+00:00,2026-08-01 05:23:08.946824+00:00,2026-08-01 01:44:27.277488+00:00,security_metrics,ml_engine,4bc7d549,-0.5,0.15225988683272257,1,1.8722479580901563e-05,Stage 2 - ICS Impact,Damage to Property,T0828,Loss of Safety,Modbus,Level 2
_result,1,2026-07-31 21:37:43.154390+00:00,2026-08-01 05:23:08.946824+00:00,2026-08-01 01:44:43.983978+00:00,security_metrics,ml_engine,4bc7d549,-0.5,0.09309663745497387,1,2.3933378543006256e-05,Stage 2 - ICS Impact,Damage to Property,T0828,Loss of Safety,Modbus,Level 2
_result,1,2026-07-31 21:37:43.154390+00:00,2026-08-01 05:23:08.946824+00:00,2026-08-01 01:45:00.690430+00:00,security_metrics,ml_engine,4bc7d549,-0.5,0.1217347606960541,1,2.3401900762110017e-05,Stage 2 - ICS Impact,Damage to Property,T0828,Loss of Safety,Modbus,Level 2
_result,1,2026-07-31 21:37:43.154390+00:00,2026-08-01 05:23:08.946824+00:00,2026-08-01 01:45:17.390084+00:00,security_metrics,ml_engine,4bc7d549,-0.5,0.17354650868670146,1,0.00041717541171237826,Stage 2 - ICS Impact,Damage to Property,T0828,Loss of Safety,Modbus,Level 2
_result,1,2026-07-31 21:37:43.154390+00:00,2026-08-01 05:23:08.946824+00:00,2026-08-01 01:45:34.201152+00:00,security_metrics,ml_engine,4bc7d549,-0.5,0.13002211861406138,1,1.9385735868127085e-05,Stage 2 - ICS Impact,Damage to Property,T0828,Loss of Safety,Modbus,Level 2
_result,1,2026-07-31 21:37:43.154390+00:00,2026-08-01 05:23:08.946824+00:00,2026-08-01 01:45:50.920163+00:00,security_metrics,ml_engine,4bc7d549,-0.5,0.030741293486656995,1,1.894199704111088e-05,Stage 2 - ICS Impact,Damage to Property,T0828,Loss of Safety,Modbus,Level 2
_result,1,2026-07-31 21:37:43.154390+00:00,2026-08-01 05:23:08.946824+00:00,2026-08-01 01:46:07.637635+00:00,security_metrics,ml_engine,4bc7d549,-0.5,0.11741966248643321,1,2.9573100619018078e-05,Stage 2 - ICS Impact,Damage to Property,T0828,Loss of Safety,Modbus,Level 2
_result,1,2026-07-31 21:37:43.154390+00:00,2026-08-01 05:23:08.946824+00:00,2026-08-01 01:46:24.455014+00:00,security_metrics,ml_engine,4bc7d549,-0.5,0.17101219135024104,1,1.997371145989746e-05,Stage 2 - ICS Impact,Damage to Property,T0828,Loss of Safety,Modbus,Level 2
_result,1,2026-07-31 21:37:43.154390+00:00,2026-08-01 05:23:08.946824+00:00,2026-08-01 01:46:41.166369+00:00,security_metrics,ml_engine,4bc7d549,-0.5,0.13640206852994913,1,1.5578645616187714e-05,Stage 2 - ICS Impact,Damage to Property,T0828,Loss of Safety,Modbus,Level 2
_result,1,2026-07-31 21:37:43.154390+00:00,2026-08-01 05:23:08.946824+00:00,2026-08-01 01:46:57.858848+00:00,security_metrics,ml_engine,4bc7d549,-0.5,0.1494935613814226,1,2.9986435038154013e-05,Stage 2 - ICS Impact,Damage to Property,T0828,Loss of Safety,Modbus,Level 2
_result,1,2026-07-31 21:37:43.154390+00:00,2026-08-01 05:23:08.946824+00:00,2026-08-01 01:47:14.681688+00:00,security_metrics,ml_engine,4bc7d549,-0.5,0.12312972007978096,1,1.957330823643133e-05,Stage 2 - ICS Impact,Damage to Property,T0828,Loss of Safety,Modbus,Level 2
_result,1,2026-07-31 21:37:43.154390+00:00,2026-08-01 05:23:08.946824+00:00,2026-08-01 01:47:31.403158+00:00,security_metrics,ml_engine,4bc7d549,-0.5,0.14611877145749014,1,0.07371453940868378,Stage 2 - ICS Impact,Damage to Property,T0828,Loss of Safety,Modbus,Level 2
_result,1,2026-07-31 21:37:43.154390+00:00,2026-08-01 05:23:08.946824+00:00,2026-08-01 01:47:48.130122+00:00,security_metrics,ml_engine,4bc7d549,-0.5,0.13459118291859812,1,2.0210700313327834e-05,Stage 2 - ICS Impact,Damage to Property,T0828,Loss of Safety,Modbus,Level 2
_result,1,2026-07-31 21:37:43.154390+00:00,2026-08-01 05:23:08.946824+00:00,2026-08-01 01:48:04.794102+00:00,security_metrics,ml_engine,4bc7d549,-0.5,0.15888133927330933,1,0.0003863912425003946,Stage 2 - ICS Impact,Damage to Property,T0828,Loss of Safety,Modbus,Level 2
_result,1,2026-07-31 21:37:43.154390+00:00,2026-08-01 05:23:08.946824+00:00,2026-08-01 01:48:21.575162+00:00,security_metrics,ml_engine,4bc7d549,-0.5,0.09162905027956925,1,1.8931761587737128e-05,Stage 2 - ICS Impact,Damage to Property,T0828,Loss of Safety,Modbus,Level 2
_result,1,2026-07-31 21:37:43.154390+00:00,2026-08-01 05:23:08.946824+00:00,2026-08-01 01:48:38.244732+00:00,security_metrics,ml_engine,4bc7d549,-0.5,0.1213176253392349,1,3.354357977514155e-05,Stage 2 - ICS Impact,Damage to Property,T0828,Loss of Safety,Modbus,Level 2
_result,1,2026-07-31 21:37:43.154390+00:00,2026-08-01 05:23:08.946824+00:00,2026-08-01 01:48:54.910611+00:00,security_metrics,ml_engine,4bc7d549,-0.5,0.16784371134648818,1,2.3564380171592347e-05,Stage 2 - ICS Impact,Damage to Property,T0828,Loss of Safety,Modbus,Level 2
_result,1,2026-07-31 21:37:43.154390+00:00,2026-08-01 05:23:08.946824+00:00,2026-08-01 01:49:11.673494+00:00,security_metrics,ml_engine,4bc7d549,-0.5,0.14151826487301333,1,1.9754073946387507e-05,Stage 2 - ICS Impact,Damage to Property,T0828,Loss of Safety,Modbus,Level 2
_result,1,2026-07-31 21:37:43.154390+00:00,2026-08-01 05:23:08.946824+00:00,2026-08-01 01:49:28.330501+00:00,security_metrics,ml_engine,4bc7d549,-0.5,0.1619802157938593,1,2.1093981558806263e-05,Stage 2 - ICS Impact,Damage to Property,T0828,Loss of Safety,Modbus,Level 2
_result,1,2026-07-31 21:37:43.154390+00:00,2026-08-01 05:23:08.946824+00:00,2026-08-01 01:49:44.983209+00:00,security_metrics,ml_engine,4bc7d549,-0.5,0.15668778073780787,1,2.0485123968683183e-05,Stage 2 - ICS Impact,Damage to Property,T0828,Loss of Safety,Modbus,Level 2
_result,1,2026-07-31 21:37:43.154390+00:00,2026-08-01 05:23:08.946824+00:00,2026-08-01 01:50:01.832492+00:00,security_metrics,ml_engine,4bc7d549,-0.5,0.15487118401811006,1,2.000363565457519e-05,Stage 2 - ICS Impact,Damage to Property,T0828,Loss of Safety,Modbus,Level 2
_result,1,2026-07-31 21:37:43.154390+00:00,2026-08-01 05:23:08.946824+00:00,2026-08-01 01:50:18.484002+00:00,security_metrics,ml_engine,4bc7d549,-0.5,0.1351686450906976,1,1.6748170310165733e-05,Stage 2 - ICS Impact,Damage to Property,T0828,Loss of Safety,Modbus,Level 2
_result,1,2026-07-31 21:37:43.154390+00:00,2026-08-01 05:23:08.946824+00:00,2026-08-01 01:50:35.144475+00:00,security_metrics,ml_engine,4bc7d549,-0.5,0.1494935613814226,1,2.1877667677472346e-05,Stage 2 - ICS Impact,Damage to Property,T0828,Loss of Safety,Modbus,Level 2
_result,1,2026-07-31 21:37:43.154390+00:00,2026-08-01 05:23:08.946824+00:00,2026-08-01 01:50:51.823459+00:00,security_metrics,ml_engine,4bc7d549,-0.5,0.13869673460095755,1,2.1135874703759328e-05,Stage 2 - ICS Impact,Damage to Property,T0828,Loss of Safety,Modbus,Level 2
_result,1,2026-07-31 21:37:43.154390+00:00,2026-08-01 05:23:08.946824+00:00,2026-08-01 01:51:08.593719+00:00,security_metrics,ml_engine,4bc7d549,-0.5,0.2009416987348851,1,2.324705019418616e-05,Stage 2 - ICS Impact,Damage to Property,T0828,Loss of Safety,Modbus,Level 2
_result,1,2026-07-31 21:37:43.154390+00:00,2026-08-01 05:23:08.946824+00:00,2026-08-01 01:51:25.259974+00:00,security_metrics,ml_engine,4bc7d549,-0.5,0.13255456058986104,1,2.6457570129423402e-05,Stage 2 - ICS Impact,Damage to Property,T0828,Loss of Safety,Modbus,Level 2
_result,1,2026-07-31 21:37:43.154390+00:00,2026-08-01 05:23:08.946824+00:00,2026-08-01 01:51:41.920184+00:00,security_metrics,ml_engine,4bc7d549,-0.5,0.15351083665643933,1,2.760836468951311e-05,Stage 2 - ICS Impact,Damage to Property,T0828,Loss of Safety,Modbus,Level 2
_result,1,2026-07-31 21:37:43.154390+00:00,2026-08-01 05:23:08.946824+00:00,2026-08-01 01:51:58.729525+00:00,security_metrics,ml_engine,4bc7d549,-0.5,0.14075682976208537,1,2.1603596906061284e-05,Stage 2 - ICS Impact,Damage to Property,T0828,Loss of Safety,Modbus,Level 2
_result,1,2026-07-31 21:37:43.154390+00:00,2026-08-01 05:23:08.946824+00:00,2026-08-01 01:52:15.451988+00:00,security_metrics,ml_engine,4bc7d549,-0.5,0.1351686450906976,1,2.217659493908286e-05,Stage 2 - ICS Impact,Damage to Property,T0828,Loss of Safety,Modbus,Level 2
_result,1,2026-07-31 21:37:43.154390+00:00,2026-08-01 05:23:08.946824+00:00,2026-08-01 01:52:32.124312+00:00,security_metrics,ml_engine,4bc7d549,-0.5,0.14075682976208537,1,1.9139504729537293e-05,Stage 2 - ICS Impact,Damage to Property,T0828,Loss of Safety,Modbus,Level 2
_result,1,2026-07-31 21:37:43.154390+00:00,2026-08-01 05:23:08.946824+00:00,2026-08-01 01:52:48.906188+00:00,security_metrics,ml_engine,4bc7d549,-0.5,0.15668778073780787,1,2.0834035240113735e-05,Stage 2 - ICS Impact,Damage to Property,T0828,Loss of Safety,Modbus,Level 2
_result,1,2026-07-31 21:37:43.154390+00:00,2026-08-01 05:23:08.946824+00:00,2026-08-01 01:53:05.581328+00:00,security_metrics,ml_engine,4bc7d549,-0.5,0.15019424616839955,1,2.2772317606722936e-05,Stage 2 - ICS Impact,Damage to Property,T0828,Loss of Safety,Modbus,Level 2
_result,1,2026-07-31 21:37:43.154390+00:00,2026-08-01 05:23:08.946824+00:00,2026-08-01 01:53:22.248435+00:00,security_metrics,ml_engine,4bc7d549,-0.5,0.1556427284959982,1,1.7898146325023845e-05,Stage 2 - ICS Impact,Damage to Property,T0828,Loss of Safety,Modbus,Level 2
_result,1,2026-07-31 21:37:43.154390+00:00,2026-08-01 05:23:08.946824+00:00,2026-08-01 01:53:39.017098+00:00,security_metrics,ml_engine,4bc7d549,-0.5,0.05799270983083915,1,2.0814793970203027e-05,Stage 2 - ICS Impact,Damage to Property,T0828,Loss of Safety,Modbus,Level 2
_result,1,2026-07-31 21:37:43.154390+00:00,2026-08-01 05:23:08.946824+00:00,2026-08-01 01:53:55.676243+00:00,security_metrics,ml_engine,4bc7d549,-0.5,0.10178705328121707,1,2.296825186931528e-05,Stage 2 - ICS Impact,Damage to Property,T0828,Loss of Safety,Modbus,Level 2
_result,1,2026-07-31 21:37:43.154390+00:00,2026-08-01 05:23:08.946824+00:00,2026-08-01 01:54:12.343445+00:00,security_metrics,ml_engine,4bc7d549,-0.5,0.08160652194905826,1,4.31105618190486e-05,Stage 2 - ICS Impact,Damage to Property,T0828,Loss of Safety,Modbus,Level 2
_result,1,2026-07-31 21:37:43.154390+00:00,2026-08-01 05:23:08.946824+00:00,2026-08-01 01:55:19.373707+00:00,security_metrics,ml_engine,4bc7d549,-0.5,0.0830913732989873,1,0.10182636231184006,Stage 2 - ICS Impact,Damage to Property,T0828,Loss of Safety,Modbus,Level 2
_result,1,2026-07-31 21:37:43.154390+00:00,2026-08-01 05:23:08.946824+00:00,2026-08-01 01:55:36.074929+00:00,security_metrics,ml_engine,4bc7d549,-0.5,0.1213176253392349,1,2.0380155547172762e-05,Stage 2 - ICS Impact,Damage to Property,T0828,Loss of Safety,Modbus,Level 2
_result,1,2026-07-31 21:37:43.154390+00:00,2026-08-01 05:23:08.946824+00:00,2026-08-01 01:55:52.774012+00:00,security_metrics,ml_engine,4bc7d549,-0.5,0.1311825238708143,1,1.8181881387135945e-05,Stage 2 - ICS Impact,Damage to Property,T0828,Loss of Safety,Modbus,Level 2
_result,1,2026-07-31 21:37:43.154390+00:00,2026-08-01 05:23:08.946824+00:00,2026-08-01 01:56:09.453106+00:00,security_metrics,ml_engine,4bc7d549,-0.5,0.028162213292716398,1,3.579381882445887e-05,Stage 2 - ICS Impact,Damage to Property,T0828,Loss of Safety,Modbus,Level 2
_result,1,2026-07-31 21:37:43.154390+00:00,2026-08-01 05:23:08.946824+00:00,2026-08-01 01:56:26.248686+00:00,security_metrics,ml_engine,4bc7d549,-0.5,0.11730074489456277,1,1.906029137899168e-05,Stage 2 - ICS Impact,Damage to Property,T0828,Loss of Safety,Modbus,Level 2
_result,1,2026-07-31 21:37:43.154390+00:00,2026-08-01 05:23:08.946824+00:00,2026-08-01 01:56:42.973452+00:00,security_metrics,ml_engine,4bc7d549,-0.5,0.09775586466381914,1,1.9622295440058224e-05,Stage 2 - ICS Impact,Damage to Property,T0828,Loss of Safety,Modbus,Level 2
_result,1,2026-07-31 21:37:43.154390+00:00,2026-08-01 05:23:08.946824+00:00,2026-08-01 01:56:59.694403+00:00,security_metrics,ml_engine,4bc7d549,-0.5,0.11674225408813066,1,2.0802917788387276e-05,Stage 2 - ICS Impact,Damage to Property,T0828,Loss of Safety,Modbus,Level 2
_result,1,2026-07-31 21:37:43.154390+00:00,2026-08-01 05:23:08.946824+00:00,2026-08-01 01:57:16.537505+00:00,security_metrics,ml_engine,4bc7d549,-0.5,0.16769150616955542,1,2.244712050014641e-05,Stage 2 - ICS Impact,Damage to Property,T0828,Loss of Safety,Modbus,Level 2
_result,1,2026-07-31 21:37:43.154390+00:00,2026-08-01 05:23:08.946824+00:00,2026-08-01 01:57:33.270801+00:00,security_metrics,ml_engine,4bc7d549,-0.5,0.13668465296975807,1,1.693737431196496e-05,Stage 2 - ICS Impact,Damage to Property,T0828,Loss of Safety,Modbus,Level 2
_result,1,2026-07-31 21:37:43.154390+00:00,2026-08-01 05:23:08.946824+00:00,2026-08-01 01:57:50.002045+00:00,security_metrics,ml_engine,4bc7d549,-0.5,0.15668778073780787,1,2.2658490706817247e-05,Stage 2 - ICS Impact,Damage to Property,T0828,Loss of Safety,Modbus,Level 2
_result,1,2026-07-31 21:37:43.154390+00:00,2026-08-01 05:23:08.946824+00:00,2026-08-01 01:58:06.841364+00:00,security_metrics,ml_engine,4bc7d549,-0.5,0.15244166919510405,1,2.4314334950759076e-05,Stage 2 - ICS Impact,Damage to Property,T0828,Loss of Safety,Modbus,Level 2
_result,1,2026-07-31 21:37:43.154390+00:00,2026-08-01 05:23:08.946824+00:00,2026-08-01 01:58:23.578193+00:00,security_metrics,ml_engine,4bc7d549,-0.5,0.11860292373007858,1,1.8581289623398334e-05,Stage 2 - ICS Impact,Damage to Property,T0828,Loss of Safety,Modbus,Level 2
_result,1,2026-07-31 21:37:43.154390+00:00,2026-08-01 05:23:08.946824+00:00,2026-08-01 01:58:40.317100+00:00,security_metrics,ml_engine,4bc7d549,-0.5,0.09162905027956925,1,2.2187979993759654e-05,Stage 2 - ICS Impact,Damage to Property,T0828,Loss of Safety,Modbus,Level 2
_result,1,2026-07-31 21:37:43.154390+00:00,2026-08-01 05:23:08.946824+00:00,2026-08-01 01:58:57.151980+00:00,security_metrics,ml_engine,4bc7d549,-0.5,0.04331613921957467,1,2.6209190764348023e-05,Stage 2 - ICS Impact,Damage to Property,T0828,Loss of Safety,Modbus,Level 2
_result,1,2026-07-31 21:37:43.154390+00:00,2026-08-01 05:23:08.946824+00:00,2026-08-01 01:59:13.875291+00:00,security_metrics,ml_engine,4bc7d549,-0.5,0.14301751475724178,1,2.257877349620685e-05,Stage 2 - ICS Impact,Damage to Property,T0828,Loss of Safety,Modbus,Level 2
_result,1,2026-07-31 21:37:43.154390+00:00,2026-08-01 05:23:08.946824+00:00,2026-08-01 01:59:30.612994+00:00,security_metrics,ml_engine,4bc7d549,-0.5,0.13459118291859812,1,2.0825351384701207e-05,Stage 2 - ICS Impact,Damage to Property,T0828,Loss of Safety,Modbus,Level 2
_result,1,2026-07-31 21:37:43.154390+00:00,2026-08-01 05:23:08.946824+00:00,2026-08-01 01:59:47.355466+00:00,security_metrics,ml_engine,4bc7d549,-0.5,0.14280804622394078,1,2.1670979549526237e-05,Stage 2 - ICS Impact,Damage to Property,T0828,Loss of Safety,Modbus,Level 2
_result,1,2026-07-31 21:37:43.154390+00:00,2026-08-01 05:23:08.946824+00:00,2026-08-01 02:00:04.201078+00:00,security_metrics,ml_engine,4bc7d549,-0.5,0.1608623711530861,1,1.902537769638002e-05,Stage 2 - ICS Impact,Damage to Property,T0828,Loss of Safety,Modbus,Level 2
_result,1,2026-07-31 21:37:43.154390+00:00,2026-08-01 05:23:08.946824+00:00,2026-08-01 02:00:20.929110+00:00,security_metrics,ml_engine,4bc7d549,-0.5,0.14651531469412965,1,0.0005976430838927627,Stage 2 - ICS Impact,Damage to Property,T0828,Loss of Safety,Modbus,Level 2
_result,1,2026-07-31 21:37:43.154390+00:00,2026-08-01 05:23:08.946824+00:00,2026-08-01 02:00:37.668494+00:00,security_metrics,ml_engine,4bc7d549,-0.5,0.12696361640670034,1,1.934891588462051e-05,Stage 2 - ICS Impact,Damage to Property,T0828,Loss of Safety,Modbus,Level 2
_result,1,2026-07-31 21:37:43.154390+00:00,2026-08-01 05:23:08.946824+00:00,2026-08-01 02:00:54.521622+00:00,security_metrics,ml_engine,4bc7d549,-0.5,0.0990454077486892,1,0.0006886102491989732,Stage 2 - ICS Impact,Damage to Property,T0828,Loss of Safety,Modbus,Level 2
_result,1,2026-07-31 21:37:43.154390+00:00,2026-08-01 05:23:08.946824+00:00,2026-08-01 02:01:11.263237+00:00,security_metrics,ml_engine,4bc7d549,-0.5,0.13189764618425975,1,1.7765685697668232e-05,Stage 2 - ICS Impact,Damage to Property,T0828,Loss of Safety,Modbus,Level 2
_result,1,2026-07-31 21:37:43.154390+00:00,2026-08-01 05:23:08.946824+00:00,2026-08-01 02:01:28.004548+00:00,security_metrics,ml_engine,4bc7d549,-0.5,0.20209172565930883,1,2.694038994377479e-05,Stage 2 - ICS Impact,Damage to Property,T0828,Loss of Safety,Modbus,Level 2
_result,1,2026-07-31 21:37:43.154390+00:00,2026-08-01 05:23:08.946824+00:00,2026-08-01 02:01:44.855939+00:00,security_metrics,ml_engine,4bc7d549,-0.5,0.09309663745497387,1,2.129422500729561e-05,Stage 2 - ICS Impact,Damage to Property,T0828,Loss of Safety,Modbus,Level 2
_result,1,2026-07-31 21:37:43.154390+00:00,2026-08-01 05:23:08.946824+00:00,2026-08-01 02:02:01.591077+00:00,security_metrics,ml_engine,4bc7d549,-0.5,0.11618586858724034,1,2.635975761222653e-05,Stage 2 - ICS Impact,Damage to Property,T0828,Loss of Safety,Modbus,Level 2
_result,1,2026-07-31 21:37:43.154390+00:00,2026-08-01 05:23:08.946824+00:00,2026-08-01 02:02:18.335764+00:00,security_metrics,ml_engine,4bc7d549,-0.5,0.16874204871860365,1,2.7811307518277317e-05,Stage 2 - ICS Impact,Damage to Property,T0828,Loss of Safety,Modbus,Level 2
_result,1,2026-07-31 21:37:43.154390+00:00,2026-08-01 05:23:08.946824+00:00,2026-08-01 02:02:35.167387+00:00,security_metrics,ml_engine,4bc7d549,-0.5,0.052590088206192154,1,0.08073492348194122,Stage 2 - ICS Impact,Damage to Property,T0828,Loss of Safety,Modbus,Level 2
_result,1,2026-07-31 21:37:43.154390+00:00,2026-08-01 05:23:08.946824+00:00,2026-08-01 02:02:51.902243+00:00,security_metrics,ml_engine,4bc7d549,-0.5,-0.004236041802329837,1,0.12825126945972443,Stage 2 - ICS Impact,Damage to Property,T0828,Loss of Safety,Modbus,Level 2
_result,1,2026-07-31 21:37:43.154390+00:00,2026-08-01 05:23:08.946824+00:00,2026-08-01 02:03:08.624674+00:00,security_metrics,ml_engine,4bc7d549,-0.5,0.10870626271326289,1,7.296785042854026e-05,Stage 2 - ICS Impact,Damage to Property,T0828,Loss of Safety,Modbus,Level 2
_result,1,2026-07-31 21:37:43.154390+00:00,2026-08-01 05:23:08.946824+00:00,2026-08-01 02:03:25.356382+00:00,security_metrics,ml_engine,4bc7d549,-0.5,0.13459118291859812,1,1.838502794271335e-05,Stage 2 - ICS Impact,Damage to Property,T0828,Loss of Safety,Modbus,Level 2
_result,1,2026-07-31 21:37:43.154390+00:00,2026-08-01 05:23:08.946824+00:00,2026-08-01 02:03:42.207952+00:00,security_metrics,ml_engine,4bc7d549,-0.5,0.19315496683520844,1,1.8859152987715788e-05,Stage 2 - ICS Impact,Damage to Property,T0828,Loss of Safety,Modbus,Level 2
_result,1,2026-07-31 21:37:43.154390+00:00,2026-08-01 05:23:08.946824+00:00,2026-08-01 02:03:58.964681+00:00,security_metrics,ml_engine,4bc7d549,-0.5,0.1572119653282667,1,2.4347657017642632e-05,Stage 2 - ICS Impact,Damage to Property,T0828,Loss of Safety,Modbus,Level 2
_result,1,2026-07-31 21:37:43.154390+00:00,2026-08-01 05:23:08.946824+00:00,2026-08-01 02:04:15.693130+00:00,security_metrics,ml_engine,4bc7d549,-0.5,0.15244166919510405,1,2.0869267245871015e-05,Stage 2 - ICS Impact,Damage to Property,T0828,Loss of Safety,Modbus,Level 2
_result,1,2026-07-31 21:37:43.154390+00:00,2026-08-01 05:23:08.946824+00:00,2026-08-01 02:04:32.511053+00:00,security_metrics,ml_engine,4bc7d549,-0.5,0.11922835053204278,1,1.8156693840865046e-05,Stage 2 - ICS Impact,Damage to Property,T0828,Loss of Safety,Modbus,Level 2
_result,1,2026-07-31 21:37:43.154390+00:00,2026-08-01 05:23:08.946824+00:00,2026-08-01 02:04:49.245698+00:00,security_metrics,ml_engine,4bc7d549,-0.5,0.1894311355176828,1,1.9051505660172552e-05,Stage 2 - ICS Impact,Damage to Property,T0828,Loss of Safety,Modbus,Level 2
_result,1,2026-07-31 21:37:43.154390+00:00,2026-08-01 05:23:08.946824+00:00,2026-08-01 02:05:06.007818+00:00,security_metrics,ml_engine,4bc7d549,-0.5,0.1556427284959982,1,2.446171856718138e-05,Stage 2 - ICS Impact,Damage to Property,T0828,Loss of Safety,Modbus,Level 2
_result,1,2026-07-31 21:37:43.154390+00:00,2026-08-01 05:23:08.946824+00:00,2026-08-01 02:05:22.854972+00:00,security_metrics,ml_engine,4bc7d549,-0.5,0.13068852825340022,1,1.8962427930091508e-05,Stage 2 - ICS Impact,Damage to Property,T0828,Loss of Safety,Modbus,Level 2
_result,1,2026-07-31 21:37:43.154390+00:00,2026-08-01 05:23:08.946824+00:00,2026-08-01 02:05:39.594260+00:00,security_metrics,ml_engine,4bc7d549,-0.5,0.0956820009690591,1,2.2047159291105345e-05,Stage 2 - ICS Impact,Damage to Property,T0828,Loss of Safety,Modbus,Level 2
_result,1,2026-07-31 21:37:43.154390+00:00,2026-08-01 05:23:08.946824+00:00,2026-08-01 02:05:56.316077+00:00,security_metrics,ml_engine,4bc7d549,-0.5,0.1510170709623081,1,2.0227300410624593e-05,Stage 2 - ICS Impact,Damage to Property,T0828,Loss of Safety,Modbus,Level 2
_result,1,2026-07-31 21:37:43.154390+00:00,2026-08-01 05:23:08.946824+00:00,2026-08-01 02:06:13.153181+00:00,security_metrics,ml_engine,4bc7d549,-0.5,0.14151826487301333,1,1.7735444998834282e-05,Stage 2 - ICS Impact,Damage to Property,T0828,Loss of Safety,Modbus,Level 2
_result,1,2026-07-31 21:37:43.154390+00:00,2026-08-01 05:23:08.946824+00:00,2026-08-01 02:06:29.888367+00:00,security_metrics,ml_engine,4bc7d549,-0.5,0.11741966248643321,1,2.1782738258480094e-05,Stage 2 - ICS Impact,Damage to Property,T0828,Loss of Safety,Modbus,Level 2
_result,1,2026-07-31 21:37:43.154390+00:00,2026-08-01 05:23:08.946824+00:00,2026-08-01 02:06:46.628710+00:00,security_metrics,ml_engine,4bc7d549,-0.5,0.12918313785184454,1,2.045454857579898e-05,Stage 2 - ICS Impact,Damage to Property,T0828,Loss of Safety,Modbus,Level 2
_result,1,2026-07-31 21:37:43.154390+00:00,2026-08-01 05:23:08.946824+00:00,2026-08-01 02:07:03.467420+00:00,security_metrics,ml_engine,4bc7d549,-0.5,0.1385871063191842,1,1.7120828488259576e-05,Stage 2 - ICS Impact,Damage to Property,T0828,Loss of Safety,Modbus,Level 2
_result,1,2026-07-31 21:37:43.154390+00:00,2026-08-01 05:23:08.946824+00:00,2026-08-01 02:07:20.193663+00:00,security_metrics,ml_engine,4bc7d549,-0.5,0.14075682976208537,1,2.3515902284998447e-05,Stage 2 - ICS Impact,Damage to Property,T0828,Loss of Safety,Modbus,Level 2
_result,1,2026-07-31 21:37:43.154390+00:00,2026-08-01 05:23:08.946824+00:00,2026-08-01 02:07:36.911465+00:00,security_metrics,ml_engine,4bc7d549,-0.5,0.1353883569121045,1,2.1479099814314395e-05,Stage 2 - ICS Impact,Damage to Property,T0828,Loss of Safety,Modbus,Level 2
_result,1,2026-07-31 21:37:43.154390+00:00,2026-08-01 05:23:08.946824+00:00,2026-08-01 02:07:53.598032+00:00,security_metrics,ml_engine,4bc7d549,-0.5,0.13640206852994913,1,1.6155954654095694e-05,Stage 2 - ICS Impact,Damage to Property,T0828,Loss of Safety,Modbus,Level 2
_result,1,2026-07-31 21:37:43.154390+00:00,2026-08-01 05:23:08.946824+00:00,2026-08-01 02:08:10.410164+00:00,security_metrics,ml_engine,4bc7d549,-0.5,0.10382289889706542,1,1.8060180082102306e-05,Stage 2 - ICS Impact,Damage to Property,T0828,Loss of Safety,Modbus,Level 2
_result,1,2026-07-31 21:37:43.154390+00:00,2026-08-01 05:23:08.946824+00:00,2026-08-01 02:08:27.118312+00:00,security_metrics,ml_engine,4bc7d549,-0.5,0.0830913732989873,1,1.621016053832136e-05,Stage 2 - ICS Impact,Damage to Property,T0828,Loss of Safety,Modbus,Level 2
_result,1,2026-07-31 21:37:43.154390+00:00,2026-08-01 05:23:08.946824+00:00,2026-08-01 02:08:43.825467+00:00,security_metrics,ml_engine,4bc7d549,-0.5,0.10382289889706542,1,1.967865500773769e-05,Stage 2 - ICS Impact,Damage to Property,T0828,Loss of Safety,Modbus,Level 2
_result,1,2026-07-31 21:37:43.154390+00:00,2026-08-01 05:23:08.946824+00:00,2026-08-01 02:09:00.684446+00:00,security_metrics,ml_engine,4bc7d549,-0.5,0.04564091868284503,1,0.0002768146223388612,Stage 2 - ICS Impact,Damage to Property,T0828,Loss of Safety,Modbus,Level 2
_result,1,2026-07-31 21:37:43.154390+00:00,2026-08-01 05:23:08.946824+00:00,2026-08-01 02:09:17.409556+00:00,security_metrics,ml_engine,4bc7d549,-0.5,0.17316123938498834,1,1.689804412308149e-05,Stage 2 - ICS Impact,Damage to Property,T0828,Loss of Safety,Modbus,Level 2
_result,1,2026-07-31 21:37:43.154390+00:00,2026-08-01 05:23:08.946824+00:00,2026-08-01 02:09:50.967023+00:00,security_metrics,ml_engine,4bc7d549,-0.5,0.10991013332989774,1,0.04381262883543968,Stage 2 - ICS Impact,Damage to Property,T0828,Loss of Safety,Modbus,Level 2
_result,1,2026-07-31 21:37:43.154390+00:00,2026-08-01 05:23:08.946824+00:00,2026-08-01 02:10:07.654035+00:00,security_metrics,ml_engine,4bc7d549,-0.5,0.07802430707328234,1,1.863580837380141e-05,Stage 2 - ICS Impact,Damage to Property,T0828,Loss of Safety,Modbus,Level 2
_result,1,2026-07-31 21:37:43.154390+00:00,2026-08-01 05:23:08.946824+00:00,2026-08-01 02:10:24.334229+00:00,security_metrics,ml_engine,4bc7d549,-0.5,0.08864871664555485,1,2.2819214791525155e-05,Stage 2 - ICS Impact,Damage to Property,T0828,Loss of Safety,Modbus,Level 2
_result,1,2026-07-31 21:37:43.154390+00:00,2026-08-01 05:23:08.946824+00:00,2026-08-01 02:10:41.009708+00:00,security_metrics,ml_engine,4bc7d549,-0.5,0.14301751475724178,1,2.1458314222400077e-05,Stage 2 - ICS Impact,Damage to Property,T0828,Loss of Safety,Modbus,Level 2
_result,1,2026-07-31 21:37:43.154390+00:00,2026-08-01 05:23:08.946824+00:00,2026-08-01 02:10:57.788715+00:00,security_metrics,ml_engine,4bc7d549,-0.5,0.07802430707328234,1,2.059364487649873e-05,Stage 2 - ICS Impact,Damage to Property,T0828,Loss of Safety,Modbus,Level 2
_result,1,2026-07-31 21:37:43.154390+00:00,2026-08-01 05:23:08.946824+00:00,2026-08-01 02:11:14.469541+00:00,security_metrics,ml_engine,4bc7d549,-0.5,0.09702956333098278,1,2.4587056032032706e-05,Stage 2 - ICS Impact,Damage to Property,T0828,Loss of Safety,Modbus,Level 2
_result,1,2026-07-31 21:37:43.154390+00:00,2026-08-01 05:23:08.946824+00:00,2026-08-01 02:11:31.154340+00:00,security_metrics,ml_engine,4bc7d549,-0.5,0.10870626271326289,1,1.8090357116307132e-05,Stage 2 - ICS Impact,Damage to Property,T0828,Loss of Safety,Modbus,Level 2
_result,1,2026-07-31 21:37:43.154390+00:00,2026-08-01 05:23:08.946824+00:00,2026-08-01 02:11:47.980819+00:00,security_metrics,ml_engine,4bc7d549,-0.5,0.065430748604419,1,2.0381761714816093e-05,Stage 2 - ICS Impact,Damage to Property,T0828,Loss of Safety,Modbus,Level 2
_result,1,2026-07-31 21:37:43.154390+00:00,2026-08-01 05:23:08.946824+00:00,2026-08-01 02:12:04.707724+00:00,security_metrics,ml_engine,4bc7d549,-0.5,0.11420281587968684,1,2.0096478692721575e-05,Stage 2 - ICS Impact,Damage to Property,T0828,Loss of Safety,Modbus,Level 2
_result,1,2026-07-31 21:37:43.154390+00:00,2026-08-01 05:23:08.946824+00:00,2026-08-01 02:12:21.441227+00:00,security_metrics,ml_engine,4bc7d549,-0.5,0.14442190517389414,1,1.7221404050360434e-05,Stage 2 - ICS Impact,Damage to Property,T0828,Loss of Safety,Modbus,Level 2
_result,1,2026-07-31 21:37:43.154390+00:00,2026-08-01 05:23:08.946824+00:00,2026-08-01 02:12:38.265739+00:00,security_metrics,ml_engine,4bc7d549,-0.5,0.04080200572191228,1,0.004792389459908009,Stage 2 - ICS Impact,Damage to Property,T0828,Loss of Safety,Modbus,Level 2
_result,1,2026-07-31 21:37:43.154390+00:00,2026-08-01 05:23:08.946824+00:00,2026-08-01 02:12:55.010772+00:00,security_metrics,ml_engine,4bc7d549,-0.5,0.03800050383809128,1,1.9644363419502042e-05,Stage 2 - ICS Impact,Damage to Property,T0828,Loss of Safety,Modbus,Level 2
_result,1,2026-07-31 21:37:43.154390+00:00,2026-08-01 05:23:08.946824+00:00,2026-08-01 02:13:11.761930+00:00,security_metrics,ml_engine,4bc7d549,-0.5,0.12299296389503073,1,2.128013875335455e-05,Stage 2 - ICS Impact,Damage to Property,T0828,Loss of Safety,Modbus,Level 2
_result,1,2026-07-31 21:37:43.154390+00:00,2026-08-01 05:23:08.946824+00:00,2026-08-01 02:13:28.588840+00:00,security_metrics,ml_engine,4bc7d549,-0.5,0.09309663745497387,1,2.5019506210810505e-05,Stage 2 - ICS Impact,Damage to Property,T0828,Loss of Safety,Modbus,Level 2
_result,1,2026-07-31 21:37:43.154390+00:00,2026-08-01 05:23:08.946824+00:00,2026-08-01 02:13:45.333129+00:00,security_metrics,ml_engine,4bc7d549,-0.5,0.17316123938498834,1,1.9150633306708187e-05,Stage 2 - ICS Impact,Damage to Property,T0828,Loss of Safety,Modbus,Level 2
_result,1,2026-07-31 21:37:43.154390+00:00,2026-08-01 05:23:08.946824+00:00,2026-08-01 02:14:02.081229+00:00,security_metrics,ml_engine,4bc7d549,-0.5,0.1470749736906528,1,0.000620535749476403,Stage 2 - ICS Impact,Damage to Property,T0828,Loss of Safety,Modbus,Level 2
_result,1,2026-07-31 21:37:43.154390+00:00,2026-08-01 05:23:08.946824+00:00,2026-08-01 02:14:18.813403+00:00,security_metrics,ml_engine,4bc7d549,-0.5,0.08160652194905826,1,1.7726642909110524e-05,Stage 2 - ICS Impact,Damage to Property,T0828,Loss of Safety,Modbus,Level 2
_result,1,2026-07-31 21:37:43.154390+00:00,2026-08-01 05:23:08.946824+00:00,2026-08-01 02:14:35.648951+00:00,security_metrics,ml_engine,4bc7d549,-0.5,0.1351686450906976,1,3.09441311401315e-05,Stage 2 - ICS Impact,Damage to Property,T0828,Loss of Safety,Modbus,Level 2
_result,1,2026-07-31 21:37:43.154390+00:00,2026-08-01 05:23:08.946824+00:00,2026-08-01 02:14:52.372495+00:00,security_metrics,ml_engine,4bc7d549,-0.5,0.13297802709637108,1,1.7629894500714727e-05,Stage 2 - ICS Impact,Damage to Property,T0828,Loss of Safety,Modbus,Level 2
_result,1,2026-07-31 21:37:43.154390+00:00,2026-08-01 05:23:08.946824+00:00,2026-08-01 02:15:09.097556+00:00,security_metrics,ml_engine,4bc7d549,-0.5,0.18607127805173668,1,1.539835284347646e-05,Stage 2 - ICS Impact,Damage to Property,T0828,Loss of Safety,Modbus,Level 2
_result,1,2026-07-31 21:37:43.154390+00:00,2026-08-01 05:23:08.946824+00:00,2026-08-01 02:15:25.916324+00:00,security_metrics,ml_engine,4bc7d549,-0.5,0.14458198096625963,1,2.055822369584348e-05,Stage 2 - ICS Impact,Damage to Property,T0828,Loss of Safety,Modbus,Level 2
_result,1,2026-07-31 21:37:43.154390+00:00,2026-08-01 05:23:08.946824+00:00,2026-08-01 02:15:42.629510+00:00,security_metrics,ml_engine,4bc7d549,-0.5,0.14426177521982259,1,2.3308848540182225e-05,Stage 2 - ICS Impact,Damage to Property,T0828,Loss of Safety,Modbus,Level 2
_result,1,2026-07-31 21:37:43.154390+00:00,2026-08-01 05:23:08.946824+00:00,2026-08-01 02:15:59.361626+00:00,security_metrics,ml_engine,4bc7d549,-0.5,0.13002211861406138,1,1.699131644272711e-05,Stage 2 - ICS Impact,Damage to Property,T0828,Loss of Safety,Modbus,Level 2
_result,1,2026-07-31 21:37:43.154390+00:00,2026-08-01 05:23:08.946824+00:00,2026-08-01 02:16:16.187795+00:00,security_metrics,ml_engine,4bc7d549,-0.5,0.14831543940651248,1,1.6619378584437072e-05,Stage 2 - ICS Impact,Damage to Property,T0828,Loss of Safety,Modbus,Level 2
_result,1,2026-07-31 21:37:43.154390+00:00,2026-08-01 05:23:08.946824+00:00,2026-08-01 02:16:32.913347+00:00,security_metrics,ml_engine,4bc7d549,-0.5,0.14221013906052793,1,2.4025002858252265e-05,Stage 2 - ICS Impact,Damage to Property,T0828,Loss of Safety,Modbus,Level 2
_result,1,2026-07-31 21:37:43.154390+00:00,2026-08-01 05:23:08.946824+00:00,2026-08-01 02:16:49.632567+00:00,security_metrics,ml_engine,4bc7d549,-0.5,0.10870626271326289,1,1.7934800780494697e-05,Stage 2 - ICS Impact,Damage to Property,T0828,Loss of Safety,Modbus,Level 2
_result,1,2026-07-31 21:37:43.154390+00:00,2026-08-01 05:23:08.946824+00:00,2026-08-01 02:17:06.486854+00:00,security_metrics,ml_engine,4bc7d549,-0.5,0.1425110574896682,1,0.0006784855504520237,Stage 2 - ICS Impact,Damage to Property,T0828,Loss of Safety,Modbus,Level 2
_result,1,2026-07-31 21:37:43.154390+00:00,2026-08-01 05:23:08.946824+00:00,2026-08-01 02:17:23.218183+00:00,security_metrics,ml_engine,4bc7d549,-0.5,0.1210283511555253,1,1.890643579827156e-05,Stage 2 - ICS Impact,Damage to Property,T0828,Loss of Safety,Modbus,Level 2
_result,1,2026-07-31 21:37:43.154390+00:00,2026-08-01 05:23:08.946824+00:00,2026-08-01 02:17:39.954334+00:00,security_metrics,ml_engine,4bc7d549,-0.5,0.08183887570710069,1,2.320736166439019e-05,Stage 2 - ICS Impact,Damage to Property,T0828,Loss of Safety,Modbus,Level 2
_result,1,2026-07-31 21:37:43.154390+00:00,2026-08-01 05:23:08.946824+00:00,2026-08-01 02:17:56.673841+00:00,security_metrics,ml_engine,4bc7d549,-0.5,0.11460099463515783,1,2.5684024876682088e-05,Stage 2 - ICS Impact,Damage to Property,T0828,Loss of Safety,Modbus,Level 2
_result,1,2026-07-31 21:37:43.154390+00:00,2026-08-01 05:23:08.946824+00:00,2026-08-01 02:18:13.496224+00:00,security_metrics,ml_engine,4bc7d549,-0.5,0.10721160540156416,1,2.409624903521035e-05,Stage 2 - ICS Impact,Damage to Property,T0828,Loss of Safety,Modbus,Level 2
_result,1,2026-07-31 21:37:43.154390+00:00,2026-08-01 05:23:08.946824+00:00,2026-08-01 02:18:30.242149+00:00,security_metrics,ml_engine,4bc7d549,-0.5,0.03374015097943672,1,0.09986355155706406,Stage 2 - ICS Impact,Damage to Property,T0828,Loss of Safety,Modbus,Level 2
_result,1,2026-07-31 21:37:43.154390+00:00,2026-08-01 05:23:08.946824+00:00,2026-08-01 02:18:46.963838+00:00,security_metrics,ml_engine,4bc7d549,-0.5,0.14151826487301333,1,2.0665591364377178e-05,Stage 2 - ICS Impact,Damage to Property,T0828,Loss of Safety,Modbus,Level 2
_result,1,2026-07-31 21:37:43.154390+00:00,2026-08-01 05:23:08.946824+00:00,2026-08-01 02:19:03.814025+00:00,security_metrics,ml_engine,4bc7d549,-0.5,0.14151826487301333,1,2.2552505470230244e-05,Stage 2 - ICS Impact,Damage to Property,T0828,Loss of Safety,Modbus,Level 2
_result,1,2026-07-31 21:37:43.154390+00:00,2026-08-01 05:23:08.946824+00:00,2026-08-01 02:19:20.547352+00:00,security_metrics,ml_engine,4bc7d549,-0.5,0.17556061898947167,1,2.3093474737834185e-05,Stage 2 - ICS Impact,Damage to Property,T0828,Loss of Safety,Modbus,Level 2
_result,1,2026-07-31 21:37:43.154390+00:00,2026-08-01 05:23:08.946824+00:00,2026-08-01 02:19:37.276464+00:00,security_metrics,ml_engine,4bc7d549,-0.5,0.11741966248643321,1,1.9685090592247434e-05,Stage 2 - ICS Impact,Damage to Property,T0828,Loss of Safety,Modbus,Level 2
_result,1,2026-07-31 21:37:43.154390+00:00,2026-08-01 05:23:08.946824+00:00,2026-08-01 02:19:54.124060+00:00,security_metrics,ml_engine,4bc7d549,-0.5,0.17201271595761203,1,2.759606286417693e-05,Stage 2 - ICS Impact,Damage to Property,T0828,Loss of Safety,Modbus,Level 2
_result,1,2026-07-31 21:37:43.154390+00:00,2026-08-01 05:23:08.946824+00:00,2026-08-01 02:20:10.851904+00:00,security_metrics,ml_engine,4bc7d549,-0.5,0.14914079787681744,1,2.4867291358532384e-05,Stage 2 - ICS Impact,Damage to Property,T0828,Loss of Safety,Modbus,Level 2
_result,1,2026-07-31 21:37:43.154390+00:00,2026-08-01 05:23:08.946824+00:00,2026-08-01 02:20:27.560606+00:00,security_metrics,ml_engine,4bc7d549,-0.5,0.18433616521969926,1,1.8176633602706715e-05,Stage 2 - ICS Impact,Damage to Property,T0828,Loss of Safety,Modbus,Level 2
_result,1,2026-07-31 21:37:43.154390+00:00,2026-08-01 05:23:08.946824+00:00,2026-08-01 02:20:44.380378+00:00,security_metrics,ml_engine,4bc7d549,-0.5,0.030542699653840488,1,2.5238859961973503e-05,Stage 2 - ICS Impact,Damage to Property,T0828,Loss of Safety,Modbus,Level 2
_result,1,2026-07-31 21:37:43.154390+00:00,2026-08-01 05:23:08.946824+00:00,2026-08-01 02:21:01.108426+00:00,security_metrics,ml_engine,4bc7d549,-0.5,0.13459118291859812,1,2.6544114007265307e-05,Stage 2 - ICS Impact,Damage to Property,T0828,Loss of Safety,Modbus,Level 2
_result,1,2026-07-31 21:37:43.154390+00:00,2026-08-01 05:23:08.946824+00:00,2026-08-01 02:21:17.836760+00:00,security_metrics,ml_engine,4bc7d549,-0.5,0.15434257510427374,1,1.5324721971410327e-05,Stage 2 - ICS Impact,Damage to Property,T0828,Loss of Safety,Modbus,Level 2
_result,1,2026-07-31 21:37:43.154390+00:00,2026-08-01 05:23:08.946824+00:00,2026-08-01 02:21:34.580866+00:00,security_metrics,ml_engine,4bc7d549,-0.5,0.019870803105066615,1,0.004835057538002729,Stage 2 - ICS Impact,Damage to Property,T0828,Loss of Safety,Modbus,Level 2
_result,1,2026-07-31 21:37:43.154390+00:00,2026-08-01 05:23:08.946824+00:00,2026-08-01 02:21:51.404794+00:00,security_metrics,ml_engine,4bc7d549,-0.5,0.13189764618425975,1,2.216154280176852e-05,Stage 2 - ICS Impact,Damage to Property,T0828,Loss of Safety,Modbus,Level 2
_result,1,2026-07-31 21:37:43.154390+00:00,2026-08-01 05:23:08.946824+00:00,2026-08-01 02:22:08.131527+00:00,security_metrics,ml_engine,4bc7d549,-0.5,0.1737452525076728,1,2.0098039385629818e-05,Stage 2 - ICS Impact,Damage to Property,T0828,Loss of Safety,Modbus,Level 2
_result,1,2026-07-31 21:37:43.154390+00:00,2026-08-01 05:23:08.946824+00:00,2026-08-01 02:22:24.998458+00:00,security_metrics,ml_engine,4bc7d549,-0.5,0.14202856480453618,1,1.6053139916039072e-05,Stage 2 - ICS Impact,Damage to Property,T0828,Loss of Safety,Modbus,Level 2
_result,1,2026-07-31 21:37:43.154390+00:00,2026-08-01 05:23:08.946824+00:00,2026-08-01 02:22:41.720847+00:00,security_metrics,ml_engine,4bc7d549,-0.5,0.1450923207642862,1,2.3979540856089443e-05,Stage 2 - ICS Impact,Damage to Property,T0828,Loss of Safety,Modbus,Level 2
_result,1,2026-07-31 21:37:43.154390+00:00,2026-08-01 05:23:08.946824+00:00,2026-08-01 02:22:58.444775+00:00,security_metrics,ml_engine,4bc7d549,-0.5,0.1654578486282391,1,2.0511224647634663e-05,Stage 2 - ICS Impact,Damage to Property,T0828,Loss of Safety,Modbus,Level 2
_result,1,2026-07-31 21:37:43.154390+00:00,2026-08-01 05:23:08.946824+00:00,2026-08-01 02:23:15.149941+00:00,security_metrics,ml_engine,4bc7d549,-0.5,0.15663109621873472,1,1.6994026736938395e-05,Stage 2 - ICS Impact,Damage to Property,T0828,Loss of Safety,Modbus,Level 2
_result,1,2026-07-31 21:37:43.154390+00:00,2026-08-01 05:23:08.946824+00:00,2026-08-01 02:23:31.961611+00:00,security_metrics,ml_engine,4bc7d549,-0.5,0.13255456058986104,1,2.1082116290926933e-05,Stage 2 - ICS Impact,Damage to Property,T0828,Loss of Safety,Modbus,Level 2
_result,1,2026-07-31 21:37:43.154390+00:00,2026-08-01 05:23:08.946824+00:00,2026-08-01 02:23:48.667297+00:00,security_metrics,ml_engine,4bc7d549,-0.5,0.15496913818629643,1,2.374449832132086e-05,Stage 2 - ICS Impact,Damage to Property,T0828,Loss of Safety,Modbus,Level 2
_result,1,2026-07-31 21:37:43.154390+00:00,2026-08-01 05:23:08.946824+00:00,2026-08-01 02:24:05.348943+00:00,security_metrics,ml_engine,4bc7d549,-0.5,0.16380922663065278,1,0.00067665777169168,Stage 2 - ICS Impact,Damage to Property,T0828,Loss of Safety,Modbus,Level 2
_result,1,2026-07-31 21:37:43.154390+00:00,2026-08-01 05:23:08.946824+00:00,2026-08-01 02:24:22.159997+00:00,security_metrics,ml_engine,4bc7d549,-0.5,0.18250307506704905,1,0.0005890819593332708,Stage 2 - ICS Impact,Damage to Property,T0828,Loss of Safety,Modbus,Level 2
_result,1,2026-07-31 21:37:43.154390+00:00,2026-08-01 05:23:08.946824+00:00,2026-08-01 02:24:38.845043+00:00,security_metrics,ml_engine,4bc7d549,-0.5,0.10646312133207814,1,2.4146069335984066e-05,Stage 2 - ICS Impact,Damage to Property,T0828,Loss of Safety,Modbus,Level 2
_result,1,2026-07-31 21:37:43.154390+00:00,2026-08-01 05:23:08.946824+00:00,2026-08-01 02:24:55.547315+00:00,security_metrics,ml_engine,4bc7d549,-0.5,0.15088730808345108,1,2.1307549104676582e-05,Stage 2 - ICS Impact,Damage to Property,T0828,Loss of Safety,Modbus,Level 2
_result,1,2026-07-31 21:37:43.154390+00:00,2026-08-01 05:23:08.946824+00:00,2026-08-01 02:25:12.241474+00:00,security_metrics,ml_engine,4bc7d549,-0.5,0.14619641745744538,1,2.7088097340310924e-05,Stage 2 - ICS Impact,Damage to Property,T0828,Loss of Safety,Modbus,Level 2
_result,1,2026-07-31 21:37:43.154390+00:00,2026-08-01 05:23:08.946824+00:00,2026-08-01 02:25:29.053891+00:00,security_metrics,ml_engine,4bc7d549,-0.5,0.16738694130222448,1,2.8012162147206254e-05,Stage 2 - ICS Impact,Damage to Property,T0828,Loss of Safety,Modbus,Level 2
_result,1,2026-07-31 21:37:43.154390+00:00,2026-08-01 05:23:08.946824+00:00,2026-08-01 02:25:45.744879+00:00,security_metrics,ml_engine,4bc7d549,-0.5,0.15214343635082384,1,1.7439009752706625e-05,Stage 2 - ICS Impact,Damage to Property,T0828,Loss of Safety,Modbus,Level 2
_result,1,2026-07-31 21:37:43.154390+00:00,2026-08-01 05:23:08.946824+00:00,2026-08-01 02:26:02.441872+00:00,security_metrics,ml_engine,4bc7d549,-0.5,0.11860292373007858,1,1.8453221855452284e-05,Stage 2 - ICS Impact,Damage to Property,T0828,Loss of Safety,Modbus,Level 2
_result,1,2026-07-31 21:37:43.154390+00:00,2026-08-01 05:23:08.946824+00:00,2026-08-01 02:26:19.257617+00:00,security_metrics,ml_engine,4bc7d549,-0.5,0.04340346074183721,1,2.6287929358659312e-05,Stage 2 - ICS Impact,Damage to Property,T0828,Loss of Safety,Modbus,Level 2
_result,1,2026-07-31 21:37:43.154390+00:00,2026-08-01 05:23:08.946824+00:00,2026-08-01 02:26:35.962452+00:00,security_metrics,ml_engine,4bc7d549,-0.5,0.14301751475724178,1,1.9704733858816326e-05,Stage 2 - ICS Impact,Damage to Property,T0828,Loss of Safety,Modbus,Level 2
_result,1,2026-07-31 21:37:43.154390+00:00,2026-08-01 05:23:08.946824+00:00,2026-08-01 02:26:52.647655+00:00,security_metrics,ml_engine,4bc7d549,-0.5,0.12299296389503073,1,0.00059609703021124,Stage 2 - ICS Impact,Damage to Property,T0828,Loss of Safety,Modbus,Level 2
_result,1,2026-07-31 21:37:43.154390+00:00,2026-08-01 05:23:08.946824+00:00,2026-08-01 02:27:09.474692+00:00,security_metrics,ml_engine,4bc7d549,-0.5,0.02089322566030649,1,0.060548290610313416,Stage 2 - ICS Impact,Damage to Property,T0828,Loss of Safety,Modbus,Level 2
_result,1,2026-07-31 21:37:43.154390+00:00,2026-08-01 05:23:08.946824+00:00,2026-08-01 02:27:26.216938+00:00,security_metrics,ml_engine,4bc7d549,-0.5,0.035334567675988526,1,0.07948266714811325,Stage 2 - ICS Impact,Damage to Property,T0828,Loss of Safety,Modbus,Level 2
_result,1,2026-07-31 21:37:43.154390+00:00,2026-08-01 05:23:08.946824+00:00,2026-08-01 02:27:42.917506+00:00,security_metrics,ml_engine,4bc7d549,-0.5,0.09828326601122661,1,3.223714520572685e-05,Stage 2 - ICS Impact,Damage to Property,T0828,Loss of Safety,Modbus,Level 2
_result,1,2026-07-31 21:37:43.154390+00:00,2026-08-01 05:23:08.946824+00:00,2026-08-01 02:27:59.717480+00:00,security_metrics,ml_engine,4bc7d549,-0.5,0.11674225408813066,1,1.7647098502493463e-05,Stage 2 - ICS Impact,Damage to Property,T0828,Loss of Safety,Modbus,Level 2
_result,1,2026-07-31 21:37:43.154390+00:00,2026-08-01 05:23:08.946824+00:00,2026-08-01 02:28:16.409834+00:00,security_metrics,ml_engine,4bc7d549,-0.5,0.1322166854945444,1,2.063243846350815e-05,Stage 2 - ICS Impact,Damage to Property,T0828,Loss of Safety,Modbus,Level 2
_result,1,2026-07-31 21:37:43.154390+00:00,2026-08-01 05:23:08.946824+00:00,2026-08-01 02:28:33.103563+00:00,security_metrics,ml_engine,4bc7d549,-0.5,0.13002211861406138,1,2.6117962988791987e-05,Stage 2 - ICS Impact,Damage to Property,T0828,Loss of Safety,Modbus,Level 2
_result,1,2026-07-31 21:37:43.154390+00:00,2026-08-01 05:23:08.946824+00:00,2026-08-01 02:28:49.921900+00:00,security_metrics,ml_engine,4bc7d549,-0.5,0.15953965876444737,1,1.7681755707599223e-05,Stage 2 - ICS Impact,Damage to Property,T0828,Loss of Safety,Modbus,Level 2
_result,1,2026-07-31 21:37:43.154390+00:00,2026-08-01 05:23:08.946824+00:00,2026-08-01 02:29:06.615811+00:00,security_metrics,ml_engine,4bc7d549,-0.5,0.06315719651026852,1,1.984601294680033e-05,Stage 2 - ICS Impact,Damage to Property,T0828,Loss of Safety,Modbus,Level 2
_result,1,2026-07-31 21:37:43.154390+00:00,2026-08-01 05:23:08.946824+00:00,2026-08-01 02:29:23.316342+00:00,security_metrics,ml_engine,4bc7d549,-0.5,-0.009767504029701168,1,1.9462819182081148e-05,Stage 2 - ICS Impact,Damage to Property,T0828,Loss of Safety,Modbus,Level 2
_result,1,2026-07-31 21:37:43.154390+00:00,2026-08-01 05:23:08.946824+00:00,2026-08-01 02:29:40.029076+00:00,security_metrics,ml_engine,4bc7d549,-0.5,0.1237737050811808,1,2.067609239020385e-05,Stage 2 - ICS Impact,Damage to Property,T0828,Loss of Safety,Modbus,Level 2
_result,1,2026-07-31 21:37:43.154390+00:00,2026-08-01 05:23:08.946824+00:00,2026-08-01 02:29:56.839379+00:00,security_metrics,ml_engine,4bc7d549,-0.5,0.12312972007978096,1,2.987193329317961e-05,Stage 2 - ICS Impact,Damage to Property,T0828,Loss of Safety,Modbus,Level 2
_result,1,2026-07-31 21:37:43.154390+00:00,2026-08-01 05:23:08.946824+00:00,2026-08-01 02:30:13.542282+00:00,security_metrics,ml_engine,4bc7d549,-0.5,0.11219426892033268,1,1.74668530235067e-05,Stage 2 - ICS Impact,Damage to Property,T0828,Loss of Safety,Modbus,Level 2
_result,1,2026-07-31 21:37:43.154390+00:00,2026-08-01 05:23:08.946824+00:00,2026-08-01 02:30:30.355651+00:00,security_metrics,ml_engine,4bc7d549,-0.5,0.14067074142025393,1,0.0006100995815359056,Stage 2 - ICS Impact,Damage to Property,T0828,Loss of Safety,Modbus,Level 2
_result,1,2026-07-31 21:37:43.154390+00:00,2026-08-01 05:23:08.946824+00:00,2026-08-01 02:30:47.076376+00:00,security_metrics,ml_engine,4bc7d549,-0.5,0.18315413772591643,1,2.488016616553068e-05,Stage 2 - ICS Impact,Damage to Property,T0828,Loss of Safety,Modbus,Level 2
_result,1,2026-07-31 21:37:43.154390+00:00,2026-08-01 05:23:08.946824+00:00,2026-08-01 02:31:03.786832+00:00,security_metrics,ml_engine,4bc7d549,-0.5,0.1468409197594835,1,2.3672189854551107e-05,Stage 2 - ICS Impact,Damage to Property,T0828,Loss of Safety,Modbus,Level 2
_result,1,2026-07-31 21:37:43.154390+00:00,2026-08-01 05:23:08.946824+00:00,2026-08-01 02:31:20.496886+00:00,security_metrics,ml_engine,4bc7d549,-0.5,0.024390878375642244,1,0.004825477954000235,Stage 2 - ICS Impact,Damage to Property,T0828,Loss of Safety,Modbus,Level 2
_result,1,2026-07-31 21:37:43.154390+00:00,2026-08-01 05:23:08.946824+00:00,2026-08-01 02:31:37.307714+00:00,security_metrics,ml_engine,4bc7d549,-0.5,0.13527528810898937,1,1.867544779088348e-05,Stage 2 - ICS Impact,Damage to Property,T0828,Loss of Safety,Modbus,Level 2
_result,1,2026-07-31 21:37:43.154390+00:00,2026-08-01 05:23:08.946824+00:00,2026-08-01 02:31:54.002854+00:00,security_metrics,ml_engine,4bc7d549,-0.5,0.10292053272717239,1,2.2083371732151136e-05,Stage 2 - ICS Impact,Damage to Property,T0828,Loss of Safety,Modbus,Level 2
_result,1,2026-07-31 21:37:43.154390+00:00,2026-08-01 05:23:08.946824+00:00,2026-08-01 02:32:10.696686+00:00,security_metrics,ml_engine,4bc7d549,-0.5,0.11763592078383056,1,2.5575565814506263e-05,Stage 2 - ICS Impact,Damage to Property,T0828,Loss of Safety,Modbus,Level 2
_result,1,2026-07-31 21:37:43.154390+00:00,2026-08-01 05:23:08.946824+00:00,2026-08-01 02:32:27.531235+00:00,security_metrics,ml_engine,4bc7d549,-0.5,0.16260696929592205,1,2.131199653376825e-05,Stage 2 - ICS Impact,Damage to Property,T0828,Loss of Safety,Modbus,Level 2
_result,1,2026-07-31 21:37:43.154390+00:00,2026-08-01 05:23:08.946824+00:00,2026-08-01 02:32:44.220000+00:00,security_metrics,ml_engine,4bc7d549,-0.5,0.14831543940651248,1,1.6564505131100304e-05,Stage 2 - ICS Impact,Damage to Property,T0828,Loss of Safety,Modbus,Level 2
_result,1,2026-07-31 21:37:43.154390+00:00,2026-08-01 05:23:08.946824+00:00,2026-08-01 02:33:00.944440+00:00,security_metrics,ml_engine,4bc7d549,-0.5,0.14883918600639062,1,0.00044661533320322633,Stage 2 - ICS Impact,Damage to Property,T0828,Loss of Safety,Modbus,Level 2
_result,1,2026-07-31 21:37:43.154390+00:00,2026-08-01 05:23:08.946824+00:00,2026-08-01 02:33:17.651898+00:00,security_metrics,ml_engine,4bc7d549,-0.5,0.09309663745497387,1,2.6662160962587222e-05,Stage 2 - ICS Impact,Damage to Property,T0828,Loss of Safety,Modbus,Level 2
_result,1,2026-07-31 21:37:43.154390+00:00,2026-08-01 05:23:08.946824+00:00,2026-08-01 02:33:34.466341+00:00,security_metrics,ml_engine,4bc7d549,-0.5,0.09497866536794719,1,2.7554042389965616e-05,Stage 2 - ICS Impact,Damage to Property,T0828,Loss of Safety,Modbus,Level 2
_result,1,2026-07-31 21:37:43.154390+00:00,2026-08-01 05:23:08.946824+00:00,2026-08-01 02:33:51.187939+00:00,security_metrics,ml_engine,4bc7d549,-0.5,0.11450165340343132,1,0.0005366370314732194,Stage 2 - ICS Impact,Damage to Property,T0828,Loss of Safety,Modbus,Level 2
_result,1,2026-07-31 21:37:43.154390+00:00,2026-08-01 05:23:08.946824+00:00,2026-08-01 02:34:07.904416+00:00,security_metrics,ml_engine,4bc7d549,-0.5,0.15496913818629643,1,2.669808418431785e-05,Stage 2 - ICS Impact,Damage to Property,T0828,Loss of Safety,Modbus,Level 2
_result,1,2026-07-31 21:37:43.154390+00:00,2026-08-01 05:23:08.946824+00:00,2026-08-01 02:34:24.729576+00:00,security_metrics,ml_engine,4bc7d549,-0.5,0.14372084703997556,1,2.2553902454092167e-05,Stage 2 - ICS Impact,Damage to Property,T0828,Loss of Safety,Modbus,Level 2
_result,1,2026-07-31 21:37:43.154390+00:00,2026-08-01 05:23:08.946824+00:00,2026-08-01 02:34:41.445802+00:00,security_metrics,ml_engine,4bc7d549,-0.5,0.05579674734340323,1,0.2158237099647522,Stage 2 - ICS Impact,Damage to Property,T0828,Loss of Safety,Modbus,Level 2
_result,1,2026-07-31 21:37:43.154390+00:00,2026-08-01 05:23:08.946824+00:00,2026-08-01 02:34:58.158949+00:00,security_metrics,ml_engine,4bc7d549,-0.5,0.14018605532488682,1,0.11958244442939758,Stage 2 - ICS Impact,Damage to Property,T0828,Loss of Safety,Modbus,Level 2
_result,1,2026-07-31 21:37:43.154390+00:00,2026-08-01 05:23:08.946824+00:00,2026-08-01 02:35:14.969793+00:00,security_metrics,ml_engine,4bc7d549,-0.5,0.11219426892033268,1,1.9041919586015865e-05,Stage 2 - ICS Impact,Damage to Property,T0828,Loss of Safety,Modbus,Level 2
_result,1,2026-07-31 21:37:43.154390+00:00,2026-08-01 05:23:08.946824+00:00,2026-08-01 02:35:31.625654+00:00,security_metrics,ml_engine,4bc7d549,-0.5,0.08160652194905826,1,2.1895915779168718e-05,Stage 2 - ICS Impact,Damage to Property,T0828,Loss of Safety,Modbus,Level 2
_result,1,2026-07-31 21:37:43.154390+00:00,2026-08-01 05:23:08.946824+00:00,2026-08-01 02:35:48.281952+00:00,security_metrics,ml_engine,4bc7d549,-0.5,0.10312295990887266,1,1.9677401724038646e-05,Stage 2 - ICS Impact,Damage to Property,T0828,Loss of Safety,Modbus,Level 2
_result,1,2026-07-31 21:37:43.154390+00:00,2026-08-01 05:23:08.946824+00:00,2026-08-01 02:36:05.026027+00:00,security_metrics,ml_engine,4bc7d549,-0.5,0.16317259916121624,1,2.0817951735807583e-05,Stage 2 - ICS Impact,Damage to Property,T0828,Loss of Safety,Modbus,Level 2
_result,1,2026-07-31 21:37:43.154390+00:00,2026-08-01 05:23:08.946824+00:00,2026-08-01 02:36:21.673180+00:00,security_metrics,ml_engine,4bc7d549,-0.5,0.14611877145749014,1,2.0149607735220343e-05,Stage 2 - ICS Impact,Damage to Property,T0828,Loss of Safety,Modbus,Level 2
_result,1,2026-07-31 21:37:43.154390+00:00,2026-08-01 05:23:08.946824+00:00,2026-08-01 02:36:38.339171+00:00,security_metrics,ml_engine,4bc7d549,-0.5,0.14075682976208537,1,1.8835220544133335e-05,Stage 2 - ICS Impact,Damage to Property,T0828,Loss of Safety,Modbus,Level 2
_result,1,2026-07-31 21:37:43.154390+00:00,2026-08-01 05:23:08.946824+00:00,2026-08-01 02:36:54.993054+00:00,security_metrics,ml_engine,4bc7d549,-0.5,0.14914079787681744,1,1.8823722712113522e-05,Stage 2 - ICS Impact,Damage to Property,T0828,Loss of Safety,Modbus,Level 2
_result,1,2026-07-31 21:37:43.154390+00:00,2026-08-01 05:23:08.946824+00:00,2026-08-01 02:37:11.759396+00:00,security_metrics,ml_engine,4bc7d549,-0.5,0.1152812985676257,1,0.0005354621098376811,Stage 2 - ICS Impact,Damage to Property,T0828,Loss of Safety,Modbus,Level 2
_result,1,2026-07-31 21:37:43.154390+00:00,2026-08-01 05:23:08.946824+00:00,2026-08-01 02:37:28.479872+00:00,security_metrics,ml_engine,4bc7d549,-0.5,0.13046252684833914,1,2.3012431483948603e-05,Stage 2 - ICS Impact,Damage to Property,T0828,Loss of Safety,Modbus,Level 2
_result,1,2026-07-31 21:37:43.154390+00:00,2026-08-01 05:23:08.946824+00:00,2026-08-01 02:37:45.169482+00:00,security_metrics,ml_engine,4bc7d549,-0.5,0.18497991971715427,1,2.825554292940069e-05,Stage 2 - ICS Impact,Damage to Property,T0828,Loss of Safety,Modbus,Level 2
_result,1,2026-07-31 21:37:43.154390+00:00,2026-08-01 05:23:08.946824+00:00,2026-08-01 02:38:01.984841+00:00,security_metrics,ml_engine,4bc7d549,-0.5,0.05567990995911509,1,1.983242509595584e-05,Stage 2 - ICS Impact,Damage to Property,T0828,Loss of Safety,Modbus,Level 2
_result,1,2026-07-31 21:37:43.154390+00:00,2026-08-01 05:23:08.946824+00:00,2026-08-01 02:38:18.688776+00:00,security_metrics,ml_engine,4bc7d549,-0.5,0.11214094285645038,1,1.8652717699296772e-05,Stage 2 - ICS Impact,Damage to Property,T0828,Loss of Safety,Modbus,Level 2
_result,1,2026-07-31 21:37:43.154390+00:00,2026-08-01 05:23:08.946824+00:00,2026-08-01 02:38:35.396026+00:00,security_metrics,ml_engine,4bc7d549,-0.5,0.13869673460095755,1,2.1218915208010003e-05,Stage 2 - ICS Impact,Damage to Property,T0828,Loss of Safety,Modbus,Level 2
_result,1,2026-07-31 21:37:43.154390+00:00,2026-08-01 05:23:08.946824+00:00,2026-08-01 02:38:52.211169+00:00,security_metrics,ml_engine,4bc7d549,-0.5,0.025796917942425113,1,0.0004817996232304722,Stage 2 - ICS Impact,Damage to Property,T0828,Loss of Safety,Modbus,Level 2
_result,1,2026-07-31 21:37:43.154390+00:00,2026-08-01 05:23:08.946824+00:00,2026-08-01 02:39:08.905679+00:00,security_metrics,ml_engine,4bc7d549,-0.5,0.12312972007978096,1,2.157966810045764e-05,Stage 2 - ICS Impact,Damage to Property,T0828,Loss of Safety,Modbus,Level 2
_result,1,2026-07-31 21:37:43.154390+00:00,2026-08-01 05:23:08.946824+00:00,2026-08-01 02:39:25.598035+00:00,security_metrics,ml_engine,4bc7d549,-0.5,0.11741966248643321,1,1.9665383661049418e-05,Stage 2 - ICS Impact,Damage to Property,T0828,Loss of Safety,Modbus,Level 2
_result,1,2026-07-31 21:37:43.154390+00:00,2026-08-01 05:23:08.946824+00:00,2026-08-01 02:39:42.434041+00:00,security_metrics,ml_engine,4bc7d549,-0.5,0.030741293486656995,1,2.1509125872398727e-05,Stage 2 - ICS Impact,Damage to Property,T0828,Loss of Safety,Modbus,Level 2
_result,1,2026-07-31 21:37:43.154390+00:00,2026-08-01 05:23:08.946824+00:00,2026-08-01 02:39:59.159283+00:00,security_metrics,ml_engine,4bc7d549,-0.5,0.13459118291859812,1,2.3335658625001088e-05,Stage 2 - ICS Impact,Damage to Property,T0828,Loss of Safety,Modbus,Level 2
_result,1,2026-07-31 21:37:43.154390+00:00,2026-08-01 05:23:08.946824+00:00,2026-08-01 02:40:15.859955+00:00,security_metrics,ml_engine,4bc7d549,-0.5,0.1351686450906976,1,2.514238076400943e-05,Stage 2 - ICS Impact,Damage to Property,T0828,Loss of Safety,Modbus,Level 2
_result,1,2026-07-31 21:37:43.154390+00:00,2026-08-01 05:23:08.946824+00:00,2026-08-01 02:40:32.695952+00:00,security_metrics,ml_engine,4bc7d549,-0.5,0.11219426892033268,1,1.7715095964376815e-05,Stage 2 - ICS Impact,Damage to Property,T0828,Loss of Safety,Modbus,Level 2
_result,1,2026-07-31 21:37:43.154390+00:00,2026-08-01 05:23:08.946824+00:00,2026-08-01 02:40:49.406467+00:00,security_metrics,ml_engine,4bc7d549,-0.5,0.1351686450906976,1,1.9337729099788703e-05,Stage 2 - ICS Impact,Damage to Property,T0828,Loss of Safety,Modbus,Level 2
_result,1,2026-07-31 21:37:43.154390+00:00,2026-08-01 05:23:08.946824+00:00,2026-08-01 02:41:06.113845+00:00,security_metrics,ml_engine,4bc7d549,-0.5,0.11042520581674331,1,1.7625214240979403e-05,Stage 2 - ICS Impact,Damage to Property,T0828,Loss of Safety,Modbus,Level 2
_result,1,2026-07-31 21:37:43.154390+00:00,2026-08-01 05:23:08.946824+00:00,2026-08-01 02:41:22.827135+00:00,security_metrics,ml_engine,4bc7d549,-0.5,0.08560779216389558,1,3.135470615234226e-05,Stage 2 - ICS Impact,Damage to Property,T0828,Loss of Safety,Modbus,Level 2
_result,1,2026-07-31 21:37:43.154390+00:00,2026-08-01 05:23:08.946824+00:00,2026-08-01 02:41:39.632901+00:00,security_metrics,ml_engine,4bc7d549,-0.5,0.0068904428980255394,1,2.362362647545524e-05,Stage 2 - ICS Impact,Damage to Property,T0828,Loss of Safety,Modbus,Level 2
_result,1,2026-07-31 21:37:43.154390+00:00,2026-08-01 05:23:08.946824+00:00,2026-08-01 02:41:56.338451+00:00,security_metrics,ml_engine,4bc7d549,-0.5,0.13297802709637108,1,1.7259628293686546e-05,Stage 2 - ICS Impact,Damage to Property,T0828,Loss of Safety,Modbus,Level 2
_result,1,2026-07-31 21:37:43.154390+00:00,2026-08-01 05:23:08.946824+00:00,2026-08-01 02:42:13.048302+00:00,security_metrics,ml_engine,4bc7d549,-0.5,0.1915051513524597,1,2.333738848392386e-05,Stage 2 - ICS Impact,Damage to Property,T0828,Loss of Safety,Modbus,Level 2
_result,1,2026-07-31 21:37:43.154390+00:00,2026-08-01 05:23:08.946824+00:00,2026-08-01 02:42:29.885860+00:00,security_metrics,ml_engine,4bc7d549,-0.5,0.11618586858724034,1,1.6303178199450485e-05,Stage 2 - ICS Impact,Damage to Property,T0828,Loss of Safety,Modbus,Level 2
_result,1,2026-07-31 21:37:43.154390+00:00,2026-08-01 05:23:08.946824+00:00,2026-08-01 02:42:46.583056+00:00,security_metrics,ml_engine,4bc7d549,-0.5,0.00012038387845414444,1,0.004828863311558962,Stage 2 - ICS Impact,Damage to Property,T0828,Loss of Safety,Modbus,Level 2
_result,1,2026-07-31 21:37:43.154390+00:00,2026-08-01 05:23:08.946824+00:00,2026-08-01 02:43:03.298126+00:00,security_metrics,ml_engine,4bc7d549,-0.5,0.025943523437595317,1,0.1438216120004654,Stage 2 - ICS Impact,Damage to Property,T0828,Loss of Safety,Modbus,Level 2
_result,1,2026-07-31 21:37:43.154390+00:00,2026-08-01 05:23:08.946824+00:00,2026-08-01 02:43:20.142461+00:00,security_metrics,ml_engine,4bc7d549,-0.5,0.04552488662064946,1,0.2199684977531433,Stage 2 - ICS Impact,Damage to Property,T0828,Loss of Safety,Modbus,Level 2
_result,1,2026-07-31 21:37:43.154390+00:00,2026-08-01 05:23:08.946824+00:00,2026-08-01 02:43:36.876924+00:00,security_metrics,ml_engine,4bc7d549,-0.5,0.07565043528410476,1,0.21569885313510895,Stage 2 - ICS Impact,Damage to Property,T0828,Loss of Safety,Modbus,Level 2
_result,1,2026-07-31 21:37:43.154390+00:00,2026-08-01 05:23:08.946824+00:00,2026-08-01 02:43:53.561712+00:00,security_metrics,ml_engine,4bc7d549,-0.5,0.18985580402711266,1,0.07264527678489685,Stage 2 - ICS Impact,Damage to Property,T0828,Loss of Safety,Modbus,Level 2
_result,1,2026-07-31 21:37:43.154390+00:00,2026-08-01 05:23:08.946824+00:00,2026-08-01 02:44:10.337847+00:00,security_metrics,ml_engine,4bc7d549,-0.5,0.13189764618425975,1,2.2229480237001553e-05,Stage 2 - ICS Impact,Damage to Property,T0828,Loss of Safety,Modbus,Level 2
_result,1,2026-07-31 21:37:43.154390+00:00,2026-08-01 05:23:08.946824+00:00,2026-08-01 02:44:26.997749+00:00,security_metrics,ml_engine,4bc7d549,-0.5,0.13676514440435333,1,1.8102695321431383e-05,Stage 2 - ICS Impact,Damage to Property,T0828,Loss of Safety,Modbus,Level 2
_result,1,2026-07-31 21:37:43.154390+00:00,2026-08-01 05:23:08.946824+00:00,2026-08-01 02:44:43.655670+00:00,security_metrics,ml_engine,4bc7d549,-0.5,0.10646312133207814,1,2.676060830708593e-05,Stage 2 - ICS Impact,Damage to Property,T0828,Loss of Safety,Modbus,Level 2
_result,1,2026-07-31 21:37:43.154390+00:00,2026-08-01 05:23:08.946824+00:00,2026-08-01 02:45:00.327350+00:00,security_metrics,ml_engine,4bc7d549,-0.5,0.1425110574896682,1,2.7741174562834203e-05,Stage 2 - ICS Impact,Damage to Property,T0828,Loss of Safety,Modbus,Level 2
_result,1,2026-07-31 21:37:43.154390+00:00,2026-08-01 05:23:08.946824+00:00,2026-08-01 02:45:17.097617+00:00,security_metrics,ml_engine,4bc7d549,-0.5,0.1351686450906976,1,2.3733102352707647e-05,Stage 2 - ICS Impact,Damage to Property,T0828,Loss of Safety,Modbus,Level 2
_result,1,2026-07-31 21:37:43.154390+00:00,2026-08-01 05:23:08.946824+00:00,2026-08-01 02:45:33.761635+00:00,security_metrics,ml_engine,4bc7d549,-0.5,0.1866333043128745,1,1.705669092189055e-05,Stage 2 - ICS Impact,Damage to Property,T0828,Loss of Safety,Modbus,Level 2
_result,1,2026-07-31 21:37:43.154390+00:00,2026-08-01 05:23:08.946824+00:00,2026-08-01 02:45:50.468564+00:00,security_metrics,ml_engine,4bc7d549,-0.5,0.13668465296975807,1,2.103981387335807e-05,Stage 2 - ICS Impact,Damage to Property,T0828,Loss of Safety,Modbus,Level 2
_result,1,2026-07-31 21:37:43.154390+00:00,2026-08-01 05:23:08.946824+00:00,2026-08-01 02:46:07.256950+00:00,security_metrics,ml_engine,4bc7d549,-0.5,0.13068852825340022,1,2.3212814994622022e-05,Stage 2 - ICS Impact,Damage to Property,T0828,Loss of Safety,Modbus,Level 2
_result,1,2026-07-31 21:37:43.154390+00:00,2026-08-01 05:23:08.946824+00:00,2026-08-01 02:46:23.922214+00:00,security_metrics,ml_engine,4bc7d549,-0.5,0.12299296389503073,1,0.0005974614759907126,Stage 2 - ICS Impact,Damage to Property,T0828,Loss of Safety,Modbus,Level 2
_result,1,2026-07-31 21:37:43.154390+00:00,2026-08-01 05:23:08.946824+00:00,2026-08-01 02:46:40.602452+00:00,security_metrics,ml_engine,4bc7d549,-0.5,0.1614084305103073,1,0.0004932687152177095,Stage 2 - ICS Impact,Damage to Property,T0828,Loss of Safety,Modbus,Level 2
_result,1,2026-07-31 21:37:43.154390+00:00,2026-08-01 05:23:08.946824+00:00,2026-08-01 02:46:57.380306+00:00,security_metrics,ml_engine,4bc7d549,-0.5,0.07057313916584285,1,2.3771093765390106e-05,Stage 2 - ICS Impact,Damage to Property,T0828,Loss of Safety,Modbus,Level 2
_result,1,2026-07-31 21:37:43.154390+00:00,2026-08-01 05:23:08.946824+00:00,2026-08-01 02:47:14.033499+00:00,security_metrics,ml_engine,4bc7d549,-0.5,0.10577087680650754,1,2.7810096071334556e-05,Stage 2 - ICS Impact,Damage to Property,T0828,Loss of Safety,Modbus,Level 2
_result,1,2026-07-31 21:37:43.154390+00:00,2026-08-01 05:23:08.946824+00:00,2026-08-01 02:47:30.707040+00:00,security_metrics,ml_engine,4bc7d549,-0.5,0.06363399917482704,1,2.4261644284706563e-05,Stage 2 - ICS Impact,Damage to Property,T0828,Loss of Safety,Modbus,Level 2
_result,1,2026-07-31 21:37:43.154390+00:00,2026-08-01 05:23:08.946824+00:00,2026-08-01 02:47:47.383616+00:00,security_metrics,ml_engine,4bc7d549,-0.5,0.18748663963524176,1,2.5378598365932703e-05,Stage 2 - ICS Impact,Damage to Property,T0828,Loss of Safety,Modbus,Level 2
_result,1,2026-07-31 21:37:43.154390+00:00,2026-08-01 05:23:08.946824+00:00,2026-08-01 02:48:04.239408+00:00,security_metrics,ml_engine,4bc7d549,-0.5,0.1048685209370449,1,2.0579700503731146e-05,Stage 2 - ICS Impact,Damage to Property,T0828,Loss of Safety,Modbus,Level 2
_result,1,2026-07-31 21:37:43.154390+00:00,2026-08-01 05:23:08.946824+00:00,2026-08-01 02:48:20.915271+00:00,security_metrics,ml_engine,4bc7d549,-0.5,0.1819772079183552,1,2.8514488803921267e-05,Stage 2 - ICS Impact,Damage to Property,T0828,Loss of Safety,Modbus,Level 2
_result,1,2026-07-31 21:37:43.154390+00:00,2026-08-01 05:23:08.946824+00:00,2026-08-01 02:48:37.571198+00:00,security_metrics,ml_engine,4bc7d549,-0.5,0.1170810728685906,1,0.0007232308271341026,Stage 2 - ICS Impact,Damage to Property,T0828,Loss of Safety,Modbus,Level 2
_result,1,2026-07-31 21:37:43.154390+00:00,2026-08-01 05:23:08.946824+00:00,2026-08-01 02:48:54.334808+00:00,security_metrics,ml_engine,4bc7d549,-0.5,0.17851024126061066,1,2.3033686375129037e-05,Stage 2 - ICS Impact,Damage to Property,T0828,Loss of Safety,Modbus,Level 2
_result,1,2026-07-31 21:37:43.154390+00:00,2026-08-01 05:23:08.946824+00:00,2026-08-01 02:49:11.006287+00:00,security_metrics,ml_engine,4bc7d549,-0.5,0.12515913797669798,1,3.919015216524713e-05,Stage 2 - ICS Impact,Damage to Property,T0828,Loss of Safety,Modbus,Level 2
_result,1,2026-07-31 21:37:43.154390+00:00,2026-08-01 05:23:08.946824+00:00,2026-08-01 02:49:27.682017+00:00,security_metrics,ml_engine,4bc7d549,-0.5,0.1258241484577063,1,2.1364721760619432e-05,Stage 2 - ICS Impact,Damage to Property,T0828,Loss of Safety,Modbus,Level 2
_result,1,2026-07-31 21:37:43.154390+00:00,2026-08-01 05:23:08.946824+00:00,2026-08-01 02:49:44.456590+00:00,security_metrics,ml_engine,4bc7d549,-0.5,0.14301751475724178,1,2.205722194048576e-05,Stage 2 - ICS Impact,Damage to Property,T0828,Loss of Safety,Modbus,Level 2
_result,1,2026-07-31 21:37:43.154390+00:00,2026-08-01 05:23:08.946824+00:00,2026-08-01 02:50:01.134791+00:00,security_metrics,ml_engine,4bc7d549,-0.5,0.11922835053204278,1,1.9961842554039322e-05,Stage 2 - ICS Impact,Damage to Property,T0828,Loss of Safety,Modbus,Level 2
_result,1,2026-07-31 21:37:43.154390+00:00,2026-08-01 05:23:08.946824+00:00,2026-08-01 02:50:17.830390+00:00,security_metrics,ml_engine,4bc7d549,-0.5,0.14898226456190938,1,3.087733421125449e-05,Stage 2 - ICS Impact,Damage to Property,T0828,Loss of Safety,Modbus,Level 2
_result,1,2026-07-31 21:37:43.154390+00:00,2026-08-01 05:23:08.946824+00:00,2026-08-01 02:50:34.590823+00:00,security_metrics,ml_engine,4bc7d549,-0.5,0.18360840747461482,1,2.093534385494422e-05,Stage 2 - ICS Impact,Damage to Property,T0828,Loss of Safety,Modbus,Level 2
_result,1,2026-07-31 21:37:43.154390+00:00,2026-08-01 05:23:08.946824+00:00,2026-08-01 02:50:51.268748+00:00,security_metrics,ml_engine,4bc7d549,-0.5,0.10991013332989774,1,2.3435881303157657e-05,Stage 2 - ICS Impact,Damage to Property,T0828,Loss of Safety,Modbus,Level 2
_result,1,2026-07-31 21:37:43.154390+00:00,2026-08-01 05:23:08.946824+00:00,2026-08-01 02:51:07.947086+00:00,security_metrics,ml_engine,4bc7d549,-0.5,0.1932886479896978,1,1.9691409761435352e-05,Stage 2 - ICS Impact,Damage to Property,T0828,Loss of Safety,Modbus,Level 2
_result,1,2026-07-31 21:37:43.154390+00:00,2026-08-01 05:23:08.946824+00:00,2026-08-01 02:51:24.615327+00:00,security_metrics,ml_engine,4bc7d549,-0.5,0.13255456058986104,1,0.0006870438810437918,Stage 2 - ICS Impact,Damage to Property,T0828,Loss of Safety,Modbus,Level 2
_result,1,2026-07-31 21:37:43.154390+00:00,2026-08-01 05:23:08.946824+00:00,2026-08-01 02:51:41.375618+00:00,security_metrics,ml_engine,4bc7d549,-0.5,0.11741966248643321,1,1.8862987417378463e-05,Stage 2 - ICS Impact,Damage to Property,T0828,Loss of Safety,Modbus,Level 2
_result,1,2026-07-31 21:37:43.154390+00:00,2026-08-01 05:23:08.946824+00:00,2026-08-01 02:51:58.029373+00:00,security_metrics,ml_engine,4bc7d549,-0.5,0.13863587442616226,1,2.2753634766559117e-05,Stage 2 - ICS Impact,Damage to Property,T0828,Loss of Safety,Modbus,Level 2
_result,1,2026-07-31 21:37:43.154390+00:00,2026-08-01 05:23:08.946824+00:00,2026-08-01 02:52:14.660731+00:00,security_metrics,ml_engine,4bc7d549,-0.5,0.0956820009690591,1,2.053444040939212e-05,Stage 2 - ICS Impact,Damage to Property,T0828,Loss of Safety,Modbus,Level 2
_result,1,2026-07-31 21:37:43.154390+00:00,2026-08-01 05:23:08.946824+00:00,2026-08-01 02:52:31.454995+00:00,security_metrics,ml_engine,4bc7d549,-0.5,0.1425110574896682,1,0.0007180243846960366,Stage 2 - ICS Impact,Damage to Property,T0828,Loss of Safety,Modbus,Level 2
_result,1,2026-07-31 21:37:43.154390+00:00,2026-08-01 05:23:08.946824+00:00,2026-08-01 02:52:48.159110+00:00,security_metrics,ml_engine,4bc7d549,-0.5,0.15888133927330933,1,0.0004829424724448472,Stage 2 - ICS Impact,Damage to Property,T0828,Loss of Safety,Modbus,Level 2
_result,1,2026-07-31 21:37:43.154390+00:00,2026-08-01 05:23:08.946824+00:00,2026-08-01 02:53:04.837011+00:00,security_metrics,ml_engine,4bc7d549,-0.5,0.1608623711530861,1,2.005544774874579e-05,Stage 2 - ICS Impact,Damage to Property,T0828,Loss of Safety,Modbus,Level 2
_result,1,2026-07-31 21:37:43.154390+00:00,2026-08-01 05:23:08.946824+00:00,2026-08-01 02:53:21.642879+00:00,security_metrics,ml_engine,4bc7d549,-0.5,0.08960121555229406,1,0.00045166112249717116,Stage 2 - ICS Impact,Damage to Property,T0828,Loss of Safety,Modbus,Level 2
_result,1,2026-07-31 21:37:43.154390+00:00,2026-08-01 05:23:08.946824+00:00,2026-08-01 02:53:38.325939+00:00,security_metrics,ml_engine,4bc7d549,-0.5,0.1353883569121045,1,2.4617231247248128e-05,Stage 2 - ICS Impact,Damage to Property,T0828,Loss of Safety,Modbus,Level 2
_result,1,2026-07-31 21:37:43.154390+00:00,2026-08-01 05:23:08.946824+00:00,2026-08-01 02:53:55.047766+00:00,security_metrics,ml_engine,4bc7d549,-0.5,0.17197664706034638,1,2.345276516280137e-05,Stage 2 - ICS Impact,Damage to Property,T0828,Loss of Safety,Modbus,Level 2
_result,1,2026-07-31 21:37:43.154390+00:00,2026-08-01 05:23:08.946824+00:00,2026-08-01 02:54:11.743613+00:00,security_metrics,ml_engine,4bc7d549,-0.5,0.1351686450906976,1,2.9464474209817126e-05,Stage 2 - ICS Impact,Damage to Property,T0828,Loss of Safety,Modbus,Level 2
_result,1,2026-07-31 21:37:43.154390+00:00,2026-08-01 05:23:08.946824+00:00,2026-08-01 02:54:28.523187+00:00,security_metrics,ml_engine,4bc7d549,-0.5,0.09508131564674815,1,2.0303312339819968e-05,Stage 2 - ICS Impact,Damage to Property,T0828,Loss of Safety,Modbus,Level 2
_result,1,2026-07-31 21:37:43.154390+00:00,2026-08-01 05:23:08.946824+00:00,2026-08-01 02:54:45.198957+00:00,security_metrics,ml_engine,4bc7d549,-0.5,0.11360026257048561,1,2.2286125386017375e-05,Stage 2 - ICS Impact,Damage to Property,T0828,Loss of Safety,Modbus,Level 2
_result,1,2026-07-31 21:37:43.154390+00:00,2026-08-01 05:23:08.946824+00:00,2026-08-01 02:55:01.887475+00:00,security_metrics,ml_engine,4bc7d549,-0.5,0.13002211861406138,1,1.7105268852901645e-05,Stage 2 - ICS Impact,Damage to Property,T0828,Loss of Safety,Modbus,Level 2
_result,1,2026-07-31 21:37:43.154390+00:00,2026-08-01 05:23:08.946824+00:00,2026-08-01 02:55:18.662682+00:00,security_metrics,ml_engine,4bc7d549,-0.5,0.1556427284959982,1,1.863669058366213e-05,Stage 2 - ICS Impact,Damage to Property,T0828,Loss of Safety,Modbus,Level 2
_result,1,2026-07-31 21:37:43.154390+00:00,2026-08-01 05:23:08.946824+00:00,2026-08-01 02:55:35.368457+00:00,security_metrics,ml_engine,4bc7d549,-0.5,0.18376160595026902,1,2.1427702449727803e-05,Stage 2 - ICS Impact,Damage to Property,T0828,Loss of Safety,Modbus,Level 2
_result,1,2026-07-31 21:37:43.154390+00:00,2026-08-01 05:23:08.946824+00:00,2026-08-01 02:55:52.045431+00:00,security_metrics,ml_engine,4bc7d549,-0.5,0.14119598555679902,1,2.0774255972355604e-05,Stage 2 - ICS Impact,Damage to Property,T0828,Loss of Safety,Modbus,Level 2
_result,1,2026-07-31 21:37:43.154390+00:00,2026-08-01 05:23:08.946824+00:00,2026-08-01 02:56:08.844848+00:00,security_metrics,ml_engine,4bc7d549,-0.5,0.1258241484577063,1,2.1798321540700272e-05,Stage 2 - ICS Impact,Damage to Property,T0828,Loss of Safety,Modbus,Level 2
_result,1,2026-07-31 21:37:43.154390+00:00,2026-08-01 05:23:08.946824+00:00,2026-08-01 02:56:25.534473+00:00,security_metrics,ml_engine,4bc7d549,-0.5,0.14018605532488682,1,1.7334930817014538e-05,Stage 2 - ICS Impact,Damage to Property,T0828,Loss of Safety,Modbus,Level 2
_result,1,2026-07-31 21:37:43.154390+00:00,2026-08-01 05:23:08.946824+00:00,2026-08-01 02:56:42.227460+00:00,security_metrics,ml_engine,4bc7d549,-0.5,0.15244166919510405,1,3.0158966183080338e-05,Stage 2 - ICS Impact,Damage to Property,T0828,Loss of Safety,Modbus,Level 2
_result,1,2026-07-31 21:37:43.154390+00:00,2026-08-01 05:23:08.946824+00:00,2026-08-01 02:56:59.043437+00:00,security_metrics,ml_engine,4bc7d549,-0.5,0.1351686450906976,1,1.8189546608482487e-05,Stage 2 - ICS Impact,Damage to Property,T0828,Loss of Safety,Modbus,Level 2
_result,1,2026-07-31 21:37:43.154390+00:00,2026-08-01 05:23:08.946824+00:00,2026-08-01 02:57:15.737305+00:00,security_metrics,ml_engine,4bc7d549,-0.5,0.16264377588828444,1,2.0935838620061986e-05,Stage 2 - ICS Impact,Damage to Property,T0828,Loss of Safety,Modbus,Level 2
_result,1,2026-07-31 21:37:43.154390+00:00,2026-08-01 05:23:08.946824+00:00,2026-08-01 02:57:32.428133+00:00,security_metrics,ml_engine,4bc7d549,-0.5,0.1267016094119381,1,2.187540303566493e-05,Stage 2 - ICS Impact,Damage to Property,T0828,Loss of Safety,Modbus,Level 2
_result,1,2026-07-31 21:37:43.154390+00:00,2026-08-01 05:23:08.946824+00:00,2026-08-01 02:57:49.138233+00:00,security_metrics,ml_engine,4bc7d549,-0.5,0.11450165340343132,1,0.0005318417097441852,Stage 2 - ICS Impact,Damage to Property,T0828,Loss of Safety,Modbus,Level 2
_result,1,2026-07-31 21:37:43.154390+00:00,2026-08-01 05:23:08.946824+00:00,2026-08-01 02:58:05.914464+00:00,security_metrics,ml_engine,4bc7d549,-0.5,0.10577087680650754,1,1.6866841178853065e-05,Stage 2 - ICS Impact,Damage to Property,T0828,Loss of Safety,Modbus,Level 2
_result,1,2026-07-31 21:37:43.154390+00:00,2026-08-01 05:23:08.946824+00:00,2026-08-01 02:58:22.617215+00:00,security_metrics,ml_engine,4bc7d549,-0.5,0.07128396080767263,1,0.1849140226840973,Stage 2 - ICS Impact,Damage to Property,T0828,Loss of Safety,Modbus,Level 2
_result,1,2026-07-31 21:37:43.154390+00:00,2026-08-01 05:23:08.946824+00:00,2026-08-01 02:58:39.323860+00:00,security_metrics,ml_engine,4bc7d549,-0.5,0.13676514440435333,1,0.02056611143052578,Stage 2 - ICS Impact,Damage to Property,T0828,Loss of Safety,Modbus,Level 2
_result,1,2026-07-31 21:37:43.154390+00:00,2026-08-01 05:23:08.946824+00:00,2026-08-01 02:58:56.075806+00:00,security_metrics,ml_engine,4bc7d549,-0.5,0.12696361640670034,1,2.365580076002516e-05,Stage 2 - ICS Impact,Damage to Property,T0828,Loss of Safety,Modbus,Level 2
_result,1,2026-07-31 21:37:43.154390+00:00,2026-08-01 05:23:08.946824+00:00,2026-08-01 02:59:12.742473+00:00,security_metrics,ml_engine,4bc7d549,-0.5,0.03212999227603264,1,1.9139459254802205e-05,Stage 2 - ICS Impact,Damage to Property,T0828,Loss of Safety,Modbus,Level 2
_result,1,2026-07-31 21:37:43.154390+00:00,2026-08-01 05:23:08.946824+00:00,2026-08-01 02:59:29.388083+00:00,security_metrics,ml_engine,4bc7d549,-0.5,0.12299296389503073,1,1.9651797629194334e-05,Stage 2 - ICS Impact,Damage to Property,T0828,Loss of Safety,Modbus,Level 2
_result,1,2026-07-31 21:37:43.154390+00:00,2026-08-01 05:23:08.946824+00:00,2026-08-01 02:59:46.146231+00:00,security_metrics,ml_engine,4bc7d549,-0.5,0.11780505655888163,1,2.6318191885366105e-05,Stage 2 - ICS Impact,Damage to Property,T0828,Loss of Safety,Modbus,Level 2
_result,1,2026-07-31 21:37:43.154390+00:00,2026-08-01 05:23:08.946824+00:00,2026-08-01 03:00:02.817786+00:00,security_metrics,ml_engine,4bc7d549,-0.5,0.1455503307294771,1,0.00039246160304173827,Stage 2 - ICS Impact,Damage to Property,T0828,Loss of Safety,Modbus,Level 2
_result,1,2026-07-31 21:37:43.154390+00:00,2026-08-01 05:23:08.946824+00:00,2026-08-01 03:00:19.456294+00:00,security_metrics,ml_engine,4bc7d549,-0.5,0.11518604178029168,1,1.8412192730465904e-05,Stage 2 - ICS Impact,Damage to Property,T0828,Loss of Safety,Modbus,Level 2
_result,1,2026-07-31 21:37:43.154390+00:00,2026-08-01 05:23:08.946824+00:00,2026-08-01 03:00:36.112750+00:00,security_metrics,ml_engine,4bc7d549,-0.5,0.12324020126792534,1,0.0006780860712751746,Stage 2 - ICS Impact,Damage to Property,T0828,Loss of Safety,Modbus,Level 2
_result,1,2026-07-31 21:37:43.154390+00:00,2026-08-01 05:23:08.946824+00:00,2026-08-01 03:00:52.909027+00:00,security_metrics,ml_engine,4bc7d549,-0.5,0.10473075207080806,1,2.714889524213504e-05,Stage 2 - ICS Impact,Damage to Property,T0828,Loss of Safety,Modbus,Level 2
_result,1,2026-07-31 21:37:43.154390+00:00,2026-08-01 05:23:08.946824+00:00,2026-08-01 03:01:09.586753+00:00,security_metrics,ml_engine,4bc7d549,-0.5,0.0888861385126476,1,2.6957588488585316e-05,Stage 2 - ICS Impact,Damage to Property,T0828,Loss of Safety,Modbus,Level 2
_result,1,2026-07-31 21:37:43.154390+00:00,2026-08-01 05:23:08.946824+00:00,2026-08-01 03:01:26.263532+00:00,security_metrics,ml_engine,4bc7d549,-0.5,0.13459118291859812,1,3.0274888558778912e-05,Stage 2 - ICS Impact,Damage to Property,T0828,Loss of Safety,Modbus,Level 2
_result,1,2026-07-31 21:37:43.154390+00:00,2026-08-01 05:23:08.946824+00:00,2026-08-01 03:01:43.055932+00:00,security_metrics,ml_engine,4bc7d549,-0.5,0.13777219486870113,1,1.8246524632559158e-05,Stage 2 - ICS Impact,Damage to Property,T0828,Loss of Safety,Modbus,Level 2
_result,1,2026-07-31 21:37:43.154390+00:00,2026-08-01 05:23:08.946824+00:00,2026-08-01 03:01:59.747141+00:00,security_metrics,ml_engine,4bc7d549,-0.5,0.11741966248643321,1,3.841739089693874e-05,Stage 2 - ICS Impact,Damage to Property,T0828,Loss of Safety,Modbus,Level 2
_result,1,2026-07-31 21:37:43.154390+00:00,2026-08-01 05:23:08.946824+00:00,2026-08-01 03:02:16.427875+00:00,security_metrics,ml_engine,4bc7d549,-0.5,0.13002211861406138,1,2.2508542315335944e-05,Stage 2 - ICS Impact,Damage to Property,T0828,Loss of Safety,Modbus,Level 2
_result,1,2026-07-31 21:37:43.154390+00:00,2026-08-01 05:23:08.946824+00:00,2026-08-01 03:02:33.221647+00:00,security_metrics,ml_engine,4bc7d549,-0.5,0.14914079787681744,1,1.922201772686094e-05,Stage 2 - ICS Impact,Damage to Property,T0828,Loss of Safety,Modbus,Level 2
_result,1,2026-07-31 21:37:43.154390+00:00,2026-08-01 05:23:08.946824+00:00,2026-08-01 03:02:49.899486+00:00,security_metrics,ml_engine,4bc7d549,-0.5,0.12312972007978096,1,2.3673876057728194e-05,Stage 2 - ICS Impact,Damage to Property,T0828,Loss of Safety,Modbus,Level 2
_result,1,2026-07-31 21:37:43.154390+00:00,2026-08-01 05:23:08.946824+00:00,2026-08-01 03:03:06.572968+00:00,security_metrics,ml_engine,4bc7d549,-0.5,0.025957360822347564,1,0.00015900464495643973,Stage 2 - ICS Impact,Damage to Property,T0828,Loss of Safety,Modbus,Level 2
_result,1,2026-07-31 21:37:43.154390+00:00,2026-08-01 05:23:08.946824+00:00,2026-08-01 03:03:23.354775+00:00,security_metrics,ml_engine,4bc7d549,-0.5,0.18985580402711266,1,1.766889363352675e-05,Stage 2 - ICS Impact,Damage to Property,T0828,Loss of Safety,Modbus,Level 2
_result,1,2026-07-31 21:37:43.154390+00:00,2026-08-01 05:23:08.946824+00:00,2026-08-01 03:03:40.029935+00:00,security_metrics,ml_engine,4bc7d549,-0.5,0.10577087680650754,1,2.368625246162992e-05,Stage 2 - ICS Impact,Damage to Property,T0828,Loss of Safety,Modbus,Level 2
_result,1,2026-07-31 21:37:43.154390+00:00,2026-08-01 05:23:08.946824+00:00,2026-08-01 03:03:56.680591+00:00,security_metrics,ml_engine,4bc7d549,-0.5,0.18751682129156771,1,2.1855656086700037e-05,Stage 2 - ICS Impact,Damage to Property,T0828,Loss of Safety,Modbus,Level 2
_result,1,2026-07-31 21:37:43.154390+00:00,2026-08-01 05:23:08.946824+00:00,2026-08-01 03:04:13.370073+00:00,security_metrics,ml_engine,4bc7d549,-0.5,0.1373827627498459,1,2.1458943592733704e-05,Stage 2 - ICS Impact,Damage to Property,T0828,Loss of Safety,Modbus,Level 2
_result,1,2026-07-31 21:37:43.154390+00:00,2026-08-01 05:23:08.946824+00:00,2026-08-01 03:04:30.151100+00:00,security_metrics,ml_engine,4bc7d549,-0.5,0.15244166919510405,1,2.1503832613234408e-05,Stage 2 - ICS Impact,Damage to Property,T0828,Loss of Safety,Modbus,Level 2
_result,1,2026-07-31 21:37:43.154390+00:00,2026-08-01 05:23:08.946824+00:00,2026-08-01 03:04:46.854181+00:00,security_metrics,ml_engine,4bc7d549,-0.5,0.1351686450906976,1,2.717934148677159e-05,Stage 2 - ICS Impact,Damage to Property,T0828,Loss of Safety,Modbus,Level 2
_result,1,2026-07-31 21:37:43.154390+00:00,2026-08-01 05:23:08.946824+00:00,2026-08-01 03:27:52.861170+00:00,security_metrics,ml_engine,4bc7d549,-0.5,0.04457413320897874,1,0.2177860289812088,Stage 2 - ICS Impact,Damage to Property,T0828,Loss of Safety,Modbus,Level 2
_result,1,2026-07-31 21:37:43.154390+00:00,2026-08-01 05:23:08.946824+00:00,2026-08-01 03:28:09.692274+00:00,security_metrics,ml_engine,4bc7d549,-0.5,0.11386766173830742,1,0.1972513198852539,Stage 2 - ICS Impact,Damage to Property,T0828,Loss of Safety,Modbus,Level 2
_result,1,2026-07-31 21:37:43.154390+00:00,2026-08-01 05:23:08.946824+00:00,2026-08-01 03:28:26.393707+00:00,security_metrics,ml_engine,4bc7d549,-0.5,0.13459118291859812,1,0.14855457842350006,Stage 2 - ICS Impact,Damage to Property,T0828,Loss of Safety,Modbus,Level 2
_result,1,2026-07-31 21:37:43.154390+00:00,2026-08-01 05:23:08.946824+00:00,2026-08-01 03:28:43.045083+00:00,security_metrics,ml_engine,4bc7d549,-0.5,0.18752821012890508,1,1.8078228094964288e-05,Stage 2 - ICS Impact,Damage to Property,T0828,Loss of Safety,Modbus,Level 2
_result,1,2026-07-31 21:37:43.154390+00:00,2026-08-01 05:23:08.946824+00:00,2026-08-01 03:28:59.692117+00:00,security_metrics,ml_engine,4bc7d549,-0.5,0.13459118291859812,1,2.076508098980412e-05,Stage 2 - ICS Impact,Damage to Property,T0828,Loss of Safety,Modbus,Level 2
_result,1,2026-07-31 21:37:43.154390+00:00,2026-08-01 05:23:08.946824+00:00,2026-08-01 03:29:16.475321+00:00,security_metrics,ml_engine,4bc7d549,-0.5,0.11741966248643321,1,3.2310112146660686e-05,Stage 2 - ICS Impact,Damage to Property,T0828,Loss of Safety,Modbus,Level 2
_result,1,2026-07-31 21:37:43.154390+00:00,2026-08-01 05:23:08.946824+00:00,2026-08-01 03:29:33.121713+00:00,security_metrics,ml_engine,4bc7d549,-0.5,0.061500661421618474,1,2.0969760953448713e-05,Stage 2 - ICS Impact,Damage to Property,T0828,Loss of Safety,Modbus,Level 2
_result,1,2026-07-31 21:37:43.154390+00:00,2026-08-01 05:23:08.946824+00:00,2026-08-01 03:29:49.789992+00:00,security_metrics,ml_engine,4bc7d549,-0.5,0.09870987398919884,1,1.8975957573275082e-05,Stage 2 - ICS Impact,Damage to Property,T0828,Loss of Safety,Modbus,Level 2
_result,1,2026-07-31 21:37:43.154390+00:00,2026-08-01 05:23:08.946824+00:00,2026-08-01 03:30:06.549788+00:00,security_metrics,ml_engine,4bc7d549,-0.5,0.13459118291859812,1,1.733659337332938e-05,Stage 2 - ICS Impact,Damage to Property,T0828,Loss of Safety,Modbus,Level 2
_result,1,2026-07-31 21:37:43.154390+00:00,2026-08-01 05:23:08.946824+00:00,2026-08-01 03:30:23.185506+00:00,security_metrics,ml_engine,4bc7d549,-0.5,0.11758887140781349,1,2.6949737730319612e-05,Stage 2 - ICS Impact,Damage to Property,T0828,Loss of Safety,Modbus,Level 2
_result,1,2026-07-31 21:37:43.154390+00:00,2026-08-01 05:23:08.946824+00:00,2026-08-01 03:30:39.876018+00:00,security_metrics,ml_engine,4bc7d549,-0.5,0.12312972007978096,1,4.239331974531524e-05,Stage 2 - ICS Impact,Damage to Property,T0828,Loss of Safety,Modbus,Level 2
_result,1,2026-07-31 21:37:43.154390+00:00,2026-08-01 05:23:08.946824+00:00,2026-08-01 03:30:56.524111+00:00,security_metrics,ml_engine,4bc7d549,-0.5,0.1295753882218404,1,1.9731056454475038e-05,Stage 2 - ICS Impact,Damage to Property,T0828,Loss of Safety,Modbus,Level 2
_result,1,2026-07-31 21:37:43.154390+00:00,2026-08-01 05:23:08.946824+00:00,2026-08-01 03:31:13.282670+00:00,security_metrics,ml_engine,4bc7d549,-0.5,0.07038033990126935,1,0.0006844252347946167,Stage 2 - ICS Impact,Damage to Property,T0828,Loss of Safety,Modbus,Level 2
_result,1,2026-07-31 21:37:43.154390+00:00,2026-08-01 05:23:08.946824+00:00,2026-08-01 03:31:29.939677+00:00,security_metrics,ml_engine,4bc7d549,-0.5,0.13676514440435333,1,1.8607350284582935e-05,Stage 2 - ICS Impact,Damage to Property,T0828,Loss of Safety,Modbus,Level 2
_result,1,2026-07-31 21:37:43.154390+00:00,2026-08-01 05:23:08.946824+00:00,2026-08-01 03:31:46.582347+00:00,security_metrics,ml_engine,4bc7d549,-0.5,0.1425110574896682,1,3.204307358828373e-05,Stage 2 - ICS Impact,Damage to Property,T0828,Loss of Safety,Modbus,Level 2
_result,1,2026-07-31 21:37:43.154390+00:00,2026-08-01 05:23:08.946824+00:00,2026-08-01 03:32:03.340650+00:00,security_metrics,ml_engine,4bc7d549,-0.5,0.13189764618425975,1,2.856922583305277e-05,Stage 2 - ICS Impact,Damage to Property,T0828,Loss of Safety,Modbus,Level 2
_result,1,2026-07-31 21:37:43.154390+00:00,2026-08-01 05:23:08.946824+00:00,2026-08-01 03:32:19.992749+00:00,security_metrics,ml_engine,4bc7d549,-0.5,0.08061296274832197,1,2.315605706826318e-05,Stage 2 - ICS Impact,Damage to Property,T0828,Loss of Safety,Modbus,Level 2
_result,1,2026-07-31 21:37:43.154390+00:00,2026-08-01 05:23:08.946824+00:00,2026-08-01 03:32:36.633775+00:00,security_metrics,ml_engine,4bc7d549,-0.5,0.11450165340343132,1,2.810122532537207e-05,Stage 2 - ICS Impact,Damage to Property,T0828,Loss of Safety,Modbus,Level 2
_result,1,2026-07-31 21:37:43.154390+00:00,2026-08-01 05:23:08.946824+00:00,2026-08-01 03:32:53.434053+00:00,security_metrics,ml_engine,4bc7d549,-0.5,0.11214094285645038,1,2.916556695709005e-05,Stage 2 - ICS Impact,Damage to Property,T0828,Loss of Safety,Modbus,Level 2
_result,1,2026-07-31 21:37:43.154390+00:00,2026-08-01 05:23:08.946824+00:00,2026-08-01 03:33:10.079119+00:00,security_metrics,ml_engine,4bc7d549,-0.5,0.1363245910100062,1,1.852442801464349e-05,Stage 2 - ICS Impact,Damage to Property,T0828,Loss of Safety,Modbus,Level 2
_result,1,2026-07-31 21:37:43.154390+00:00,2026-08-01 05:23:08.946824+00:00,2026-08-01 03:33:26.713632+00:00,security_metrics,ml_engine,4bc7d549,-0.5,0.06303125070170013,1,3.0275674362201244e-05,Stage 2 - ICS Impact,Damage to Property,T0828,Loss of Safety,Modbus,Level 2
_result,1,2026-07-31 21:37:43.154390+00:00,2026-08-01 05:23:08.946824+00:00,2026-08-01 03:33:43.358850+00:00,security_metrics,ml_engine,4bc7d549,-0.5,0.1342951110351241,1,2.575693179096561e-05,Stage 2 - ICS Impact,Damage to Property,T0828,Loss of Safety,Modbus,Level 2
_result,1,2026-07-31 21:37:43.154390+00:00,2026-08-01 05:23:08.946824+00:00,2026-08-01 03:34:00.101865+00:00,security_metrics,ml_engine,4bc7d549,-0.5,0.10292053272717239,1,2.242694426968228e-05,Stage 2 - ICS Impact,Damage to Property,T0828,Loss of Safety,Modbus,Level 2
_result,1,2026-07-31 21:37:43.154390+00:00,2026-08-01 05:23:08.946824+00:00,2026-08-01 03:34:16.759492+00:00,security_metrics,ml_engine,4bc7d549,-0.5,0.10221165894532735,1,2.1860221750102937e-05,Stage 2 - ICS Impact,Damage to Property,T0828,Loss of Safety,Modbus,Level 2
_result,1,2026-07-31 21:37:43.154390+00:00,2026-08-01 05:23:08.946824+00:00,2026-08-01 03:34:33.406133+00:00,security_metrics,ml_engine,4bc7d549,-0.5,0.11042520581674331,1,1.9896395315299742e-05,Stage 2 - ICS Impact,Damage to Property,T0828,Loss of Safety,Modbus,Level 2
_result,1,2026-07-31 21:37:43.154390+00:00,2026-08-01 05:23:08.946824+00:00,2026-08-01 03:34:50.154917+00:00,security_metrics,ml_engine,4bc7d549,-0.5,0.0729301823395051,1,1.9589904695749283e-05,Stage 2 - ICS Impact,Damage to Property,T0828,Loss of Safety,Modbus,Level 2
_result,1,2026-07-31 21:37:43.154390+00:00,2026-08-01 05:23:08.946824+00:00,2026-08-01 03:35:06.841619+00:00,security_metrics,ml_engine,4bc7d549,-0.5,0.13459118291859812,1,2.2875559807289392e-05,Stage 2 - ICS Impact,Damage to Property,T0828,Loss of Safety,Modbus,Level 2
_result,1,2026-07-31 21:37:43.154390+00:00,2026-08-01 05:23:08.946824+00:00,2026-08-01 03:35:23.523253+00:00,security_metrics,ml_engine,4bc7d549,-0.5,0.11450165340343132,1,0.0002622954489197582,Stage 2 - ICS Impact,Damage to Property,T0828,Loss of Safety,Modbus,Level 2
_result,1,2026-07-31 21:37:43.154390+00:00,2026-08-01 05:23:08.946824+00:00,2026-08-01 03:35:40.333861+00:00,security_metrics,ml_engine,4bc7d549,-0.5,0.1385871063191842,1,0.0006801724666729569,Stage 2 - ICS Impact,Damage to Property,T0828,Loss of Safety,Modbus,Level 2
_result,1,2026-07-31 21:37:43.154390+00:00,2026-08-01 05:23:08.946824+00:00,2026-08-01 03:35:57.018386+00:00,security_metrics,ml_engine,4bc7d549,-0.5,0.14202856480453618,1,2.0240424419171177e-05,Stage 2 - ICS Impact,Damage to Property,T0828,Loss of Safety,Modbus,Level 2
_result,1,2026-07-31 21:37:43.154390+00:00,2026-08-01 05:23:08.946824+00:00,2026-08-01 03:36:13.722234+00:00,security_metrics,ml_engine,4bc7d549,-0.5,0.04664691297494228,1,0.10068655759096146,Stage 2 - ICS Impact,Damage to Property,T0828,Loss of Safety,Modbus,Level 2
_result,1,2026-07-31 21:37:43.154390+00:00,2026-08-01 05:23:08.946824+00:00,2026-08-01 03:36:30.425714+00:00,security_metrics,ml_engine,4bc7d549,-0.5,-0.017310289785843813,1,0.12862347066402435,Stage 2 - ICS Impact,Damage to Property,T0828,Loss of Safety,Modbus,Level 2
_result,1,2026-07-31 21:37:43.154390+00:00,2026-08-01 05:23:08.946824+00:00,2026-08-01 03:36:47.210395+00:00,security_metrics,ml_engine,4bc7d549,-0.5,0.065430748604419,1,5.5916352721396834e-05,Stage 2 - ICS Impact,Damage to Property,T0828,Loss of Safety,Modbus,Level 2
_result,1,2026-07-31 21:37:43.154390+00:00,2026-08-01 05:23:08.946824+00:00,2026-08-01 03:37:03.900381+00:00,security_metrics,ml_engine,4bc7d549,-0.5,0.13668465296975807,1,1.8905509932665154e-05,Stage 2 - ICS Impact,Damage to Property,T0828,Loss of Safety,Modbus,Level 2
_result,1,2026-07-31 21:37:43.154390+00:00,2026-08-01 05:23:08.946824+00:00,2026-08-01 03:37:20.589388+00:00,security_metrics,ml_engine,4bc7d549,-0.5,0.01234900039664355,1,0.004800638183951378,Stage 2 - ICS Impact,Damage to Property,T0828,Loss of Safety,Modbus,Level 2
_result,1,2026-07-31 21:37:43.154390+00:00,2026-08-01 05:23:08.946824+00:00,2026-08-01 03:37:37.389326+00:00,security_metrics,ml_engine,4bc7d549,-0.5,0.11401995622856076,1,2.190159648307599e-05,Stage 2 - ICS Impact,Damage to Property,T0828,Loss of Safety,Modbus,Level 2
_result,1,2026-07-31 21:37:43.154390+00:00,2026-08-01 05:23:08.946824+00:00,2026-08-01 03:37:54.085411+00:00,security_metrics,ml_engine,4bc7d549,-0.5,0.17197664706034638,1,1.8946786440210417e-05,Stage 2 - ICS Impact,Damage to Property,T0828,Loss of Safety,Modbus,Level 2
_result,1,2026-07-31 21:37:43.154390+00:00,2026-08-01 05:23:08.946824+00:00,2026-08-01 03:38:10.813644+00:00,security_metrics,ml_engine,4bc7d549,-0.5,0.14914079787681744,1,1.8673514205147512e-05,Stage 2 - ICS Impact,Damage to Property,T0828,Loss of Safety,Modbus,Level 2
_result,1,2026-07-31 21:37:43.154390+00:00,2026-08-01 05:23:08.946824+00:00,2026-08-01 03:38:27.646172+00:00,security_metrics,ml_engine,4bc7d549,-0.5,0.18392593003680063,1,1.7875388948596083e-05,Stage 2 - ICS Impact,Damage to Property,T0828,Loss of Safety,Modbus,Level 2
_result,1,2026-07-31 21:37:43.154390+00:00,2026-08-01 05:23:08.946824+00:00,2026-08-01 03:38:44.325457+00:00,security_metrics,ml_engine,4bc7d549,-0.5,0.13459118291859812,1,2.0715011487482116e-05,Stage 2 - ICS Impact,Damage to Property,T0828,Loss of Safety,Modbus,Level 2
_result,1,2026-07-31 21:37:43.154390+00:00,2026-08-01 05:23:08.946824+00:00,2026-08-01 03:39:01.042381+00:00,security_metrics,ml_engine,4bc7d549,-0.5,0.14018605532488682,1,1.9849601812893525e-05,Stage 2 - ICS Impact,Damage to Property,T0828,Loss of Safety,Modbus,Level 2
_result,1,2026-07-31 21:37:43.154390+00:00,2026-08-01 05:23:08.946824+00:00,2026-08-01 03:39:17.744033+00:00,security_metrics,ml_engine,4bc7d549,-0.5,0.03235100620496889,1,0.004790055565536022,Stage 2 - ICS Impact,Damage to Property,T0828,Loss of Safety,Modbus,Level 2
_result,1,2026-07-31 21:37:43.154390+00:00,2026-08-01 05:23:08.946824+00:00,2026-08-01 03:39:34.529047+00:00,security_metrics,ml_engine,4bc7d549,-0.5,0.14018605532488682,1,2.218157533206977e-05,Stage 2 - ICS Impact,Damage to Property,T0828,Loss of Safety,Modbus,Level 2
_result,1,2026-07-31 21:37:43.154390+00:00,2026-08-01 05:23:08.946824+00:00,2026-08-01 03:39:51.213303+00:00,security_metrics,ml_engine,4bc7d549,-0.5,0.08560779216389558,1,2.9258015274535865e-05,Stage 2 - ICS Impact,Damage to Property,T0828,Loss of Safety,Modbus,Level 2
_result,1,2026-07-31 21:37:43.154390+00:00,2026-08-01 05:23:08.946824+00:00,2026-08-01 03:40:07.948734+00:00,security_metrics,ml_engine,4bc7d549,-0.5,0.10991013332989774,1,2.0981888155802153e-05,Stage 2 - ICS Impact,Damage to Property,T0828,Loss of Safety,Modbus,Level 2
_result,1,2026-07-31 21:37:43.154390+00:00,2026-08-01 05:23:08.946824+00:00,2026-08-01 03:40:24.742207+00:00,security_metrics,ml_engine,4bc7d549,-0.5,0.12312972007978096,1,2.522435534046963e-05,Stage 2 - ICS Impact,Damage to Property,T0828,Loss of Safety,Modbus,Level 2
_result,1,2026-07-31 21:37:43.154390+00:00,2026-08-01 05:23:08.946824+00:00,2026-08-01 03:40:41.450387+00:00,security_metrics,ml_engine,4bc7d549,-0.5,0.11741966248643321,1,1.6829202650114894e-05,Stage 2 - ICS Impact,Damage to Property,T0828,Loss of Safety,Modbus,Level 2
_result,1,2026-07-31 21:37:43.154390+00:00,2026-08-01 05:23:08.946824+00:00,2026-08-01 03:40:58.173192+00:00,security_metrics,ml_engine,4bc7d549,-0.5,0.10466290493263342,1,2.1309393559931777e-05,Stage 2 - ICS Impact,Damage to Property,T0828,Loss of Safety,Modbus,Level 2
_result,1,2026-07-31 21:37:43.154390+00:00,2026-08-01 05:23:08.946824+00:00,2026-08-01 03:41:14.973588+00:00,security_metrics,ml_engine,4bc7d549,-0.5,0.12312972007978096,1,2.2235000869841315e-05,Stage 2 - ICS Impact,Damage to Property,T0828,Loss of Safety,Modbus,Level 2
_result,1,2026-07-31 21:37:43.154390+00:00,2026-08-01 05:23:08.946824+00:00,2026-08-01 03:41:31.651616+00:00,security_metrics,ml_engine,4bc7d549,-0.5,0.09429362420708509,1,2.406747080385685e-05,Stage 2 - ICS Impact,Damage to Property,T0828,Loss of Safety,Modbus,Level 2
_result,1,2026-07-31 21:37:43.154390+00:00,2026-08-01 05:23:08.946824+00:00,2026-08-01 03:41:48.354044+00:00,security_metrics,ml_engine,4bc7d549,-0.5,0.1267016094119381,1,2.378019053139724e-05,Stage 2 - ICS Impact,Damage to Property,T0828,Loss of Safety,Modbus,Level 2
_result,1,2026-07-31 21:37:43.154390+00:00,2026-08-01 05:23:08.946824+00:00,2026-08-01 03:42:05.030897+00:00,security_metrics,ml_engine,4bc7d549,-0.5,0.12312972007978096,1,2.16242788155796e-05,Stage 2 - ICS Impact,Damage to Property,T0828,Loss of Safety,Modbus,Level 2
_result,1,2026-07-31 21:37:43.154390+00:00,2026-08-01 05:23:08.946824+00:00,2026-08-01 03:42:21.825456+00:00,security_metrics,ml_engine,4bc7d549,-0.5,0.11570238428724566,1,2.0168339688098058e-05,Stage 2 - ICS Impact,Damage to Property,T0828,Loss of Safety,Modbus,Level 2
_result,1,2026-07-31 21:37:43.154390+00:00,2026-08-01 05:23:08.946824+00:00,2026-08-01 03:42:38.530014+00:00,security_metrics,ml_engine,4bc7d549,-0.5,0.15214343635082384,1,1.831201916502323e-05,Stage 2 - ICS Impact,Damage to Property,T0828,Loss of Safety,Modbus,Level 2
_result,1,2026-07-31 21:37:43.154390+00:00,2026-08-01 05:23:08.946824+00:00,2026-08-01 03:42:55.249558+00:00,security_metrics,ml_engine,4bc7d549,-0.5,0.12515913797669798,1,1.7338716133963317e-05,Stage 2 - ICS Impact,Damage to Property,T0828,Loss of Safety,Modbus,Level 2
_result,1,2026-07-31 21:37:43.154390+00:00,2026-08-01 05:23:08.946824+00:00,2026-08-01 03:43:12.055848+00:00,security_metrics,ml_engine,4bc7d549,-0.5,0.025642537977543012,1,2.2872218323755078e-05,Stage 2 - ICS Impact,Damage to Property,T0828,Loss of Safety,Modbus,Level 2
_result,1,2026-07-31 21:37:43.154390+00:00,2026-08-01 05:23:08.946824+00:00,2026-08-01 03:43:28.758911+00:00,security_metrics,ml_engine,4bc7d549,-0.5,0.05516550928728636,1,0.07123539596796036,Stage 2 - ICS Impact,Damage to Property,T0828,Loss of Safety,Modbus,Level 2
_result,1,2026-07-31 21:37:43.154390+00:00,2026-08-01 05:23:08.946824+00:00,2026-08-01 03:43:45.476582+00:00,security_metrics,ml_engine,4bc7d549,-0.5,0.04307902004335595,1,0.18307331204414368,Stage 2 - ICS Impact,Damage to Property,T0828,Loss of Safety,Modbus,Level 2
_result,1,2026-07-31 21:37:43.154390+00:00,2026-08-01 05:23:08.946824+00:00,2026-08-01 03:44:02.291992+00:00,security_metrics,ml_engine,4bc7d549,-0.5,0.0011483057530748964,1,0.14525020122528076,Stage 2 - ICS Impact,Damage to Property,T0828,Loss of Safety,Modbus,Level 2
_result,1,2026-07-31 21:37:43.154390+00:00,2026-08-01 05:23:08.946824+00:00,2026-08-01 03:44:19.002217+00:00,security_metrics,ml_engine,4bc7d549,-0.5,0.12328841302958099,1,1.8121814719052054e-05,Stage 2 - ICS Impact,Damage to Property,T0828,Loss of Safety,Modbus,Level 2
_result,1,2026-07-31 21:37:43.154390+00:00,2026-08-01 05:23:08.946824+00:00,2026-08-01 03:44:35.661373+00:00,security_metrics,ml_engine,4bc7d549,-0.5,0.019870803105066615,1,0.005534911062568426,Stage 2 - ICS Impact,Damage to Property,T0828,Loss of Safety,Modbus,Level 2
_result,1,2026-07-31 21:37:43.154390+00:00,2026-08-01 05:23:08.946824+00:00,2026-08-01 03:44:52.305102+00:00,security_metrics,ml_engine,4bc7d549,-0.5,0.12299296389503073,1,1.9908684407710098e-05,Stage 2 - ICS Impact,Damage to Property,T0828,Loss of Safety,Modbus,Level 2
_result,1,2026-07-31 21:37:43.154390+00:00,2026-08-01 05:23:08.946824+00:00,2026-08-01 03:45:09.048162+00:00,security_metrics,ml_engine,4bc7d549,-0.5,0.11460099463515783,1,1.8349543097428977e-05,Stage 2 - ICS Impact,Damage to Property,T0828,Loss of Safety,Modbus,Level 2
_result,1,2026-07-31 21:37:43.154390+00:00,2026-08-01 05:23:08.946824+00:00,2026-08-01 03:45:25.680427+00:00,security_metrics,ml_engine,4bc7d549,-0.5,0.13140437669820748,1,2.7303924071020447e-05,Stage 2 - ICS Impact,Damage to Property,T0828,Loss of Safety,Modbus,Level 2
_result,1,2026-07-31 21:37:43.154390+00:00,2026-08-01 05:23:08.946824+00:00,2026-08-01 03:45:42.331122+00:00,security_metrics,ml_engine,4bc7d549,-0.5,0.12299296389503073,1,1.5901649021543562e-05,Stage 2 - ICS Impact,Damage to Property,T0828,Loss of Safety,Modbus,Level 2
_result,1,2026-07-31 21:37:43.154390+00:00,2026-08-01 05:23:08.946824+00:00,2026-08-01 03:45:59.097547+00:00,security_metrics,ml_engine,4bc7d549,-0.5,0.13255456058986104,1,2.4678520276211202e-05,Stage 2 - ICS Impact,Damage to Property,T0828,Loss of Safety,Modbus,Level 2
_result,1,2026-07-31 21:37:43.154390+00:00,2026-08-01 05:23:08.946824+00:00,2026-08-01 03:46:15.724725+00:00,security_metrics,ml_engine,4bc7d549,-0.5,0.10473075207080806,1,2.539201705076266e-05,Stage 2 - ICS Impact,Damage to Property,T0828,Loss of Safety,Modbus,Level 2
_result,1,2026-07-31 21:37:43.154390+00:00,2026-08-01 05:23:08.946824+00:00,2026-08-01 03:46:32.401750+00:00,security_metrics,ml_engine,4bc7d549,-0.5,0.1765667527712781,1,2.490276710886974e-05,Stage 2 - ICS Impact,Damage to Property,T0828,Loss of Safety,Modbus,Level 2
_result,1,2026-07-31 21:37:43.154390+00:00,2026-08-01 05:23:08.946824+00:00,2026-08-01 03:46:49.192975+00:00,security_metrics,ml_engine,4bc7d549,-0.5,0.11360026257048561,1,2.4929435312515125e-05,Stage 2 - ICS Impact,Damage to Property,T0828,Loss of Safety,Modbus,Level 2
_result,1,2026-07-31 21:37:43.154390+00:00,2026-08-01 05:23:08.946824+00:00,2026-08-01 03:47:05.887705+00:00,security_metrics,ml_engine,4bc7d549,-0.5,0.15888133927330933,1,1.7438549548387527e-05,Stage 2 - ICS Impact,Damage to Property,T0828,Loss of Safety,Modbus,Level 2
_result,1,2026-07-31 21:37:43.154390+00:00,2026-08-01 05:23:08.946824+00:00,2026-08-01 03:47:22.574439+00:00,security_metrics,ml_engine,4bc7d549,-0.5,0.12033404856410579,1,2.1963131075608544e-05,Stage 2 - ICS Impact,Damage to Property,T0828,Loss of Safety,Modbus,Level 2
_result,1,2026-07-31 21:37:43.154390+00:00,2026-08-01 05:23:08.946824+00:00,2026-08-01 03:47:39.254009+00:00,security_metrics,ml_engine,4bc7d549,-0.5,0.1842432266368076,1,2.187796781072393e-05,Stage 2 - ICS Impact,Damage to Property,T0828,Loss of Safety,Modbus,Level 2
_result,1,2026-07-31 21:37:43.154390+00:00,2026-08-01 05:23:08.946824+00:00,2026-08-01 03:47:56.044816+00:00,security_metrics,ml_engine,4bc7d549,-0.5,0.17789989883913854,1,2.2197835278348066e-05,Stage 2 - ICS Impact,Damage to Property,T0828,Loss of Safety,Modbus,Level 2
_result,1,2026-07-31 21:37:43.154390+00:00,2026-08-01 05:23:08.946824+00:00,2026-08-01 03:48:12.722207+00:00,security_metrics,ml_engine,4bc7d549,-0.5,0.13668465296975807,1,2.255794061056804e-05,Stage 2 - ICS Impact,Damage to Property,T0828,Loss of Safety,Modbus,Level 2
_result,1,2026-07-31 21:37:43.154390+00:00,2026-08-01 05:23:08.946824+00:00,2026-08-01 03:48:29.419193+00:00,security_metrics,ml_engine,4bc7d549,-0.5,0.16698127803611973,1,1.9324344975757413e-05,Stage 2 - ICS Impact,Damage to Property,T0828,Loss of Safety,Modbus,Level 2
_result,1,2026-07-31 21:37:43.154390+00:00,2026-08-01 05:23:08.946824+00:00,2026-08-01 03:48:46.236429+00:00,security_metrics,ml_engine,4bc7d549,-0.5,0.03272396218894935,1,2.448722079861909e-05,Stage 2 - ICS Impact,Damage to Property,T0828,Loss of Safety,Modbus,Level 2
_result,1,2026-07-31 21:37:43.154390+00:00,2026-08-01 05:23:08.946824+00:00,2026-08-01 03:49:02.940173+00:00,security_metrics,ml_engine,4bc7d549,-0.5,0.1425110574896682,1,1.8416229067952372e-05,Stage 2 - ICS Impact,Damage to Property,T0828,Loss of Safety,Modbus,Level 2
_result,1,2026-07-31 21:37:43.154390+00:00,2026-08-01 05:23:08.946824+00:00,2026-08-01 03:49:19.642109+00:00,security_metrics,ml_engine,4bc7d549,-0.5,0.13742233951296617,1,1.5868245100136846e-05,Stage 2 - ICS Impact,Damage to Property,T0828,Loss of Safety,Modbus,Level 2
_result,1,2026-07-31 21:37:43.154390+00:00,2026-08-01 05:23:08.946824+00:00,2026-08-01 03:49:36.447190+00:00,security_metrics,ml_engine,4bc7d549,-0.5,0.133948988115128,1,1.8589555111248046e-05,Stage 2 - ICS Impact,Damage to Property,T0828,Loss of Safety,Modbus,Level 2
_result,1,2026-07-31 21:37:43.154390+00:00,2026-08-01 05:23:08.946824+00:00,2026-08-01 03:49:53.141659+00:00,security_metrics,ml_engine,4bc7d549,-0.5,0.13527528810898937,1,2.1355324861360714e-05,Stage 2 - ICS Impact,Damage to Property,T0828,Loss of Safety,Modbus,Level 2
_result,1,2026-07-31 21:37:43.154390+00:00,2026-08-01 05:23:08.946824+00:00,2026-08-01 03:50:09.843347+00:00,security_metrics,ml_engine,4bc7d549,-0.5,0.11685221244630939,1,2.262952330056578e-05,Stage 2 - ICS Impact,Damage to Property,T0828,Loss of Safety,Modbus,Level 2
_result,1,2026-07-31 21:37:43.154390+00:00,2026-08-01 05:23:08.946824+00:00,2026-08-01 03:50:26.527346+00:00,security_metrics,ml_engine,4bc7d549,-0.5,0.13255456058986104,1,1.644708390813321e-05,Stage 2 - ICS Impact,Damage to Property,T0828,Loss of Safety,Modbus,Level 2
_result,1,2026-07-31 21:37:43.154390+00:00,2026-08-01 05:23:08.946824+00:00,2026-08-01 03:50:43.337161+00:00,security_metrics,ml_engine,4bc7d549,-0.5,0.08560779216389558,1,2.4278671844513156e-05,Stage 2 - ICS Impact,Damage to Property,T0828,Loss of Safety,Modbus,Level 2
_result,1,2026-07-31 21:37:43.154390+00:00,2026-08-01 05:23:08.946824+00:00,2026-08-01 03:51:00.033891+00:00,security_metrics,ml_engine,4bc7d549,-0.5,0.0659451992736273,1,0.00025999321951530874,Stage 2 - ICS Impact,Damage to Property,T0828,Loss of Safety,Modbus,Level 2
_result,1,2026-07-31 21:37:43.154390+00:00,2026-08-01 05:23:08.946824+00:00,2026-08-01 03:51:16.720900+00:00,security_metrics,ml_engine,4bc7d549,-0.5,0.11763592078383056,1,2.3678712750552222e-05,Stage 2 - ICS Impact,Damage to Property,T0828,Loss of Safety,Modbus,Level 2
_result,1,2026-07-31 21:37:43.154390+00:00,2026-08-01 05:23:08.946824+00:00,2026-08-01 03:51:33.520565+00:00,security_metrics,ml_engine,4bc7d549,-0.5,0.14372084703997556,1,2.323510852875188e-05,Stage 2 - ICS Impact,Damage to Property,T0828,Loss of Safety,Modbus,Level 2
_result,1,2026-07-31 21:37:43.154390+00:00,2026-08-01 05:23:08.946824+00:00,2026-08-01 03:51:50.205023+00:00,security_metrics,ml_engine,4bc7d549,-0.5,0.12466760464697096,1,2.2128791897557676e-05,Stage 2 - ICS Impact,Damage to Property,T0828,Loss of Safety,Modbus,Level 2
_result,1,2026-07-31 21:37:43.154390+00:00,2026-08-01 05:23:08.946824+00:00,2026-08-01 03:52:06.894849+00:00,security_metrics,ml_engine,4bc7d549,-0.5,0.11460099463515783,1,1.901286123029422e-05,Stage 2 - ICS Impact,Damage to Property,T0828,Loss of Safety,Modbus,Level 2
_result,1,2026-07-31 21:37:43.154390+00:00,2026-08-01 05:23:08.946824+00:00,2026-08-01 03:52:23.694971+00:00,security_metrics,ml_engine,4bc7d549,-0.5,0.15013418219652525,1,2.4234113880083896e-05,Stage 2 - ICS Impact,Damage to Property,T0828,Loss of Safety,Modbus,Level 2
_result,1,2026-07-31 21:37:43.154390+00:00,2026-08-01 05:23:08.946824+00:00,2026-08-01 03:52:40.401466+00:00,security_metrics,ml_engine,4bc7d549,-0.5,0.11763592078383056,1,2.71637509285938e-05,Stage 2 - ICS Impact,Damage to Property,T0828,Loss of Safety,Modbus,Level 2
_result,1,2026-07-31 21:37:43.154390+00:00,2026-08-01 05:23:08.946824+00:00,2026-08-01 03:52:57.099452+00:00,security_metrics,ml_engine,4bc7d549,-0.5,0.04128863024684171,1,2.904486063926015e-05,Stage 2 - ICS Impact,Damage to Property,T0828,Loss of Safety,Modbus,Level 2
_result,1,2026-07-31 21:37:43.154390+00:00,2026-08-01 05:23:08.946824+00:00,2026-08-01 03:53:13.795125+00:00,security_metrics,ml_engine,4bc7d549,-0.5,0.11240514072684515,1,2.8903457859996706e-05,Stage 2 - ICS Impact,Damage to Property,T0828,Loss of Safety,Modbus,Level 2
_result,1,2026-07-31 21:37:43.154390+00:00,2026-08-01 05:23:08.946824+00:00,2026-08-01 03:53:30.617822+00:00,security_metrics,ml_engine,4bc7d549,-0.5,0.10021957702125683,1,3.7925256037851796e-05,Stage 2 - ICS Impact,Damage to Property,T0828,Loss of Safety,Modbus,Level 2
_result,1,2026-07-31 21:37:43.154390+00:00,2026-08-01 05:23:08.946824+00:00,2026-08-01 03:53:47.336271+00:00,security_metrics,ml_engine,4bc7d549,-0.5,0.11922835053204278,1,1.9147000784869306e-05,Stage 2 - ICS Impact,Damage to Property,T0828,Loss of Safety,Modbus,Level 2
_result,1,2026-07-31 21:37:43.154390+00:00,2026-08-01 05:23:08.946824+00:00,2026-08-01 03:54:04.031177+00:00,security_metrics,ml_engine,4bc7d549,-0.5,0.12312972007978096,1,3.0479728593491018e-05,Stage 2 - ICS Impact,Damage to Property,T0828,Loss of Safety,Modbus,Level 2
_result,1,2026-07-31 21:37:43.154390+00:00,2026-08-01 05:23:08.946824+00:00,2026-08-01 03:54:20.851315+00:00,security_metrics,ml_engine,4bc7d549,-0.5,0.1094081542091383,1,2.393775139353238e-05,Stage 2 - ICS Impact,Damage to Property,T0828,Loss of Safety,Modbus,Level 2
_result,1,2026-07-31 21:37:43.154390+00:00,2026-08-01 05:23:08.946824+00:00,2026-08-01 03:54:37.527521+00:00,security_metrics,ml_engine,4bc7d549,-0.5,0.03858092466107621,1,0.004790480248630047,Stage 2 - ICS Impact,Damage to Property,T0828,Loss of Safety,Modbus,Level 2
_result,1,2026-07-31 21:37:43.154390+00:00,2026-08-01 05:23:08.946824+00:00,2026-08-01 03:54:54.212522+00:00,security_metrics,ml_engine,4bc7d549,-0.5,0.16191307029086838,1,1.7552139979670756e-05,Stage 2 - ICS Impact,Damage to Property,T0828,Loss of Safety,Modbus,Level 2
_result,1,2026-07-31 21:37:43.154390+00:00,2026-08-01 05:23:08.946824+00:00,2026-08-01 03:55:11.013449+00:00,security_metrics,ml_engine,4bc7d549,-0.5,0.14075682976208537,1,2.110304376401473e-05,Stage 2 - ICS Impact,Damage to Property,T0828,Loss of Safety,Modbus,Level 2
_result,1,2026-07-31 21:37:43.154390+00:00,2026-08-01 05:23:08.946824+00:00,2026-08-01 03:55:27.685536+00:00,security_metrics,ml_engine,4bc7d549,-0.5,0.11219426892033268,1,2.3560998670291156e-05,Stage 2 - ICS Impact,Damage to Property,T0828,Loss of Safety,Modbus,Level 2
_result,1,2026-07-31 21:37:43.154390+00:00,2026-08-01 05:23:08.946824+00:00,2026-08-01 03:55:44.367152+00:00,security_metrics,ml_engine,4bc7d549,-0.5,0.18231767083557365,1,2.9867213015677407e-05,Stage 2 - ICS Impact,Damage to Property,T0828,Loss of Safety,Modbus,Level 2
_result,1,2026-07-31 21:37:43.154390+00:00,2026-08-01 05:23:08.946824+00:00,2026-08-01 03:56:01.075739+00:00,security_metrics,ml_engine,4bc7d549,-0.5,0.13140437669820748,1,2.598575701995287e-05,Stage 2 - ICS Impact,Damage to Property,T0828,Loss of Safety,Modbus,Level 2
_result,1,2026-07-31 21:37:43.154390+00:00,2026-08-01 05:23:08.946824+00:00,2026-08-01 03:56:17.869667+00:00,security_metrics,ml_engine,4bc7d549,-0.5,0.1407329964663116,1,1.666764910623897e-05,Stage 2 - ICS Impact,Damage to Property,T0828,Loss of Safety,Modbus,Level 2
_result,1,2026-07-31 21:37:43.154390+00:00,2026-08-01 05:23:08.946824+00:00,2026-08-01 03:56:34.549761+00:00,security_metrics,ml_engine,4bc7d549,-0.5,0.1363245910100062,1,2.3129912733566016e-05,Stage 2 - ICS Impact,Damage to Property,T0828,Loss of Safety,Modbus,Level 2
_result,1,2026-07-31 21:37:43.154390+00:00,2026-08-01 05:23:08.946824+00:00,2026-08-01 03:56:51.216470+00:00,security_metrics,ml_engine,4bc7d549,-0.5,0.13046252684833914,1,2.5342300432384945e-05,Stage 2 - ICS Impact,Damage to Property,T0828,Loss of Safety,Modbus,Level 2
_result,1,2026-07-31 21:37:43.154390+00:00,2026-08-01 05:23:08.946824+00:00,2026-08-01 03:57:08.015860+00:00,security_metrics,ml_engine,4bc7d549,-0.5,0.1217347606960541,1,0.0007027650135569274,Stage 2 - ICS Impact,Damage to Property,T0828,Loss of Safety,Modbus,Level 2
_result,1,2026-07-31 21:37:43.154390+00:00,2026-08-01 05:23:08.946824+00:00,2026-08-01 03:57:24.679265+00:00,security_metrics,ml_engine,4bc7d549,-0.5,0.02948976204521292,1,3.572097193682566e-05,Stage 2 - ICS Impact,Damage to Property,T0828,Loss of Safety,Modbus,Level 2
_result,1,2026-07-31 21:37:43.154390+00:00,2026-08-01 05:23:08.946824+00:00,2026-08-01 03:57:41.350267+00:00,security_metrics,ml_engine,4bc7d549,-0.5,0.11741966248643321,1,2.0982239220757037e-05,Stage 2 - ICS Impact,Damage to Property,T0828,Loss of Safety,Modbus,Level 2
_result,1,2026-07-31 21:37:43.154390+00:00,2026-08-01 05:23:08.946824+00:00,2026-08-01 03:57:58.123146+00:00,security_metrics,ml_engine,4bc7d549,-0.5,0.11741966248643321,1,2.1765064957435243e-05,Stage 2 - ICS Impact,Damage to Property,T0828,Loss of Safety,Modbus,Level 2
_result,1,2026-07-31 21:37:43.154390+00:00,2026-08-01 05:23:08.946824+00:00,2026-08-01 03:58:14.795246+00:00,security_metrics,ml_engine,4bc7d549,-0.5,0.11741966248643321,1,2.0196484911139123e-05,Stage 2 - ICS Impact,Damage to Property,T0828,Loss of Safety,Modbus,Level 2
_result,1,2026-07-31 21:37:43.154390+00:00,2026-08-01 05:23:08.946824+00:00,2026-08-01 03:58:31.498452+00:00,security_metrics,ml_engine,4bc7d549,-0.5,0.10076110859955101,1,1.9116027033305727e-05,Stage 2 - ICS Impact,Damage to Property,T0828,Loss of Safety,Modbus,Level 2
_result,1,2026-07-31 21:37:43.154390+00:00,2026-08-01 05:23:08.946824+00:00,2026-08-01 03:58:48.186267+00:00,security_metrics,ml_engine,4bc7d549,-0.5,0.1407329964663116,1,1.783754487405531e-05,Stage 2 - ICS Impact,Damage to Property,T0828,Loss of Safety,Modbus,Level 2
_result,1,2026-07-31 21:37:43.154390+00:00,2026-08-01 05:23:08.946824+00:00,2026-08-01 03:59:04.963989+00:00,security_metrics,ml_engine,4bc7d549,-0.5,0.16096280731836682,1,2.7804582714452408e-05,Stage 2 - ICS Impact,Damage to Property,T0828,Loss of Safety,Modbus,Level 2
_result,1,2026-07-31 21:37:43.154390+00:00,2026-08-01 05:23:08.946824+00:00,2026-08-01 03:59:21.632563+00:00,security_metrics,ml_engine,4bc7d549,-0.5,0.12399605833691912,1,2.0163402950856835e-05,Stage 2 - ICS Impact,Damage to Property,T0828,Loss of Safety,Modbus,Level 2
_result,1,2026-07-31 21:37:43.154390+00:00,2026-08-01 05:23:08.946824+00:00,2026-08-01 03:59:38.323117+00:00,security_metrics,ml_engine,4bc7d549,-0.5,0.12819661791101222,1,1.981360219360795e-05,Stage 2 - ICS Impact,Damage to Property,T0828,Loss of Safety,Modbus,Level 2
_result,1,2026-07-31 21:37:43.154390+00:00,2026-08-01 05:23:08.946824+00:00,2026-08-01 03:59:55.117249+00:00,security_metrics,ml_engine,4bc7d549,-0.5,0.0659451992736273,1,1.7856336853583343e-05,Stage 2 - ICS Impact,Damage to Property,T0828,Loss of Safety,Modbus,Level 2
_result,1,2026-07-31 21:37:43.154390+00:00,2026-08-01 05:23:08.946824+00:00,2026-08-01 04:00:11.820261+00:00,security_metrics,ml_engine,4bc7d549,-0.5,0.06332588746371104,1,1.9659319150377996e-05,Stage 2 - ICS Impact,Damage to Property,T0828,Loss of Safety,Modbus,Level 2
_result,1,2026-07-31 21:37:43.154390+00:00,2026-08-01 05:23:08.946824+00:00,2026-08-01 04:00:28.515430+00:00,security_metrics,ml_engine,4bc7d549,-0.5,0.11922835053204278,1,0.0006543241906911135,Stage 2 - ICS Impact,Damage to Property,T0828,Loss of Safety,Modbus,Level 2
_result,1,2026-07-31 21:37:43.154390+00:00,2026-08-01 05:23:08.946824+00:00,2026-08-01 04:00:45.304724+00:00,security_metrics,ml_engine,4bc7d549,-0.5,0.0729301823395051,1,2.3404460080200806e-05,Stage 2 - ICS Impact,Damage to Property,T0828,Loss of Safety,Modbus,Level 2
_result,1,2026-07-31 21:37:43.154390+00:00,2026-08-01 05:23:08.946824+00:00,2026-08-01 04:01:01.924288+00:00,security_metrics,ml_engine,4bc7d549,-0.5,0.08160652194905826,1,2.1049761926406063e-05,Stage 2 - ICS Impact,Damage to Property,T0828,Loss of Safety,Modbus,Level 2
_result,1,2026-07-31 21:37:43.154390+00:00,2026-08-01 05:23:08.946824+00:00,2026-08-01 04:01:18.545828+00:00,security_metrics,ml_engine,4bc7d549,-0.5,0.1385871063191842,1,2.119849159498699e-05,Stage 2 - ICS Impact,Damage to Property,T0828,Loss of Safety,Modbus,Level 2
_result,1,2026-07-31 21:37:43.154390+00:00,2026-08-01 05:23:08.946824+00:00,2026-08-01 04:01:35.166528+00:00,security_metrics,ml_engine,4bc7d549,-0.5,0.07273821367881372,1,2.7853227948071435e-05,Stage 2 - ICS Impact,Damage to Property,T0828,Loss of Safety,Modbus,Level 2
_result,1,2026-07-31 21:37:43.154390+00:00,2026-08-01 05:23:08.946824+00:00,2026-08-01 04:01:51.907412+00:00,security_metrics,ml_engine,4bc7d549,-0.5,0.15666344260601256,1,1.743877692206297e-05,Stage 2 - ICS Impact,Damage to Property,T0828,Loss of Safety,Modbus,Level 2
_result,1,2026-07-31 21:37:43.154390+00:00,2026-08-01 05:23:08.946824+00:00,2026-08-01 04:02:08.528920+00:00,security_metrics,ml_engine,4bc7d549,-0.5,0.13046252684833914,1,2.3264670744538307e-05,Stage 2 - ICS Impact,Damage to Property,T0828,Loss of Safety,Modbus,Level 2
_result,1,2026-07-31 21:37:43.154390+00:00,2026-08-01 05:23:08.946824+00:00,2026-08-01 04:02:25.154726+00:00,security_metrics,ml_engine,4bc7d549,-0.5,0.11214094285645038,1,2.3879585569375195e-05,Stage 2 - ICS Impact,Damage to Property,T0828,Loss of Safety,Modbus,Level 2
_result,1,2026-07-31 21:37:43.154390+00:00,2026-08-01 05:23:08.946824+00:00,2026-08-01 04:02:41.876665+00:00,security_metrics,ml_engine,4bc7d549,-0.5,0.11763592078383056,1,2.0351197235868312e-05,Stage 2 - ICS Impact,Damage to Property,T0828,Loss of Safety,Modbus,Level 2
_result,1,2026-07-31 21:37:43.154390+00:00,2026-08-01 05:23:08.946824+00:00,2026-08-01 04:02:58.563093+00:00,security_metrics,ml_engine,4bc7d549,-0.5,0.12312972007978096,1,0.00029074441408738494,Stage 2 - ICS Impact,Damage to Property,T0828,Loss of Safety,Modbus,Level 2
_result,1,2026-07-31 21:37:43.154390+00:00,2026-08-01 05:23:08.946824+00:00,2026-08-01 04:03:15.191265+00:00,security_metrics,ml_engine,4bc7d549,-0.5,0.1351686450906976,1,2.0825164028792642e-05,Stage 2 - ICS Impact,Damage to Property,T0828,Loss of Safety,Modbus,Level 2
_result,1,2026-07-31 21:37:43.154390+00:00,2026-08-01 05:23:08.946824+00:00,2026-08-01 04:03:31.808311+00:00,security_metrics,ml_engine,4bc7d549,-0.5,0.11089621170038477,1,1.5713372704340145e-05,Stage 2 - ICS Impact,Damage to Property,T0828,Loss of Safety,Modbus,Level 2
_result,1,2026-07-31 21:37:43.154390+00:00,2026-08-01 05:23:08.946824+00:00,2026-08-01 04:03:48.537185+00:00,security_metrics,ml_engine,4bc7d549,-0.5,0.10292053272717239,1,2.91208089038264e-05,Stage 2 - ICS Impact,Damage to Property,T0828,Loss of Safety,Modbus,Level 2
_result,1,2026-07-31 21:37:43.154390+00:00,2026-08-01 05:23:08.946824+00:00,2026-08-01 04:04:05.166638+00:00,security_metrics,ml_engine,4bc7d549,-0.5,0.16784371134648818,1,0.0007289314526133239,Stage 2 - ICS Impact,Damage to Property,T0828,Loss of Safety,Modbus,Level 2
_result,1,2026-07-31 21:37:43.154390+00:00,2026-08-01 05:23:08.946824+00:00,2026-08-01 04:04:21.803645+00:00,security_metrics,ml_engine,4bc7d549,-0.5,0.14119598555679902,1,2.072508868877776e-05,Stage 2 - ICS Impact,Damage to Property,T0828,Loss of Safety,Modbus,Level 2
_result,1,2026-07-31 21:37:43.154390+00:00,2026-08-01 05:23:08.946824+00:00,2026-08-01 04:04:38.549239+00:00,security_metrics,ml_engine,4bc7d549,-0.5,0.11922835053204278,1,1.6917143511818722e-05,Stage 2 - ICS Impact,Damage to Property,T0828,Loss of Safety,Modbus,Level 2
_result,1,2026-07-31 21:37:43.154390+00:00,2026-08-01 05:23:08.946824+00:00,2026-08-01 04:04:55.188850+00:00,security_metrics,ml_engine,4bc7d549,-0.5,0.12312972007978096,1,2.9560202165157534e-05,Stage 2 - ICS Impact,Damage to Property,T0828,Loss of Safety,Modbus,Level 2
_result,1,2026-07-31 21:37:43.154390+00:00,2026-08-01 05:23:08.946824+00:00,2026-08-01 04:05:11.861196+00:00,security_metrics,ml_engine,4bc7d549,-0.5,0.1763923179460402,1,3.085817661485635e-05,Stage 2 - ICS Impact,Damage to Property,T0828,Loss of Safety,Modbus,Level 2
_result,1,2026-07-31 21:37:43.154390+00:00,2026-08-01 05:23:08.946824+00:00,2026-08-01 04:05:28.602399+00:00,security_metrics,ml_engine,4bc7d549,-0.5,0.11741966248643321,1,1.993328260141425e-05,Stage 2 - ICS Impact,Damage to Property,T0828,Loss of Safety,Modbus,Level 2
_result,1,2026-07-31 21:37:43.154390+00:00,2026-08-01 05:23:08.946824+00:00,2026-08-01 04:05:45.226500+00:00,security_metrics,ml_engine,4bc7d549,-0.5,0.08439324654495073,1,1.9430308384471573e-05,Stage 2 - ICS Impact,Damage to Property,T0828,Loss of Safety,Modbus,Level 2
_result,1,2026-07-31 21:37:43.154390+00:00,2026-08-01 05:23:08.946824+00:00,2026-08-01 04:06:01.877665+00:00,security_metrics,ml_engine,4bc7d549,-0.5,0.11741966248643321,1,1.7216387277585454e-05,Stage 2 - ICS Impact,Damage to Property,T0828,Loss of Safety,Modbus,Level 2
_result,1,2026-07-31 21:37:43.154390+00:00,2026-08-01 05:23:08.946824+00:00,2026-08-01 04:06:18.490321+00:00,security_metrics,ml_engine,4bc7d549,-0.5,0.16411993761142224,1,1.9864703062921762e-05,Stage 2 - ICS Impact,Damage to Property,T0828,Loss of Safety,Modbus,Level 2
_result,1,2026-07-31 21:37:43.154390+00:00,2026-08-01 05:23:08.946824+00:00,2026-08-01 04:06:35.225179+00:00,security_metrics,ml_engine,4bc7d549,-0.5,0.12399605833691912,1,2.6029179934994318e-05,Stage 2 - ICS Impact,Damage to Property,T0828,Loss of Safety,Modbus,Level 2
_result,1,2026-07-31 21:37:43.154390+00:00,2026-08-01 05:23:08.946824+00:00,2026-08-01 04:06:51.871635+00:00,security_metrics,ml_engine,4bc7d549,-0.5,0.13676514440435333,1,3.626779289334081e-05,Stage 2 - ICS Impact,Damage to Property,T0828,Loss of Safety,Modbus,Level 2
_result,1,2026-07-31 21:37:43.154390+00:00,2026-08-01 05:23:08.946824+00:00,2026-08-01 04:07:08.495001+00:00,security_metrics,ml_engine,4bc7d549,-0.5,0.14202856480453618,1,2.1616626327158883e-05,Stage 2 - ICS Impact,Damage to Property,T0828,Loss of Safety,Modbus,Level 2
_result,1,2026-07-31 21:37:43.154390+00:00,2026-08-01 05:23:08.946824+00:00,2026-08-01 04:07:25.279485+00:00,security_metrics,ml_engine,4bc7d549,-0.5,0.11460099463515783,1,3.4057444281643257e-05,Stage 2 - ICS Impact,Damage to Property,T0828,Loss of Safety,Modbus,Level 2
_result,1,2026-07-31 21:37:43.154390+00:00,2026-08-01 05:23:08.946824+00:00,2026-08-01 04:07:41.942253+00:00,security_metrics,ml_engine,4bc7d549,-0.5,0.19664719358190685,1,2.6571922717266716e-05,Stage 2 - ICS Impact,Damage to Property,T0828,Loss of Safety,Modbus,Level 2
_result,1,2026-07-31 21:37:43.154390+00:00,2026-08-01 05:23:08.946824+00:00,2026-08-01 04:07:58.604475+00:00,security_metrics,ml_engine,4bc7d549,-0.5,0.1491605285564152,1,2.1403197024483234e-05,Stage 2 - ICS Impact,Damage to Property,T0828,Loss of Safety,Modbus,Level 2
_result,1,2026-07-31 21:37:43.154390+00:00,2026-08-01 05:23:08.946824+00:00,2026-08-01 04:08:15.267024+00:00,security_metrics,ml_engine,4bc7d549,-0.5,0.13046252684833914,1,2.8054859285475686e-05,Stage 2 - ICS Impact,Damage to Property,T0828,Loss of Safety,Modbus,Level 2
_result,1,2026-07-31 21:37:43.154390+00:00,2026-08-01 05:23:08.946824+00:00,2026-08-01 04:09:38.818343+00:00,security_metrics,ml_engine,4bc7d549,-0.5,0.0927943372030221,1,0.07675640285015106,Stage 2 - ICS Impact,Damage to Property,T0828,Loss of Safety,Modbus,Level 2
_result,1,2026-07-31 21:37:43.154390+00:00,2026-08-01 05:23:08.946824+00:00,2026-08-01 04:09:55.458062+00:00,security_metrics,ml_engine,4bc7d549,-0.5,0.08778893466695759,1,2.9238046408863738e-05,Stage 2 - ICS Impact,Damage to Property,T0828,Loss of Safety,Modbus,Level 2
_result,1,2026-07-31 21:37:43.154390+00:00,2026-08-01 05:23:08.946824+00:00,2026-08-01 04:10:12.234069+00:00,security_metrics,ml_engine,4bc7d549,-0.5,0.1407329964663116,1,1.7373373339069076e-05,Stage 2 - ICS Impact,Damage to Property,T0828,Loss of Safety,Modbus,Level 2
_result,1,2026-07-31 21:37:43.154390+00:00,2026-08-01 05:23:08.946824+00:00,2026-08-01 04:10:28.870629+00:00,security_metrics,ml_engine,4bc7d549,-0.5,0.10991013332989774,1,0.0005077630048617721,Stage 2 - ICS Impact,Damage to Property,T0828,Loss of Safety,Modbus,Level 2
_result,1,2026-07-31 21:37:43.154390+00:00,2026-08-01 05:23:08.946824+00:00,2026-08-01 04:10:45.544979+00:00,security_metrics,ml_engine,4bc7d549,-0.5,0.10991013332989774,1,1.86866909643868e-05,Stage 2 - ICS Impact,Damage to Property,T0828,Loss of Safety,Modbus,Level 2
_result,1,2026-07-31 21:37:43.154390+00:00,2026-08-01 05:23:08.946824+00:00,2026-08-01 04:11:02.240227+00:00,security_metrics,ml_engine,4bc7d549,-0.5,0.07874339176547018,1,2.065738408418838e-05,Stage 2 - ICS Impact,Damage to Property,T0828,Loss of Safety,Modbus,Level 2
_result,1,2026-07-31 21:37:43.154390+00:00,2026-08-01 05:23:08.946824+00:00,2026-08-01 04:11:19.031757+00:00,security_metrics,ml_engine,4bc7d549,-0.5,0.10991013332989774,1,2.2062826246838085e-05,Stage 2 - ICS Impact,Damage to Property,T0828,Loss of Safety,Modbus,Level 2
_result,1,2026-07-31 21:37:43.154390+00:00,2026-08-01 05:23:08.946824+00:00,2026-08-01 04:11:35.720906+00:00,security_metrics,ml_engine,4bc7d549,-0.5,0.11741966248643321,1,2.138565105269663e-05,Stage 2 - ICS Impact,Damage to Property,T0828,Loss of Safety,Modbus,Level 2
_result,1,2026-07-31 21:37:43.154390+00:00,2026-08-01 05:23:08.946824+00:00,2026-08-01 04:11:52.417003+00:00,security_metrics,ml_engine,4bc7d549,-0.5,0.11042520581674331,1,1.8055743566947058e-05,Stage 2 - ICS Impact,Damage to Property,T0828,Loss of Safety,Modbus,Level 2
_result,1,2026-07-31 21:37:43.154390+00:00,2026-08-01 05:23:08.946824+00:00,2026-08-01 04:12:09.190212+00:00,security_metrics,ml_engine,4bc7d549,-0.5,0.09162905027956925,1,2.095156378345564e-05,Stage 2 - ICS Impact,Damage to Property,T0828,Loss of Safety,Modbus,Level 2
_result,1,2026-07-31 21:37:43.154390+00:00,2026-08-01 05:23:08.946824+00:00,2026-08-01 04:12:25.859397+00:00,security_metrics,ml_engine,4bc7d549,-0.5,0.08160652194905826,1,1.7720891264616512e-05,Stage 2 - ICS Impact,Damage to Property,T0828,Loss of Safety,Modbus,Level 2
_result,1,2026-07-31 21:37:43.154390+00:00,2026-08-01 05:23:08.946824+00:00,2026-08-01 04:12:42.541172+00:00,security_metrics,ml_engine,4bc7d549,-0.5,0.11450165340343132,1,0.0006854241364635527,Stage 2 - ICS Impact,Damage to Property,T0828,Loss of Safety,Modbus,Level 2
_result,1,2026-07-31 21:37:43.154390+00:00,2026-08-01 05:23:08.946824+00:00,2026-08-01 04:12:59.322010+00:00,security_metrics,ml_engine,4bc7d549,-0.5,0.11042520581674331,1,0.000582503096666187,Stage 2 - ICS Impact,Damage to Property,T0828,Loss of Safety,Modbus,Level 2
_result,1,2026-07-31 21:37:43.154390+00:00,2026-08-01 05:23:08.946824+00:00,2026-08-01 04:13:16.005370+00:00,security_metrics,ml_engine,4bc7d549,-0.5,0.11618586858724034,1,0.00015515132690779865,Stage 2 - ICS Impact,Damage to Property,T0828,Loss of Safety,Modbus,Level 2
_result,1,2026-07-31 21:37:43.154390+00:00,2026-08-01 05:23:08.946824+00:00,2026-08-01 04:13:32.682112+00:00,security_metrics,ml_engine,4bc7d549,-0.5,0.07874339176547018,1,0.0006114555289968848,Stage 2 - ICS Impact,Damage to Property,T0828,Loss of Safety,Modbus,Level 2
_result,1,2026-07-31 21:37:43.154390+00:00,2026-08-01 05:23:08.946824+00:00,2026-08-01 04:13:49.364024+00:00,security_metrics,ml_engine,4bc7d549,-0.5,0.16914537513090655,1,1.8548511434346437e-05,Stage 2 - ICS Impact,Damage to Property,T0828,Loss of Safety,Modbus,Level 2
_result,1,2026-07-31 21:37:43.154390+00:00,2026-08-01 05:23:08.946824+00:00,2026-08-01 04:14:06.154238+00:00,security_metrics,ml_engine,4bc7d549,-0.5,0.07057313916584285,1,2.201305323978886e-05,Stage 2 - ICS Impact,Damage to Property,T0828,Loss of Safety,Modbus,Level 2
_result,1,2026-07-31 21:37:43.154390+00:00,2026-08-01 05:23:08.946824+00:00,2026-08-01 04:14:22.822547+00:00,security_metrics,ml_engine,4bc7d549,-0.5,0.08160652194905826,1,3.109300814685412e-05,Stage 2 - ICS Impact,Damage to Property,T0828,Loss of Safety,Modbus,Level 2
_result,1,2026-07-31 21:37:43.154390+00:00,2026-08-01 05:23:08.946824+00:00,2026-08-01 04:14:39.505920+00:00,security_metrics,ml_engine,4bc7d549,-0.5,0.13689506282173797,1,2.206527096859645e-05,Stage 2 - ICS Impact,Damage to Property,T0828,Loss of Safety,Modbus,Level 2
_result,1,2026-07-31 21:37:43.154390+00:00,2026-08-01 05:23:08.946824+00:00,2026-08-01 04:14:56.297852+00:00,security_metrics,ml_engine,4bc7d549,-0.5,0.12312972007978096,1,4.155665737926029e-05,Stage 2 - ICS Impact,Damage to Property,T0828,Loss of Safety,Modbus,Level 2
_result,1,2026-07-31 21:37:43.154390+00:00,2026-08-01 05:23:08.946824+00:00,2026-08-01 04:15:13.013650+00:00,security_metrics,ml_engine,4bc7d549,-0.5,0.1353883569121045,1,2.4327815481228754e-05,Stage 2 - ICS Impact,Damage to Property,T0828,Loss of Safety,Modbus,Level 2
_result,1,2026-07-31 21:37:43.154390+00:00,2026-08-01 05:23:08.946824+00:00,2026-08-01 04:15:29.703247+00:00,security_metrics,ml_engine,4bc7d549,-0.5,0.11741966248643321,1,2.3722323021502234e-05,Stage 2 - ICS Impact,Damage to Property,T0828,Loss of Safety,Modbus,Level 2
_result,1,2026-07-31 21:37:43.154390+00:00,2026-08-01 05:23:08.946824+00:00,2026-08-01 04:15:46.504989+00:00,security_metrics,ml_engine,4bc7d549,-0.5,0.09056019189364817,1,2.2112848455435596e-05,Stage 2 - ICS Impact,Damage to Property,T0828,Loss of Safety,Modbus,Level 2
_result,1,2026-07-31 21:37:43.154390+00:00,2026-08-01 05:23:08.946824+00:00,2026-08-01 04:16:03.194096+00:00,security_metrics,ml_engine,4bc7d549,-0.5,0.11922835053204278,1,2.0655263142543845e-05,Stage 2 - ICS Impact,Damage to Property,T0828,Loss of Safety,Modbus,Level 2
_result,1,2026-07-31 21:37:43.154390+00:00,2026-08-01 05:23:08.946824+00:00,2026-08-01 04:16:19.866837+00:00,security_metrics,ml_engine,4bc7d549,-0.5,0.1258241484577063,1,1.900130337162409e-05,Stage 2 - ICS Impact,Damage to Property,T0828,Loss of Safety,Modbus,Level 2
_result,1,2026-07-31 21:37:43.154390+00:00,2026-08-01 05:23:08.946824+00:00,2026-08-01 04:16:36.563272+00:00,security_metrics,ml_engine,4bc7d549,-0.5,0.11741966248643321,1,2.223152114311233e-05,Stage 2 - ICS Impact,Damage to Property,T0828,Loss of Safety,Modbus,Level 2
_result,1,2026-07-31 21:37:43.154390+00:00,2026-08-01 05:23:08.946824+00:00,2026-08-01 04:16:53.343141+00:00,security_metrics,ml_engine,4bc7d549,-0.5,0.005309815831108344,1,0.0460905060172081,Stage 2 - ICS Impact,Damage to Property,T0828,Loss of Safety,Modbus,Level 2
_result,1,2026-07-31 21:37:43.154390+00:00,2026-08-01 05:23:08.946824+00:00,2026-08-01 04:17:10.024620+00:00,security_metrics,ml_engine,4bc7d549,-0.5,-0.013758406848875415,1,0.09076587855815887,Stage 2 - ICS Impact,Damage to Property,T0828,Loss of Safety,Modbus,Level 2
_result,1,2026-07-31 21:37:43.154390+00:00,2026-08-01 05:23:08.946824+00:00,2026-08-01 04:17:26.723403+00:00,security_metrics,ml_engine,4bc7d549,-0.5,0.11219426892033268,1,0.0006232515443116426,Stage 2 - ICS Impact,Damage to Property,T0828,Loss of Safety,Modbus,Level 2
_result,1,2026-07-31 21:37:43.154390+00:00,2026-08-01 05:23:08.946824+00:00,2026-08-01 04:17:43.500181+00:00,security_metrics,ml_engine,4bc7d549,-0.5,0.0729301823395051,1,2.4011740606511012e-05,Stage 2 - ICS Impact,Damage to Property,T0828,Loss of Safety,Modbus,Level 2
_result,1,2026-07-31 21:37:43.154390+00:00,2026-08-01 05:23:08.946824+00:00,2026-08-01 04:18:00.180894+00:00,security_metrics,ml_engine,4bc7d549,-0.5,0.12554009110748893,1,2.7853788196807727e-05,Stage 2 - ICS Impact,Damage to Property,T0828,Loss of Safety,Modbus,Level 2
_result,1,2026-07-31 21:37:43.154390+00:00,2026-08-01 05:23:08.946824+00:00,2026-08-01 04:18:16.859396+00:00,security_metrics,ml_engine,4bc7d549,-0.5,0.11518604178029168,1,2.1957052013021894e-05,Stage 2 - ICS Impact,Damage to Property,T0828,Loss of Safety,Modbus,Level 2
_result,1,2026-07-31 21:37:43.154390+00:00,2026-08-01 05:23:08.946824+00:00,2026-08-01 04:18:33.644200+00:00,security_metrics,ml_engine,4bc7d549,-0.5,0.11758887140781349,1,2.4429728000541218e-05,Stage 2 - ICS Impact,Damage to Property,T0828,Loss of Safety,Modbus,Level 2
_result,1,2026-07-31 21:37:43.154390+00:00,2026-08-01 05:23:08.946824+00:00,2026-08-01 04:18:50.329291+00:00,security_metrics,ml_engine,4bc7d549,-0.5,0.12821135878685241,1,1.978878935915418e-05,Stage 2 - ICS Impact,Damage to Property,T0828,Loss of Safety,Modbus,Level 2
_result,1,2026-07-31 21:37:43.154390+00:00,2026-08-01 05:23:08.946824+00:00,2026-08-01 04:19:07.017453+00:00,security_metrics,ml_engine,4bc7d549,-0.5,0.13002211861406138,1,2.305626912857406e-05,Stage 2 - ICS Impact,Damage to Property,T0828,Loss of Safety,Modbus,Level 2
_result,1,2026-07-31 21:37:43.154390+00:00,2026-08-01 05:23:08.946824+00:00,2026-08-01 04:19:23.713223+00:00,security_metrics,ml_engine,4bc7d549,-0.5,0.10870626271326289,1,2.74475878541125e-05,Stage 2 - ICS Impact,Damage to Property,T0828,Loss of Safety,Modbus,Level 2
_result,1,2026-07-31 21:37:43.154390+00:00,2026-08-01 05:23:08.946824+00:00,2026-08-01 04:19:40.494799+00:00,security_metrics,ml_engine,4bc7d549,-0.5,0.11741966248643321,1,1.897557194752153e-05,Stage 2 - ICS Impact,Damage to Property,T0828,Loss of Safety,Modbus,Level 2
_result,1,2026-07-31 21:37:43.154390+00:00,2026-08-01 05:23:08.946824+00:00,2026-08-01 04:19:57.181633+00:00,security_metrics,ml_engine,4bc7d549,-0.5,0.07057313916584285,1,2.49794902629219e-05,Stage 2 - ICS Impact,Damage to Property,T0828,Loss of Safety,Modbus,Level 2
_result,1,2026-07-31 21:37:43.154390+00:00,2026-08-01 05:23:08.946824+00:00,2026-08-01 04:20:13.860851+00:00,security_metrics,ml_engine,4bc7d549,-0.5,0.14075682976208537,1,2.7096100893686526e-05,Stage 2 - ICS Impact,Damage to Property,T0828,Loss of Safety,Modbus,Level 2
_result,1,2026-07-31 21:37:43.154390+00:00,2026-08-01 05:23:08.946824+00:00,2026-08-01 04:20:30.641354+00:00,security_metrics,ml_engine,4bc7d549,-0.5,0.09056019189364817,1,2.8330458007985726e-05,Stage 2 - ICS Impact,Damage to Property,T0828,Loss of Safety,Modbus,Level 2
_result,1,2026-07-31 21:37:43.154390+00:00,2026-08-01 05:23:08.946824+00:00,2026-08-01 04:20:47.343138+00:00,security_metrics,ml_engine,4bc7d549,-0.5,0.14595921563877923,1,2.323818625882268e-05,Stage 2 - ICS Impact,Damage to Property,T0828,Loss of Safety,Modbus,Level 2
_result,1,2026-07-31 21:37:43.154390+00:00,2026-08-01 05:23:08.946824+00:00,2026-08-01 04:21:04.038041+00:00,security_metrics,ml_engine,4bc7d549,-0.5,0.1353883569121045,1,1.9633745978353545e-05,Stage 2 - ICS Impact,Damage to Property,T0828,Loss of Safety,Modbus,Level 2
_result,1,2026-07-31 21:37:43.154390+00:00,2026-08-01 05:23:08.946824+00:00,2026-08-01 04:21:20.731273+00:00,security_metrics,ml_engine,4bc7d549,-0.5,0.12312972007978096,1,2.3120554033084773e-05,Stage 2 - ICS Impact,Damage to Property,T0828,Loss of Safety,Modbus,Level 2
_result,1,2026-07-31 21:37:43.154390+00:00,2026-08-01 05:23:08.946824+00:00,2026-08-01 04:21:37.512568+00:00,security_metrics,ml_engine,4bc7d549,-0.5,0.09462137745062538,1,1.989820520975627e-05,Stage 2 - ICS Impact,Damage to Property,T0828,Loss of Safety,Modbus,Level 2
_result,1,2026-07-31 21:37:43.154390+00:00,2026-08-01 05:23:08.946824+00:00,2026-08-01 04:21:54.196066+00:00,security_metrics,ml_engine,4bc7d549,-0.5,0.1798552581430677,1,1.851348497439176e-05,Stage 2 - ICS Impact,Damage to Property,T0828,Loss of Safety,Modbus,Level 2
_result,1,2026-07-31 21:37:43.154390+00:00,2026-08-01 05:23:08.946824+00:00,2026-08-01 04:22:10.887074+00:00,security_metrics,ml_engine,4bc7d549,-0.5,0.12312972007978096,1,2.0115567167522386e-05,Stage 2 - ICS Impact,Damage to Property,T0828,Loss of Safety,Modbus,Level 2
_result,1,2026-07-31 21:37:43.154390+00:00,2026-08-01 05:23:08.946824+00:00,2026-08-01 04:22:27.670360+00:00,security_metrics,ml_engine,4bc7d549,-0.5,0.11922835053204278,1,1.9228400560677983e-05,Stage 2 - ICS Impact,Damage to Property,T0828,Loss of Safety,Modbus,Level 2
_result,1,2026-07-31 21:37:43.154390+00:00,2026-08-01 05:23:08.946824+00:00,2026-08-01 04:22:44.350834+00:00,security_metrics,ml_engine,4bc7d549,-0.5,0.0956820009690591,1,2.1981881218380295e-05,Stage 2 - ICS Impact,Damage to Property,T0828,Loss of Safety,Modbus,Level 2
_result,1,2026-07-31 21:37:43.154390+00:00,2026-08-01 05:23:08.946824+00:00,2026-08-01 04:23:01.054209+00:00,security_metrics,ml_engine,4bc7d549,-0.5,0.10535664772148567,1,2.1885633032070473e-05,Stage 2 - ICS Impact,Damage to Property,T0828,Loss of Safety,Modbus,Level 2
_result,1,2026-07-31 21:37:43.154390+00:00,2026-08-01 05:23:08.946824+00:00,2026-08-01 04:23:17.846065+00:00,security_metrics,ml_engine,4bc7d549,-0.5,0.13046252684833914,1,2.559686981840059e-05,Stage 2 - ICS Impact,Damage to Property,T0828,Loss of Safety,Modbus,Level 2
_result,1,2026-07-31 21:37:43.154390+00:00,2026-08-01 05:23:08.946824+00:00,2026-08-01 04:23:34.554505+00:00,security_metrics,ml_engine,4bc7d549,-0.5,0.11219426892033268,1,2.139453499694355e-05,Stage 2 - ICS Impact,Damage to Property,T0828,Loss of Safety,Modbus,Level 2
_result,1,2026-07-31 21:37:43.154390+00:00,2026-08-01 05:23:08.946824+00:00,2026-08-01 04:23:51.264329+00:00,security_metrics,ml_engine,4bc7d549,-0.5,0.014768035814740177,1,0.09032638370990753,Stage 2 - ICS Impact,Damage to Property,T0828,Loss of Safety,Modbus,Level 2
_result,1,2026-07-31 21:37:43.154390+00:00,2026-08-01 05:23:08.946824+00:00,2026-08-01 04:24:08.085192+00:00,security_metrics,ml_engine,4bc7d549,-0.5,0.11570238428724566,1,0.0013493518345057964,Stage 2 - ICS Impact,Damage to Property,T0828,Loss of Safety,Modbus,Level 2
_result,1,2026-07-31 21:37:43.154390+00:00,2026-08-01 05:23:08.946824+00:00,2026-08-01 04:24:24.768111+00:00,security_metrics,ml_engine,4bc7d549,-0.5,0.13002211861406138,1,2.6509223971515894e-05,Stage 2 - ICS Impact,Damage to Property,T0828,Loss of Safety,Modbus,Level 2
_result,1,2026-07-31 21:37:43.154390+00:00,2026-08-01 05:23:08.946824+00:00,2026-08-01 04:24:41.451144+00:00,security_metrics,ml_engine,4bc7d549,-0.5,0.1353883569121045,1,2.167791171814315e-05,Stage 2 - ICS Impact,Damage to Property,T0828,Loss of Safety,Modbus,Level 2
_result,1,2026-07-31 21:37:43.154390+00:00,2026-08-01 05:23:08.946824+00:00,2026-08-01 04:24:58.231138+00:00,security_metrics,ml_engine,4bc7d549,-0.5,0.12033404856410579,1,2.427364233881235e-05,Stage 2 - ICS Impact,Damage to Property,T0828,Loss of Safety,Modbus,Level 2
_result,1,2026-07-31 21:37:43.154390+00:00,2026-08-01 05:23:08.946824+00:00,2026-08-01 04:25:14.936768+00:00,security_metrics,ml_engine,4bc7d549,-0.5,0.10466290493263342,1,2.7523170501808636e-05,Stage 2 - ICS Impact,Damage to Property,T0828,Loss of Safety,Modbus,Level 2
_result,1,2026-07-31 21:37:43.154390+00:00,2026-08-01 05:23:08.946824+00:00,2026-08-01 04:25:31.628478+00:00,security_metrics,ml_engine,4bc7d549,-0.5,0.11860292373007858,1,2.413677066215314e-05,Stage 2 - ICS Impact,Damage to Property,T0828,Loss of Safety,Modbus,Level 2
_result,1,2026-07-31 21:37:43.154390+00:00,2026-08-01 05:23:08.946824+00:00,2026-08-01 04:25:48.310826+00:00,security_metrics,ml_engine,4bc7d549,-0.5,0.13168964375567632,1,2.3241214876179583e-05,Stage 2 - ICS Impact,Damage to Property,T0828,Loss of Safety,Modbus,Level 2
_result,1,2026-07-31 21:37:43.154390+00:00,2026-08-01 05:23:08.946824+00:00,2026-08-01 04:26:05.108780+00:00,security_metrics,ml_engine,4bc7d549,-0.5,0.0814440670320139,1,1.961641464731656e-05,Stage 2 - ICS Impact,Damage to Property,T0828,Loss of Safety,Modbus,Level 2
_result,1,2026-07-31 21:37:43.154390+00:00,2026-08-01 05:23:08.946824+00:00,2026-08-01 04:26:21.775305+00:00,security_metrics,ml_engine,4bc7d549,-0.5,0.08160652194905826,1,2.3521273760707118e-05,Stage 2 - ICS Impact,Damage to Property,T0828,Loss of Safety,Modbus,Level 2
_result,1,2026-07-31 21:37:43.154390+00:00,2026-08-01 05:23:08.946824+00:00,2026-08-01 04:26:38.449704+00:00,security_metrics,ml_engine,4bc7d549,-0.5,0.13168964375567632,1,2.1339463273761794e-05,Stage 2 - ICS Impact,Damage to Property,T0828,Loss of Safety,Modbus,Level 2
_result,1,2026-07-31 21:37:43.154390+00:00,2026-08-01 05:23:08.946824+00:00,2026-08-01 04:26:55.277507+00:00,security_metrics,ml_engine,4bc7d549,-0.5,0.16914537513090655,1,2.0075214706594124e-05,Stage 2 - ICS Impact,Damage to Property,T0828,Loss of Safety,Modbus,Level 2
_result,1,2026-07-31 21:37:43.154390+00:00,2026-08-01 05:23:08.946824+00:00,2026-08-01 04:27:11.960735+00:00,security_metrics,ml_engine,4bc7d549,-0.5,0.11922835053204278,1,1.7807658878155053e-05,Stage 2 - ICS Impact,Damage to Property,T0828,Loss of Safety,Modbus,Level 2
_result,1,2026-07-31 21:37:43.154390+00:00,2026-08-01 05:23:08.946824+00:00,2026-08-01 04:27:28.638613+00:00,security_metrics,ml_engine,4bc7d549,-0.5,0.1494935613814226,1,2.6158662876696326e-05,Stage 2 - ICS Impact,Damage to Property,T0828,Loss of Safety,Modbus,Level 2
_result,1,2026-07-31 21:37:43.154390+00:00,2026-08-01 05:23:08.946824+00:00,2026-08-01 04:27:45.445974+00:00,security_metrics,ml_engine,4bc7d549,-0.5,0.11240514072684515,1,2.1621399355353788e-05,Stage 2 - ICS Impact,Damage to Property,T0828,Loss of Safety,Modbus,Level 2
_result,1,2026-07-31 21:37:43.154390+00:00,2026-08-01 05:23:08.946824+00:00,2026-08-01 04:28:02.141640+00:00,security_metrics,ml_engine,4bc7d549,-0.5,0.13002211861406138,1,3.54602379957214e-05,Stage 2 - ICS Impact,Damage to Property,T0828,Loss of Safety,Modbus,Level 2
_result,1,2026-07-31 21:37:43.154390+00:00,2026-08-01 05:23:08.946824+00:00,2026-08-01 04:28:18.818044+00:00,security_metrics,ml_engine,4bc7d549,-0.5,0.018208663959393467,1,3.128812022623606e-05,Stage 2 - ICS Impact,Damage to Property,T0828,Loss of Safety,Modbus,Level 2
_result,1,2026-07-31 21:37:43.154390+00:00,2026-08-01 05:23:08.946824+00:00,2026-08-01 04:28:35.486871+00:00,security_metrics,ml_engine,4bc7d549,-0.5,0.10466290493263342,1,2.132668851118069e-05,Stage 2 - ICS Impact,Damage to Property,T0828,Loss of Safety,Modbus,Level 2
_result,1,2026-07-31 21:37:43.154390+00:00,2026-08-01 05:23:08.946824+00:00,2026-08-01 04:28:52.278716+00:00,security_metrics,ml_engine,4bc7d549,-0.5,0.07802430707328234,1,2.2437046936829574e-05,Stage 2 - ICS Impact,Damage to Property,T0828,Loss of Safety,Modbus,Level 2
_result,1,2026-07-31 21:37:43.154390+00:00,2026-08-01 05:23:08.946824+00:00,2026-08-01 04:29:08.974794+00:00,security_metrics,ml_engine,4bc7d549,-0.5,0.06741298229448678,1,2.3841794245527126e-05,Stage 2 - ICS Impact,Damage to Property,T0828,Loss of Safety,Modbus,Level 2
_result,1,2026-07-31 21:37:43.154390+00:00,2026-08-01 05:23:08.946824+00:00,2026-08-01 04:29:25.650675+00:00,security_metrics,ml_engine,4bc7d549,-0.5,0.11741966248643321,1,2.2670004909741692e-05,Stage 2 - ICS Impact,Damage to Property,T0828,Loss of Safety,Modbus,Level 2
_result,1,2026-07-31 21:37:43.154390+00:00,2026-08-01 05:23:08.946824+00:00,2026-08-01 04:29:42.455674+00:00,security_metrics,ml_engine,4bc7d549,-0.5,0.11853124844442076,1,1.8132515833713114e-05,Stage 2 - ICS Impact,Damage to Property,T0828,Loss of Safety,Modbus,Level 2
_result,1,2026-07-31 21:37:43.154390+00:00,2026-08-01 05:23:08.946824+00:00,2026-08-01 04:29:59.128531+00:00,security_metrics,ml_engine,4bc7d549,-0.5,0.10906374844445954,1,0.0006793152424506843,Stage 2 - ICS Impact,Damage to Property,T0828,Loss of Safety,Modbus,Level 2
_result,1,2026-07-31 21:37:43.154390+00:00,2026-08-01 05:23:08.946824+00:00,2026-08-01 04:30:15.823078+00:00,security_metrics,ml_engine,4bc7d549,-0.5,0.13869673460095755,1,1.7760894479579292e-05,Stage 2 - ICS Impact,Damage to Property,T0828,Loss of Safety,Modbus,Level 2
_result,1,2026-07-31 21:37:43.154390+00:00,2026-08-01 05:23:08.946824+00:00,2026-08-01 04:30:32.509773+00:00,security_metrics,ml_engine,4bc7d549,-0.5,0.13863587442616226,1,3.607185135479085e-05,Stage 2 - ICS Impact,Damage to Property,T0828,Loss of Safety,Modbus,Level 2
_result,1,2026-07-31 21:37:43.154390+00:00,2026-08-01 05:23:08.946824+00:00,2026-08-01 04:30:49.327048+00:00,security_metrics,ml_engine,4bc7d549,-0.5,0.13168964375567632,1,1.9588176655815914e-05,Stage 2 - ICS Impact,Damage to Property,T0828,Loss of Safety,Modbus,Level 2
_result,1,2026-07-31 21:37:43.154390+00:00,2026-08-01 05:23:08.946824+00:00,2026-08-01 04:31:06.045382+00:00,security_metrics,ml_engine,4bc7d549,-0.5,0.12312972007978096,1,2.1799465685035102e-05,Stage 2 - ICS Impact,Damage to Property,T0828,Loss of Safety,Modbus,Level 2
_result,1,2026-07-31 21:37:43.154390+00:00,2026-08-01 05:23:08.946824+00:00,2026-08-01 04:31:22.728541+00:00,security_metrics,ml_engine,4bc7d549,-0.5,0.03235100620496889,1,0.004789074882864952,Stage 2 - ICS Impact,Damage to Property,T0828,Loss of Safety,Modbus,Level 2
_result,1,2026-07-31 21:37:43.154390+00:00,2026-08-01 05:23:08.946824+00:00,2026-08-01 04:31:39.545120+00:00,security_metrics,ml_engine,4bc7d549,-0.5,0.14151826487301333,1,2.0221772501827218e-05,Stage 2 - ICS Impact,Damage to Property,T0828,Loss of Safety,Modbus,Level 2
_result,1,2026-07-31 21:37:43.154390+00:00,2026-08-01 05:23:08.946824+00:00,2026-08-01 04:31:56.246320+00:00,security_metrics,ml_engine,4bc7d549,-0.5,0.13668465296975807,1,1.9806842828984372e-05,Stage 2 - ICS Impact,Damage to Property,T0828,Loss of Safety,Modbus,Level 2
_result,1,2026-07-31 21:37:43.154390+00:00,2026-08-01 05:23:08.946824+00:00,2026-08-01 04:32:12.940633+00:00,security_metrics,ml_engine,4bc7d549,-0.5,0.11128249917583322,1,1.9437353330431506e-05,Stage 2 - ICS Impact,Damage to Property,T0828,Loss of Safety,Modbus,Level 2
_result,1,2026-07-31 21:37:43.154390+00:00,2026-08-01 05:23:08.946824+00:00,2026-08-01 04:32:29.740673+00:00,security_metrics,ml_engine,4bc7d549,-0.5,0.14119598555679902,1,1.7226710042450577e-05,Stage 2 - ICS Impact,Damage to Property,T0828,Loss of Safety,Modbus,Level 2
_result,1,2026-07-31 21:37:43.154390+00:00,2026-08-01 05:23:08.946824+00:00,2026-08-01 04:32:46.433014+00:00,security_metrics,ml_engine,4bc7d549,-0.5,0.0042932073087347256,1,0.14608043432235718,Stage 2 - ICS Impact,Damage to Property,T0828,Loss of Safety,Modbus,Level 2
_result,1,2026-07-31 21:37:43.154390+00:00,2026-08-01 05:23:08.946824+00:00,2026-08-01 04:33:03.137714+00:00,security_metrics,ml_engine,4bc7d549,-0.5,0.0823415331244054,1,0.1465344876050949,Stage 2 - ICS Impact,Damage to Property,T0828,Loss of Safety,Modbus,Level 2
_result,1,2026-07-31 21:37:43.154390+00:00,2026-08-01 05:23:08.946824+00:00,2026-08-01 04:33:19.838954+00:00,security_metrics,ml_engine,4bc7d549,-0.5,-0.12873816673532756,1,0.1068110466003418,Stage 2 - ICS Impact,Damage to Property,T0828,Loss of Safety,Modbus,Level 2
_result,1,2026-07-31 21:37:43.154390+00:00,2026-08-01 05:23:08.946824+00:00,2026-08-01 04:33:36.654895+00:00,security_metrics,ml_engine,4bc7d549,-0.5,0.11725039631314937,1,0.00013036729069426656,Stage 2 - ICS Impact,Damage to Property,T0828,Loss of Safety,Modbus,Level 2
_result,1,2026-07-31 21:37:43.154390+00:00,2026-08-01 05:23:08.946824+00:00,2026-08-01 04:33:53.279218+00:00,security_metrics,ml_engine,4bc7d549,-0.5,0.07610236520725999,1,1.8627342797117308e-05,Stage 2 - ICS Impact,Damage to Property,T0828,Loss of Safety,Modbus,Level 2
_result,1,2026-07-31 21:37:43.154390+00:00,2026-08-01 05:23:08.946824+00:00,2026-08-01 04:34:09.926638+00:00,security_metrics,ml_engine,4bc7d549,-0.5,0.1353883569121045,1,1.9273733414593153e-05,Stage 2 - ICS Impact,Damage to Property,T0828,Loss of Safety,Modbus,Level 2
_result,1,2026-07-31 21:37:43.154390+00:00,2026-08-01 05:23:08.946824+00:00,2026-08-01 04:34:26.685827+00:00,security_metrics,ml_engine,4bc7d549,-0.5,0.01193929735224264,1,0.005192024167627096,Stage 2 - ICS Impact,Damage to Property,T0828,Loss of Safety,Modbus,Level 2
_result,1,2026-07-31 21:37:43.154390+00:00,2026-08-01 05:23:08.946824+00:00,2026-08-01 04:34:43.331596+00:00,security_metrics,ml_engine,4bc7d549,-0.5,0.11922835053204278,1,2.1223162548267283e-05,Stage 2 - ICS Impact,Damage to Property,T0828,Loss of Safety,Modbus,Level 2
_result,1,2026-07-31 21:37:43.154390+00:00,2026-08-01 05:23:08.946824+00:00,2026-08-01 04:34:59.960749+00:00,security_metrics,ml_engine,4bc7d549,-0.5,0.12312972007978096,1,2.6869085559155792e-05,Stage 2 - ICS Impact,Damage to Property,T0828,Loss of Safety,Modbus,Level 2
_result,1,2026-07-31 21:37:43.154390+00:00,2026-08-01 05:23:08.946824+00:00,2026-08-01 04:35:16.706141+00:00,security_metrics,ml_engine,4bc7d549,-0.5,0.12515913797669798,1,1.7027505236910656e-05,Stage 2 - ICS Impact,Damage to Property,T0828,Loss of Safety,Modbus,Level 2
_result,1,2026-07-31 21:37:43.154390+00:00,2026-08-01 05:23:08.946824+00:00,2026-08-01 04:35:33.344082+00:00,security_metrics,ml_engine,4bc7d549,-0.5,0.11741966248643321,1,2.124252205248922e-05,Stage 2 - ICS Impact,Damage to Property,T0828,Loss of Safety,Modbus,Level 2
_result,1,2026-07-31 21:37:43.154390+00:00,2026-08-01 05:23:08.946824+00:00,2026-08-01 04:35:50.048279+00:00,security_metrics,ml_engine,4bc7d549,-0.5,0.12312972007978096,1,1.7799158740672283e-05,Stage 2 - ICS Impact,Damage to Property,T0828,Loss of Safety,Modbus,Level 2
_result,1,2026-07-31 21:37:43.154390+00:00,2026-08-01 05:23:08.946824+00:00,2026-08-01 04:36:06.738085+00:00,security_metrics,ml_engine,4bc7d549,-0.5,0.02956325700569351,1,0.004790337756276131,Stage 2 - ICS Impact,Damage to Property,T0828,Loss of Safety,Modbus,Level 2
_result,1,2026-07-31 21:37:43.154390+00:00,2026-08-01 05:23:08.946824+00:00,2026-08-01 04:36:23.516745+00:00,security_metrics,ml_engine,4bc7d549,-0.5,0.10991013332989774,1,2.1097957869642414e-05,Stage 2 - ICS Impact,Damage to Property,T0828,Loss of Safety,Modbus,Level 2
_result,1,2026-07-31 21:37:43.154390+00:00,2026-08-01 05:23:08.946824+00:00,2026-08-01 04:36:40.204560+00:00,security_metrics,ml_engine,4bc7d549,-0.5,0.01155090020504812,1,0.0003732197219505906,Stage 2 - ICS Impact,Damage to Property,T0828,Loss of Safety,Modbus,Level 2
_result,1,2026-07-31 21:37:43.154390+00:00,2026-08-01 05:23:08.946824+00:00,2026-08-01 04:36:56.907325+00:00,security_metrics,ml_engine,4bc7d549,-0.5,0.12299296389503073,1,2.6258448997396044e-05,Stage 2 - ICS Impact,Damage to Property,T0828,Loss of Safety,Modbus,Level 2
_result,1,2026-07-31 21:37:43.154390+00:00,2026-08-01 05:23:08.946824+00:00,2026-08-01 04:37:13.702635+00:00,security_metrics,ml_engine,4bc7d549,-0.5,0.10577087680650754,1,2.9735394491581246e-05,Stage 2 - ICS Impact,Damage to Property,T0828,Loss of Safety,Modbus,Level 2
_result,1,2026-07-31 21:37:43.154390+00:00,2026-08-01 05:23:08.946824+00:00,2026-08-01 04:37:30.394014+00:00,security_metrics,ml_engine,4bc7d549,-0.5,0.18270576099296493,1,1.764851185726002e-05,Stage 2 - ICS Impact,Damage to Property,T0828,Loss of Safety,Modbus,Level 2
_result,1,2026-07-31 21:37:43.154390+00:00,2026-08-01 05:23:08.946824+00:00,2026-08-01 04:37:47.084276+00:00,security_metrics,ml_engine,4bc7d549,-0.5,0.03212999227603264,1,1.9339542632224038e-05,Stage 2 - ICS Impact,Damage to Property,T0828,Loss of Safety,Modbus,Level 2
_result,1,2026-07-31 21:37:43.154390+00:00,2026-08-01 05:23:08.946824+00:00,2026-08-01 04:38:03.869550+00:00,security_metrics,ml_engine,4bc7d549,-0.5,0.06602093705077583,1,2.2348116544890217e-05,Stage 2 - ICS Impact,Damage to Property,T0828,Loss of Safety,Modbus,Level 2
_result,1,2026-07-31 21:37:43.154390+00:00,2026-08-01 05:23:08.946824+00:00,2026-08-01 04:38:20.592378+00:00,security_metrics,ml_engine,4bc7d549,-0.5,0.10577087680650754,1,4.0916798752732575e-05,Stage 2 - ICS Impact,Damage to Property,T0828,Loss of Safety,Modbus,Level 2
_result,1,2026-07-31 21:37:43.154390+00:00,2026-08-01 05:23:08.946824+00:00,2026-08-01 04:38:37.267647+00:00,security_metrics,ml_engine,4bc7d549,-0.5,0.1811488232974785,1,1.9145179976476356e-05,Stage 2 - ICS Impact,Damage to Property,T0828,Loss of Safety,Modbus,Level 2
_result,1,2026-07-31 21:37:43.154390+00:00,2026-08-01 05:23:08.946824+00:00,2026-08-01 04:38:53.958370+00:00,security_metrics,ml_engine,4bc7d549,-0.5,0.16096280731836682,1,0.0006032759556546807,Stage 2 - ICS Impact,Damage to Property,T0828,Loss of Safety,Modbus,Level 2
_result,1,2026-07-31 21:37:43.154390+00:00,2026-08-01 05:23:08.946824+00:00,2026-08-01 04:39:10.739181+00:00,security_metrics,ml_engine,4bc7d549,-0.5,0.05859302310283365,1,3.269896114943549e-05,Stage 2 - ICS Impact,Damage to Property,T0828,Loss of Safety,Modbus,Level 2
_result,1,2026-07-31 21:37:43.154390+00:00,2026-08-01 05:23:08.946824+00:00,2026-08-01 04:39:27.428245+00:00,security_metrics,ml_engine,4bc7d549,-0.5,0.1425110574896682,1,2.6169507691520266e-05,Stage 2 - ICS Impact,Damage to Property,T0828,Loss of Safety,Modbus,Level 2
_result,1,2026-07-31 21:37:43.154390+00:00,2026-08-01 05:23:08.946824+00:00,2026-08-01 04:39:44.110121+00:00,security_metrics,ml_engine,4bc7d549,-0.5,0.12086030598344233,1,2.405274244665634e-05,Stage 2 - ICS Impact,Damage to Property,T0828,Loss of Safety,Modbus,Level 2
_result,1,2026-07-31 21:37:43.154390+00:00,2026-08-01 05:23:08.946824+00:00,2026-08-01 04:40:00.900143+00:00,security_metrics,ml_engine,4bc7d549,-0.5,0.1217347606960541,1,1.7616397599340416e-05,Stage 2 - ICS Impact,Damage to Property,T0828,Loss of Safety,Modbus,Level 2
_result,1,2026-07-31 21:37:43.154390+00:00,2026-08-01 05:23:08.946824+00:00,2026-08-01 04:40:17.589859+00:00,security_metrics,ml_engine,4bc7d549,-0.5,0.07038033990126935,1,2.5455472496105358e-05,Stage 2 - ICS Impact,Damage to Property,T0828,Loss of Safety,Modbus,Level 2
_result,1,2026-07-31 21:37:43.154390+00:00,2026-08-01 05:23:08.946824+00:00,2026-08-01 04:40:34.304497+00:00,security_metrics,ml_engine,4bc7d549,-0.5,0.13676514440435333,1,2.2303356672637165e-05,Stage 2 - ICS Impact,Damage to Property,T0828,Loss of Safety,Modbus,Level 2
_result,1,2026-07-31 21:37:43.154390+00:00,2026-08-01 05:23:08.946824+00:00,2026-08-01 04:40:51.087680+00:00,security_metrics,ml_engine,4bc7d549,-0.5,0.1342951110351241,1,1.781973332981579e-05,Stage 2 - ICS Impact,Damage to Property,T0828,Loss of Safety,Modbus,Level 2
_result,1,2026-07-31 21:37:43.154390+00:00,2026-08-01 05:23:08.946824+00:00,2026-08-01 04:41:57.995745+00:00,security_metrics,ml_engine,4bc7d549,-0.5,0.11570238428724566,1,0.0006265657139010727,Stage 2 - ICS Impact,Damage to Property,T0828,Loss of Safety,Modbus,Level 2
_result,1,2026-07-31 21:37:43.154390+00:00,2026-08-01 05:23:08.946824+00:00,2026-08-01 04:42:14.654630+00:00,security_metrics,ml_engine,4bc7d549,-0.5,0.09508131564674815,1,2.093514376610983e-05,Stage 2 - ICS Impact,Damage to Property,T0828,Loss of Safety,Modbus,Level 2
_result,1,2026-07-31 21:37:43.154390+00:00,2026-08-01 05:23:08.946824+00:00,2026-08-01 04:42:31.328971+00:00,security_metrics,ml_engine,4bc7d549,-0.5,0.0956820009690591,1,2.1469171770149842e-05,Stage 2 - ICS Impact,Damage to Property,T0828,Loss of Safety,Modbus,Level 2
_result,1,2026-07-31 21:37:43.154390+00:00,2026-08-01 05:23:08.946824+00:00,2026-08-01 04:42:48.095158+00:00,security_metrics,ml_engine,4bc7d549,-0.5,0.11741966248643321,1,2.1722749806940556e-05,Stage 2 - ICS Impact,Damage to Property,T0828,Loss of Safety,Modbus,Level 2
_result,1,2026-07-31 21:37:43.154390+00:00,2026-08-01 05:23:08.946824+00:00,2026-08-01 04:43:04.747429+00:00,security_metrics,ml_engine,4bc7d549,-0.5,0.07802430707328234,1,1.8919352442026138e-05,Stage 2 - ICS Impact,Damage to Property,T0828,Loss of Safety,Modbus,Level 2
_result,1,2026-07-31 21:37:43.154390+00:00,2026-08-01 05:23:08.946824+00:00,2026-08-01 04:43:21.462379+00:00,security_metrics,ml_engine,4bc7d549,-0.5,0.0888861385126476,1,0.000260818749666214,Stage 2 - ICS Impact,Damage to Property,T0828,Loss of Safety,Modbus,Level 2
_result,1,2026-07-31 21:37:43.154390+00:00,2026-08-01 05:23:08.946824+00:00,2026-08-01 04:43:38.248589+00:00,security_metrics,ml_engine,4bc7d549,-0.5,0.09113367320228205,1,3.329817991470918e-05,Stage 2 - ICS Impact,Damage to Property,T0828,Loss of Safety,Modbus,Level 2
_result,1,2026-07-31 21:37:43.154390+00:00,2026-08-01 05:23:08.946824+00:00,2026-08-01 04:43:54.955536+00:00,security_metrics,ml_engine,4bc7d549,-0.5,0.09462137745062538,1,0.0004093773604836315,Stage 2 - ICS Impact,Damage to Property,T0828,Loss of Safety,Modbus,Level 2
_result,1,2026-07-31 21:37:43.154390+00:00,2026-08-01 05:23:08.946824+00:00,2026-08-01 04:44:11.654817+00:00,security_metrics,ml_engine,4bc7d549,-0.5,0.12312972007978096,1,1.9660990801639855e-05,Stage 2 - ICS Impact,Damage to Property,T0828,Loss of Safety,Modbus,Level 2
_result,1,2026-07-31 21:37:43.154390+00:00,2026-08-01 05:23:08.946824+00:00,2026-08-01 04:44:28.359935+00:00,security_metrics,ml_engine,4bc7d549,-0.5,0.14595921563877923,1,2.189182850997895e-05,Stage 2 - ICS Impact,Damage to Property,T0828,Loss of Safety,Modbus,Level 2
_result,1,2026-07-31 21:37:43.154390+00:00,2026-08-01 05:23:08.946824+00:00,2026-08-01 04:44:45.169734+00:00,security_metrics,ml_engine,4bc7d549,-0.5,0.1351686450906976,1,2.1840804038220085e-05,Stage 2 - ICS Impact,Damage to Property,T0828,Loss of Safety,Modbus,Level 2
_result,1,2026-07-31 21:37:43.154390+00:00,2026-08-01 05:23:08.946824+00:00,2026-08-01 04:45:01.873080+00:00,security_metrics,ml_engine,4bc7d549,-0.5,0.12312972007978096,1,2.345292887184769e-05,Stage 2 - ICS Impact,Damage to Property,T0828,Loss of Safety,Modbus,Level 2
_result,1,2026-07-31 21:37:43.154390+00:00,2026-08-01 05:23:08.946824+00:00,2026-08-01 04:45:18.563397+00:00,security_metrics,ml_engine,4bc7d549,-0.5,0.12157984824912821,1,2.3498700102209114e-05,Stage 2 - ICS Impact,Damage to Property,T0828,Loss of Safety,Modbus,Level 2
_result,1,2026-07-31 21:37:43.154390+00:00,2026-08-01 05:23:08.946824+00:00,2026-08-01 04:45:35.385079+00:00,security_metrics,ml_engine,4bc7d549,-0.5,0.13668465296975807,1,2.2698226530337706e-05,Stage 2 - ICS Impact,Damage to Property,T0828,Loss of Safety,Modbus,Level 2
_result,1,2026-07-31 21:37:43.154390+00:00,2026-08-01 05:23:08.946824+00:00,2026-08-01 04:45:52.100617+00:00,security_metrics,ml_engine,4bc7d549,-0.5,0.11219426892033268,1,2.0974521248717792e-05,Stage 2 - ICS Impact,Damage to Property,T0828,Loss of Safety,Modbus,Level 2
_result,1,2026-07-31 21:37:43.154390+00:00,2026-08-01 05:23:08.946824+00:00,2026-08-01 04:46:08.803298+00:00,security_metrics,ml_engine,4bc7d549,-0.5,0.12279499511600278,1,1.970445919141639e-05,Stage 2 - ICS Impact,Damage to Property,T0828,Loss of Safety,Modbus,Level 2
_result,1,2026-07-31 21:37:43.154390+00:00,2026-08-01 05:23:08.946824+00:00,2026-08-01 04:46:25.611670+00:00,security_metrics,ml_engine,4bc7d549,-0.5,0.07721025775693302,1,1.98033685592236e-05,Stage 2 - ICS Impact,Damage to Property,T0828,Loss of Safety,Modbus,Level 2
_result,1,2026-07-31 21:37:43.154390+00:00,2026-08-01 05:23:08.946824+00:00,2026-08-01 04:46:42.324620+00:00,security_metrics,ml_engine,4bc7d549,-0.5,0.1342951110351241,1,1.5343492123065516e-05,Stage 2 - ICS Impact,Damage to Property,T0828,Loss of Safety,Modbus,Level 2
_result,1,2026-07-31 21:37:43.154390+00:00,2026-08-01 05:23:08.946824+00:00,2026-08-01 04:46:59.038454+00:00,security_metrics,ml_engine,4bc7d549,-0.5,0.11450165340343132,1,2.2259264369495213e-05,Stage 2 - ICS Impact,Damage to Property,T0828,Loss of Safety,Modbus,Level 2
_result,1,2026-07-31 21:37:43.154390+00:00,2026-08-01 05:23:08.946824+00:00,2026-08-01 04:47:15.745301+00:00,security_metrics,ml_engine,4bc7d549,-0.5,0.13255456058986104,1,2.8799238862120546e-05,Stage 2 - ICS Impact,Damage to Property,T0828,Loss of Safety,Modbus,Level 2
_result,1,2026-07-31 21:37:43.154390+00:00,2026-08-01 05:23:08.946824+00:00,2026-08-01 04:47:32.565994+00:00,security_metrics,ml_engine,4bc7d549,-0.5,0.1811488232974785,1,2.1845678929821588e-05,Stage 2 - ICS Impact,Damage to Property,T0828,Loss of Safety,Modbus,Level 2
_result,1,2026-07-31 21:37:43.154390+00:00,2026-08-01 05:23:08.946824+00:00,2026-08-01 04:47:49.273923+00:00,security_metrics,ml_engine,4bc7d549,-0.5,0.009847966109400974,1,0.004832713399082422,Stage 2 - ICS Impact,Damage to Property,T0828,Loss of Safety,Modbus,Level 2
_result,1,2026-07-31 21:37:43.154390+00:00,2026-08-01 05:23:08.946824+00:00,2026-08-01 04:48:05.978604+00:00,security_metrics,ml_engine,4bc7d549,-0.5,0.07386957498002189,1,1.663712646404747e-05,Stage 2 - ICS Impact,Damage to Property,T0828,Loss of Safety,Modbus,Level 2
_result,1,2026-07-31 21:37:43.154390+00:00,2026-08-01 05:23:08.946824+00:00,2026-08-01 04:48:22.795292+00:00,security_metrics,ml_engine,4bc7d549,-0.5,0.03272396218894935,1,2.170181141991634e-05,Stage 2 - ICS Impact,Damage to Property,T0828,Loss of Safety,Modbus,Level 2
_result,1,2026-07-31 21:37:43.154390+00:00,2026-08-01 05:23:08.946824+00:00,2026-08-01 04:48:39.511769+00:00,security_metrics,ml_engine,4bc7d549,-0.5,0.14018605532488682,1,0.0005151004297658801,Stage 2 - ICS Impact,Damage to Property,T0828,Loss of Safety,Modbus,Level 2
_result,1,2026-07-31 21:37:43.154390+00:00,2026-08-01 05:23:08.946824+00:00,2026-08-01 04:48:56.234290+00:00,security_metrics,ml_engine,4bc7d549,-0.5,0.1353883569121045,1,2.421787939965725e-05,Stage 2 - ICS Impact,Damage to Property,T0828,Loss of Safety,Modbus,Level 2
_result,1,2026-07-31 21:37:43.154390+00:00,2026-08-01 05:23:08.946824+00:00,2026-08-01 04:49:13.062545+00:00,security_metrics,ml_engine,4bc7d549,-0.5,0.02956325700569351,1,0.004790188279002905,Stage 2 - ICS Impact,Damage to Property,T0828,Loss of Safety,Modbus,Level 2
_result,1,2026-07-31 21:37:43.154390+00:00,2026-08-01 05:23:08.946824+00:00,2026-08-01 04:49:29.788147+00:00,security_metrics,ml_engine,4bc7d549,-0.5,0.1351686450906976,1,1.608046659384854e-05,Stage 2 - ICS Impact,Damage to Property,T0828,Loss of Safety,Modbus,Level 2
_result,1,2026-07-31 21:37:43.154390+00:00,2026-08-01 05:23:08.946824+00:00,2026-08-01 04:49:46.496660+00:00,security_metrics,ml_engine,4bc7d549,-0.5,0.0830913732989873,1,1.8392962374491617e-05,Stage 2 - ICS Impact,Damage to Property,T0828,Loss of Safety,Modbus,Level 2
_result,1,2026-07-31 21:37:43.154390+00:00,2026-08-01 05:23:08.946824+00:00,2026-08-01 04:50:03.229429+00:00,security_metrics,ml_engine,4bc7d549,-0.5,0.10991013332989774,1,0.02043311670422554,Stage 2 - ICS Impact,Damage to Property,T0828,Loss of Safety,Modbus,Level 2
_result,1,2026-07-31 21:37:43.154390+00:00,2026-08-01 05:23:08.946824+00:00,2026-08-01 04:50:20.082510+00:00,security_metrics,ml_engine,4bc7d549,-0.5,0.018197520999986394,1,0.039906665682792664,Stage 2 - ICS Impact,Damage to Property,T0828,Loss of Safety,Modbus,Level 2
_result,1,2026-07-31 21:37:43.154390+00:00,2026-08-01 05:23:08.946824+00:00,2026-08-01 04:50:36.789571+00:00,security_metrics,ml_engine,4bc7d549,-0.5,0.1362440258406461,1,2.2061527488403954e-05,Stage 2 - ICS Impact,Damage to Property,T0828,Loss of Safety,Modbus,Level 2
_result,1,2026-07-31 21:37:43.154390+00:00,2026-08-01 05:23:08.946824+00:00,2026-08-01 04:50:53.501737+00:00,security_metrics,ml_engine,4bc7d549,-0.5,0.0956820009690591,1,1.9691471607075073e-05,Stage 2 - ICS Impact,Damage to Property,T0828,Loss of Safety,Modbus,Level 2
_result,1,2026-07-31 21:37:43.154390+00:00,2026-08-01 05:23:08.946824+00:00,2026-08-01 04:51:10.323129+00:00,security_metrics,ml_engine,4bc7d549,-0.5,0.1362440258406461,1,4.1298473661299795e-05,Stage 2 - ICS Impact,Damage to Property,T0828,Loss of Safety,Modbus,Level 2
_result,1,2026-07-31 21:37:43.154390+00:00,2026-08-01 05:23:08.946824+00:00,2026-08-01 04:51:27.022313+00:00,security_metrics,ml_engine,4bc7d549,-0.5,0.11741966248643321,1,2.0161720385658555e-05,Stage 2 - ICS Impact,Damage to Property,T0828,Loss of Safety,Modbus,Level 2
_result,1,2026-07-31 21:37:43.154390+00:00,2026-08-01 05:23:08.946824+00:00,2026-08-01 04:51:43.727430+00:00,security_metrics,ml_engine,4bc7d549,-0.5,0.12554009110748893,1,2.0994477381464094e-05,Stage 2 - ICS Impact,Damage to Property,T0828,Loss of Safety,Modbus,Level 2
_result,1,2026-07-31 21:37:43.154390+00:00,2026-08-01 05:23:08.946824+00:00,2026-08-01 04:52:00.552876+00:00,security_metrics,ml_engine,4bc7d549,-0.5,0.09702956333098278,1,2.3430704459315166e-05,Stage 2 - ICS Impact,Damage to Property,T0828,Loss of Safety,Modbus,Level 2
_result,1,2026-07-31 21:37:43.154390+00:00,2026-08-01 05:23:08.946824+00:00,2026-08-01 04:52:17.252366+00:00,security_metrics,ml_engine,4bc7d549,-0.5,0.11570238428724566,1,2.2862437617732212e-05,Stage 2 - ICS Impact,Damage to Property,T0828,Loss of Safety,Modbus,Level 2
_result,1,2026-07-31 21:37:43.154390+00:00,2026-08-01 05:23:08.946824+00:00,2026-08-01 04:52:33.965919+00:00,security_metrics,ml_engine,4bc7d549,-0.5,0.1213176253392349,1,1.99611131392885e-05,Stage 2 - ICS Impact,Damage to Property,T0828,Loss of Safety,Modbus,Level 2
_result,1,2026-07-31 21:37:43.154390+00:00,2026-08-01 05:23:08.946824+00:00,2026-08-01 04:52:50.786845+00:00,security_metrics,ml_engine,4bc7d549,-0.5,0.11674225408813066,1,2.0531590052996762e-05,Stage 2 - ICS Impact,Damage to Property,T0828,Loss of Safety,Modbus,Level 2
_result,1,2026-07-31 21:37:43.154390+00:00,2026-08-01 05:23:08.946824+00:00,2026-08-01 04:53:07.487965+00:00,security_metrics,ml_engine,4bc7d549,-0.5,0.14831543940651248,1,1.5891046132310294e-05,Stage 2 - ICS Impact,Damage to Property,T0828,Loss of Safety,Modbus,Level 2
_result,1,2026-07-31 21:37:43.154390+00:00,2026-08-01 05:23:08.946824+00:00,2026-08-01 04:53:24.209338+00:00,security_metrics,ml_engine,4bc7d549,-0.5,0.11360026257048561,1,3.125988587271422e-05,Stage 2 - ICS Impact,Damage to Property,T0828,Loss of Safety,Modbus,Level 2
_result,1,2026-07-31 21:37:43.154390+00:00,2026-08-01 05:23:08.946824+00:00,2026-08-01 04:53:40.939566+00:00,security_metrics,ml_engine,4bc7d549,-0.5,0.11741966248643321,1,2.2060396076994948e-05,Stage 2 - ICS Impact,Damage to Property,T0828,Loss of Safety,Modbus,Level 2
_result,1,2026-07-31 21:37:43.154390+00:00,2026-08-01 05:23:08.946824+00:00,2026-08-01 04:53:57.755449+00:00,security_metrics,ml_engine,4bc7d549,-0.5,0.09462137745062538,1,3.3007538149831817e-05,Stage 2 - ICS Impact,Damage to Property,T0828,Loss of Safety,Modbus,Level 2
_result,1,2026-07-31 21:37:43.154390+00:00,2026-08-01 05:23:08.946824+00:00,2026-08-01 04:54:14.474784+00:00,security_metrics,ml_engine,4bc7d549,-0.5,0.11674225408813066,1,1.798904122551903e-05,Stage 2 - ICS Impact,Damage to Property,T0828,Loss of Safety,Modbus,Level 2
_result,1,2026-07-31 21:37:43.154390+00:00,2026-08-01 05:23:08.946824+00:00,2026-08-01 04:54:31.192989+00:00,security_metrics,ml_engine,4bc7d549,-0.5,0.11741966248643321,1,0.0005524666048586369,Stage 2 - ICS Impact,Damage to Property,T0828,Loss of Safety,Modbus,Level 2
_result,1,2026-07-31 21:37:43.154390+00:00,2026-08-01 05:23:08.946824+00:00,2026-08-01 04:54:47.995118+00:00,security_metrics,ml_engine,4bc7d549,-0.5,0.11219426892033268,1,2.1266423573251814e-05,Stage 2 - ICS Impact,Damage to Property,T0828,Loss of Safety,Modbus,Level 2
_result,1,2026-07-31 21:37:43.154390+00:00,2026-08-01 05:23:08.946824+00:00,2026-08-01 04:55:04.687475+00:00,security_metrics,ml_engine,4bc7d549,-0.5,0.07505117010785478,1,1.789912857930176e-05,Stage 2 - ICS Impact,Damage to Property,T0828,Loss of Safety,Modbus,Level 2
_result,1,2026-07-31 21:37:43.154390+00:00,2026-08-01 05:23:08.946824+00:00,2026-08-01 04:55:21.406082+00:00,security_metrics,ml_engine,4bc7d549,-0.5,0.12312972007978096,1,1.9906241504941136e-05,Stage 2 - ICS Impact,Damage to Property,T0828,Loss of Safety,Modbus,Level 2
_result,1,2026-07-31 21:37:43.154390+00:00,2026-08-01 05:23:08.946824+00:00,2026-08-01 04:55:38.226815+00:00,security_metrics,ml_engine,4bc7d549,-0.5,0.17573176789944678,1,1.631775921850931e-05,Stage 2 - ICS Impact,Damage to Property,T0828,Loss of Safety,Modbus,Level 2
_result,1,2026-07-31 21:37:43.154390+00:00,2026-08-01 05:23:08.946824+00:00,2026-08-01 04:55:54.928235+00:00,security_metrics,ml_engine,4bc7d549,-0.5,0.1608623711530861,1,2.2038453607819974e-05,Stage 2 - ICS Impact,Damage to Property,T0828,Loss of Safety,Modbus,Level 2
_result,1,2026-07-31 21:37:43.154390+00:00,2026-08-01 05:23:08.946824+00:00,2026-08-01 04:56:11.644419+00:00,security_metrics,ml_engine,4bc7d549,-0.5,0.11725039631314937,1,1.802610495360568e-05,Stage 2 - ICS Impact,Damage to Property,T0828,Loss of Safety,Modbus,Level 2
_result,1,2026-07-31 21:37:43.154390+00:00,2026-08-01 05:23:08.946824+00:00,2026-08-01 04:56:28.471948+00:00,security_metrics,ml_engine,4bc7d549,-0.5,0.12515913797669798,1,1.8950828234665096e-05,Stage 2 - ICS Impact,Damage to Property,T0828,Loss of Safety,Modbus,Level 2
_result,1,2026-07-31 21:37:43.154390+00:00,2026-08-01 05:23:08.946824+00:00,2026-08-01 04:56:45.180510+00:00,security_metrics,ml_engine,4bc7d549,-0.5,0.1666445886044069,1,2.4496303012710996e-05,Stage 2 - ICS Impact,Damage to Property,T0828,Loss of Safety,Modbus,Level 2
_result,1,2026-07-31 21:37:43.154390+00:00,2026-08-01 05:23:08.946824+00:00,2026-08-01 04:57:01.884456+00:00,security_metrics,ml_engine,4bc7d549,-0.5,0.11460099463515783,1,0.000595299934502691,Stage 2 - ICS Impact,Damage to Property,T0828,Loss of Safety,Modbus,Level 2
_result,1,2026-07-31 21:37:43.154390+00:00,2026-08-01 05:23:08.946824+00:00,2026-08-01 04:57:18.617678+00:00,security_metrics,ml_engine,4bc7d549,-0.5,0.1217347606960541,1,1.6209763998631388e-05,Stage 2 - ICS Impact,Damage to Property,T0828,Loss of Safety,Modbus,Level 2
_result,1,2026-07-31 21:37:43.154390+00:00,2026-08-01 05:23:08.946824+00:00,2026-08-01 04:57:35.417131+00:00,security_metrics,ml_engine,4bc7d549,-0.5,0.1152812985676257,1,1.8891114450525492e-05,Stage 2 - ICS Impact,Damage to Property,T0828,Loss of Safety,Modbus,Level 2
_result,1,2026-07-31 21:37:43.154390+00:00,2026-08-01 05:23:08.946824+00:00,2026-08-01 04:57:52.144114+00:00,security_metrics,ml_engine,4bc7d549,-0.5,0.010130998119296852,1,0.12103335559368134,Stage 2 - ICS Impact,Damage to Property,T0828,Loss of Safety,Modbus,Level 2
_result,1,2026-07-31 21:37:43.154390+00:00,2026-08-01 05:23:08.946824+00:00,2026-08-01 04:58:08.845943+00:00,security_metrics,ml_engine,4bc7d549,-0.5,0.13002211861406138,1,0.0021507954224944115,Stage 2 - ICS Impact,Damage to Property,T0828,Loss of Safety,Modbus,Level 2
_result,1,2026-07-31 21:37:43.154390+00:00,2026-08-01 05:23:08.946824+00:00,2026-08-01 04:58:25.649472+00:00,security_metrics,ml_engine,4bc7d549,-0.5,0.15244166919510405,1,3.142914647469297e-05,Stage 2 - ICS Impact,Damage to Property,T0828,Loss of Safety,Modbus,Level 2
_result,1,2026-07-31 21:37:43.154390+00:00,2026-08-01 05:23:08.946824+00:00,2026-08-01 04:58:42.362238+00:00,security_metrics,ml_engine,4bc7d549,-0.5,0.11360026257048561,1,2.9401155188679695e-05,Stage 2 - ICS Impact,Damage to Property,T0828,Loss of Safety,Modbus,Level 2
_result,1,2026-07-31 21:37:43.154390+00:00,2026-08-01 05:23:08.946824+00:00,2026-08-01 04:58:59.076962+00:00,security_metrics,ml_engine,4bc7d549,-0.5,0.15244166919510405,1,2.505188422219362e-05,Stage 2 - ICS Impact,Damage to Property,T0828,Loss of Safety,Modbus,Level 2
_result,1,2026-07-31 21:37:43.154390+00:00,2026-08-01 05:23:08.946824+00:00,2026-08-01 04:59:15.915864+00:00,security_metrics,ml_engine,4bc7d549,-0.5,0.11741966248643321,1,1.9844046619255096e-05,Stage 2 - ICS Impact,Damage to Property,T0828,Loss of Safety,Modbus,Level 2
_result,1,2026-07-31 21:37:43.154390+00:00,2026-08-01 05:23:08.946824+00:00,2026-08-01 04:59:32.618544+00:00,security_metrics,ml_engine,4bc7d549,-0.5,0.1728361637030843,1,3.797766476054676e-05,Stage 2 - ICS Impact,Damage to Property,T0828,Loss of Safety,Modbus,Level 2
_result,1,2026-07-31 21:37:43.154390+00:00,2026-08-01 05:23:08.946824+00:00,2026-08-01 04:59:49.338898+00:00,security_metrics,ml_engine,4bc7d549,-0.5,0.11741966248643321,1,1.8590997569845058e-05,Stage 2 - ICS Impact,Damage to Property,T0828,Loss of Safety,Modbus,Level 2
_result,1,2026-07-31 21:37:43.154390+00:00,2026-08-01 05:23:08.946824+00:00,2026-08-01 05:00:06.150373+00:00,security_metrics,ml_engine,4bc7d549,-0.5,0.11360026257048561,1,2.1612881027976982e-05,Stage 2 - ICS Impact,Damage to Property,T0828,Loss of Safety,Modbus,Level 2
_result,1,2026-07-31 21:37:43.154390+00:00,2026-08-01 05:23:08.946824+00:00,2026-08-01 05:00:22.854923+00:00,security_metrics,ml_engine,4bc7d549,-0.5,0.11853124844442076,1,2.1923286112723872e-05,Stage 2 - ICS Impact,Damage to Property,T0828,Loss of Safety,Modbus,Level 2
_result,1,2026-07-31 21:37:43.154390+00:00,2026-08-01 05:23:08.946824+00:00,2026-08-01 05:00:39.561988+00:00,security_metrics,ml_engine,4bc7d549,-0.5,0.1258241484577063,1,2.9955921490909532e-05,Stage 2 - ICS Impact,Damage to Property,T0828,Loss of Safety,Modbus,Level 2
_result,1,2026-07-31 21:37:43.154390+00:00,2026-08-01 05:23:08.946824+00:00,2026-08-01 05:00:56.282798+00:00,security_metrics,ml_engine,4bc7d549,-0.5,0.11741966248643321,1,1.6096761100925505e-05,Stage 2 - ICS Impact,Damage to Property,T0828,Loss of Safety,Modbus,Level 2
_result,1,2026-07-31 21:37:43.154390+00:00,2026-08-01 05:23:08.946824+00:00,2026-08-01 05:01:13.108683+00:00,security_metrics,ml_engine,4bc7d549,-0.5,0.11360026257048561,1,3.0220899134292267e-05,Stage 2 - ICS Impact,Damage to Property,T0828,Loss of Safety,Modbus,Level 2
_result,1,2026-07-31 21:37:43.154390+00:00,2026-08-01 05:23:08.946824+00:00,2026-08-01 05:01:29.807970+00:00,security_metrics,ml_engine,4bc7d549,-0.5,0.12515913797669798,1,2.0521994883893058e-05,Stage 2 - ICS Impact,Damage to Property,T0828,Loss of Safety,Modbus,Level 2
_result,1,2026-07-31 21:37:43.154390+00:00,2026-08-01 05:23:08.946824+00:00,2026-08-01 05:01:46.507864+00:00,security_metrics,ml_engine,4bc7d549,-0.5,0.11741966248643321,1,1.9220611648052e-05,Stage 2 - ICS Impact,Damage to Property,T0828,Loss of Safety,Modbus,Level 2
_result,1,2026-07-31 21:37:43.154390+00:00,2026-08-01 05:23:08.946824+00:00,2026-08-01 05:02:03.317385+00:00,security_metrics,ml_engine,4bc7d549,-0.5,0.11219426892033268,1,1.70978582900716e-05,Stage 2 - ICS Impact,Damage to Property,T0828,Loss of Safety,Modbus,Level 2
_result,1,2026-07-31 21:37:43.154390+00:00,2026-08-01 05:23:08.946824+00:00,2026-08-01 05:02:20.021550+00:00,security_metrics,ml_engine,4bc7d549,-0.5,-0.004236041802329837,1,0.004793301224708557,Stage 2 - ICS Impact,Damage to Property,T0828,Loss of Safety,Modbus,Level 2
_result,1,2026-07-31 21:37:43.154390+00:00,2026-08-01 05:23:08.946824+00:00,2026-08-01 05:02:36.729954+00:00,security_metrics,ml_engine,4bc7d549,-0.5,0.10991013332989774,1,2.3542987037217245e-05,Stage 2 - ICS Impact,Damage to Property,T0828,Loss of Safety,Modbus,Level 2
_result,1,2026-07-31 21:37:43.154390+00:00,2026-08-01 05:23:08.946824+00:00,2026-08-01 05:02:53.552367+00:00,security_metrics,ml_engine,4bc7d549,-0.5,0.11570238428724566,1,2.307045360794291e-05,Stage 2 - ICS Impact,Damage to Property,T0828,Loss of Safety,Modbus,Level 2
_result,1,2026-07-31 21:37:43.154390+00:00,2026-08-01 05:23:08.946824+00:00,2026-08-01 05:03:10.295260+00:00,security_metrics,ml_engine,4bc7d549,-0.5,0.11922835053204278,1,1.731937300064601e-05,Stage 2 - ICS Impact,Damage to Property,T0828,Loss of Safety,Modbus,Level 2
_result,1,2026-07-31 21:37:43.154390+00:00,2026-08-01 05:23:08.946824+00:00,2026-08-01 05:03:27.010661+00:00,security_metrics,ml_engine,4bc7d549,-0.5,0.12821135878685241,1,1.9840952518279664e-05,Stage 2 - ICS Impact,Damage to Property,T0828,Loss of Safety,Modbus,Level 2
_result,1,2026-07-31 21:37:43.154390+00:00,2026-08-01 05:23:08.946824+00:00,2026-08-01 05:03:43.863717+00:00,security_metrics,ml_engine,4bc7d549,-0.5,0.12312972007978096,1,2.477081579854712e-05,Stage 2 - ICS Impact,Damage to Property,T0828,Loss of Safety,Modbus,Level 2
_result,1,2026-07-31 21:37:43.154390+00:00,2026-08-01 05:23:08.946824+00:00,2026-08-01 05:04:00.590001+00:00,security_metrics,ml_engine,4bc7d549,-0.5,0.12870786715742183,1,1.982506364583969e-05,Stage 2 - ICS Impact,Damage to Property,T0828,Loss of Safety,Modbus,Level 2
_result,1,2026-07-31 21:37:43.154390+00:00,2026-08-01 05:23:08.946824+00:00,2026-08-01 05:04:17.318634+00:00,security_metrics,ml_engine,4bc7d549,-0.5,0.11042520581674331,1,2.256336301798001e-05,Stage 2 - ICS Impact,Damage to Property,T0828,Loss of Safety,Modbus,Level 2
_result,1,2026-07-31 21:37:43.154390+00:00,2026-08-01 05:23:08.946824+00:00,2026-08-01 05:04:34.133138+00:00,security_metrics,ml_engine,4bc7d549,-0.5,0.11042520581674331,1,2.0662460883613676e-05,Stage 2 - ICS Impact,Damage to Property,T0828,Loss of Safety,Modbus,Level 2
_result,1,2026-07-31 21:37:43.154390+00:00,2026-08-01 05:23:08.946824+00:00,2026-08-01 05:05:07.551036+00:00,security_metrics,ml_engine,4bc7d549,-0.5,0.08160652194905826,1,0.1326311230659485,Stage 2 - ICS Impact,Damage to Property,T0828,Loss of Safety,Modbus,Level 2
_result,1,2026-07-31 21:37:43.154390+00:00,2026-08-01 05:23:08.946824+00:00,2026-08-01 05:05:24.233055+00:00,security_metrics,ml_engine,4bc7d549,-0.5,0.09508131564674815,1,2.871389006031677e-05,Stage 2 - ICS Impact,Damage to Property,T0828,Loss of Safety,Modbus,Level 2
_result,1,2026-07-31 21:37:43.154390+00:00,2026-08-01 05:23:08.946824+00:00,2026-08-01 05:05:41.041304+00:00,security_metrics,ml_engine,4bc7d549,-0.5,0.14914079787681744,1,2.7866266464116052e-05,Stage 2 - ICS Impact,Damage to Property,T0828,Loss of Safety,Modbus,Level 2
_result,1,2026-07-31 21:37:43.154390+00:00,2026-08-01 05:23:08.946824+00:00,2026-08-01 05:05:57.720553+00:00,security_metrics,ml_engine,4bc7d549,-0.5,0.09508131564674815,1,2.1832893253304064e-05,Stage 2 - ICS Impact,Damage to Property,T0828,Loss of Safety,Modbus,Level 2
_result,1,2026-07-31 21:37:43.154390+00:00,2026-08-01 05:23:08.946824+00:00,2026-08-01 05:06:14.409742+00:00,security_metrics,ml_engine,4bc7d549,-0.5,0.10312295990887266,1,3.5817487514577806e-05,Stage 2 - ICS Impact,Damage to Property,T0828,Loss of Safety,Modbus,Level 2
_result,1,2026-07-31 21:37:43.154390+00:00,2026-08-01 05:23:08.946824+00:00,2026-08-01 05:06:31.196790+00:00,security_metrics,ml_engine,4bc7d549,-0.5,0.09462137745062538,1,2.0801029677386396e-05,Stage 2 - ICS Impact,Damage to Property,T0828,Loss of Safety,Modbus,Level 2
_result,1,2026-07-31 21:37:43.154390+00:00,2026-08-01 05:23:08.946824+00:00,2026-08-01 05:06:47.865279+00:00,security_metrics,ml_engine,4bc7d549,-0.5,0.08864871664555485,1,2.711760316742584e-05,Stage 2 - ICS Impact,Damage to Property,T0828,Loss of Safety,Modbus,Level 2
_result,1,2026-07-31 21:37:43.154390+00:00,2026-08-01 05:23:08.946824+00:00,2026-08-01 05:07:04.613720+00:00,security_metrics,ml_engine,4bc7d549,-0.5,0.11765894071299476,1,0.00026152972714044154,Stage 2 - ICS Impact,Damage to Property,T0828,Loss of Safety,Modbus,Level 2
_result,1,2026-07-31 21:37:43.154390+00:00,2026-08-01 05:23:08.946824+00:00,2026-08-01 05:07:21.327349+00:00,security_metrics,ml_engine,4bc7d549,-0.5,0.1409694530173693,1,2.8682225092779845e-05,Stage 2 - ICS Impact,Damage to Property,T0828,Loss of Safety,Modbus,Level 2
_result,1,2026-07-31 21:37:43.154390+00:00,2026-08-01 05:23:08.946824+00:00,2026-08-01 05:07:38.166441+00:00,security_metrics,ml_engine,4bc7d549,-0.5,0.11337286413219838,1,1.6974794561974704e-05,Stage 2 - ICS Impact,Damage to Property,T0828,Loss of Safety,Modbus,Level 2
_result,1,2026-07-31 21:37:43.154390+00:00,2026-08-01 05:23:08.946824+00:00,2026-08-01 05:07:54.898350+00:00,security_metrics,ml_engine,4bc7d549,-0.5,0.11450165340343132,1,2.9878914574510418e-05,Stage 2 - ICS Impact,Damage to Property,T0828,Loss of Safety,Modbus,Level 2
_result,1,2026-07-31 21:37:43.154390+00:00,2026-08-01 05:23:08.946824+00:00,2026-08-01 05:08:11.612665+00:00,security_metrics,ml_engine,4bc7d549,-0.5,0.09497866536794719,1,2.0874356778222136e-05,Stage 2 - ICS Impact,Damage to Property,T0828,Loss of Safety,Modbus,Level 2
_result,1,2026-07-31 21:37:43.154390+00:00,2026-08-01 05:23:08.946824+00:00,2026-08-01 05:08:28.449711+00:00,security_metrics,ml_engine,4bc7d549,-0.5,0.14372084703997556,1,1.4922453374310862e-05,Stage 2 - ICS Impact,Damage to Property,T0828,Loss of Safety,Modbus,Level 2
_result,1,2026-07-31 21:37:43.154390+00:00,2026-08-01 05:23:08.946824+00:00,2026-08-01 05:08:45.200135+00:00,security_metrics,ml_engine,4bc7d549,-0.5,0.1210283511555253,1,2.8098695111111738e-05,Stage 2 - ICS Impact,Damage to Property,T0828,Loss of Safety,Modbus,Level 2
_result,1,2026-07-31 21:37:43.154390+00:00,2026-08-01 05:23:08.946824+00:00,2026-08-01 05:09:01.909448+00:00,security_metrics,ml_engine,4bc7d549,-0.5,0.1152812985676257,1,2.094810042763129e-05,Stage 2 - ICS Impact,Damage to Property,T0828,Loss of Safety,Modbus,Level 2
_result,1,2026-07-31 21:37:43.154390+00:00,2026-08-01 05:23:08.946824+00:00,2026-08-01 05:09:18.738685+00:00,security_metrics,ml_engine,4bc7d549,-0.5,0.09595932824711362,1,3.125686271232553e-05,Stage 2 - ICS Impact,Damage to Property,T0828,Loss of Safety,Modbus,Level 2
_result,1,2026-07-31 21:37:43.154390+00:00,2026-08-01 05:23:08.946824+00:00,2026-08-01 05:09:35.461661+00:00,security_metrics,ml_engine,4bc7d549,-0.5,0.10473075207080806,1,2.8269492759136483e-05,Stage 2 - ICS Impact,Damage to Property,T0828,Loss of Safety,Modbus,Level 2
_result,1,2026-07-31 21:37:43.154390+00:00,2026-08-01 05:23:08.946824+00:00,2026-08-01 05:09:52.191467+00:00,security_metrics,ml_engine,4bc7d549,-0.5,0.14087348811702838,1,2.65964863501722e-05,Stage 2 - ICS Impact,Damage to Property,T0828,Loss of Safety,Modbus,Level 2
_result,1,2026-07-31 21:37:43.154390+00:00,2026-08-01 05:23:08.946824+00:00,2026-08-01 05:10:09.010029+00:00,security_metrics,ml_engine,4bc7d549,-0.5,0.12312972007978096,1,3.143053618259728e-05,Stage 2 - ICS Impact,Damage to Property,T0828,Loss of Safety,Modbus,Level 2
_result,1,2026-07-31 21:37:43.154390+00:00,2026-08-01 05:23:08.946824+00:00,2026-08-01 05:10:25.747066+00:00,security_metrics,ml_engine,4bc7d549,-0.5,0.10535664772148567,1,2.5236058718292043e-05,Stage 2 - ICS Impact,Damage to Property,T0828,Loss of Safety,Modbus,Level 2
_result,1,2026-07-31 21:37:43.154390+00:00,2026-08-01 05:23:08.946824+00:00,2026-08-01 05:10:42.487615+00:00,security_metrics,ml_engine,4bc7d549,-0.5,0.10314961323655802,1,2.1933679818175733e-05,Stage 2 - ICS Impact,Damage to Property,T0828,Loss of Safety,Modbus,Level 2
_result,1,2026-07-31 21:37:43.154390+00:00,2026-08-01 05:23:08.946824+00:00,2026-08-01 05:10:59.234639+00:00,security_metrics,ml_engine,4bc7d549,-0.5,0.12312972007978096,1,2.4780483727226965e-05,Stage 2 - ICS Impact,Damage to Property,T0828,Loss of Safety,Modbus,Level 2
_result,1,2026-07-31 21:37:43.154390+00:00,2026-08-01 05:23:08.946824+00:00,2026-08-01 05:11:16.070379+00:00,security_metrics,ml_engine,4bc7d549,-0.5,0.0491239138375299,1,2.4999826564453542e-05,Stage 2 - ICS Impact,Damage to Property,T0828,Loss of Safety,Modbus,Level 2
_result,1,2026-07-31 21:37:43.154390+00:00,2026-08-01 05:23:08.946824+00:00,2026-08-01 05:11:32.789540+00:00,security_metrics,ml_engine,4bc7d549,-0.5,0.12847914197195576,1,0.0006888029165565968,Stage 2 - ICS Impact,Damage to Property,T0828,Loss of Safety,Modbus,Level 2
_result,1,2026-07-31 21:37:43.154390+00:00,2026-08-01 05:23:08.946824+00:00,2026-08-01 05:11:49.516499+00:00,security_metrics,ml_engine,4bc7d549,-0.5,0.0865326178261262,1,2.3974032956175506e-05,Stage 2 - ICS Impact,Damage to Property,T0828,Loss of Safety,Modbus,Level 2
_result,1,2026-07-31 21:37:43.154390+00:00,2026-08-01 05:23:08.946824+00:00,2026-08-01 05:12:06.362216+00:00,security_metrics,ml_engine,4bc7d549,-0.5,0.10054083684265158,1,2.247551310574636e-05,Stage 2 - ICS Impact,Damage to Property,T0828,Loss of Safety,Modbus,Level 2
_result,1,2026-07-31 21:37:43.154390+00:00,2026-08-01 05:23:08.946824+00:00,2026-08-01 05:12:23.079252+00:00,security_metrics,ml_engine,4bc7d549,-0.5,0.11618586858724034,1,1.6604846678092144e-05,Stage 2 - ICS Impact,Damage to Property,T0828,Loss of Safety,Modbus,Level 2
_result,1,2026-07-31 21:37:43.154390+00:00,2026-08-01 05:23:08.946824+00:00,2026-08-01 05:12:39.805267+00:00,security_metrics,ml_engine,4bc7d549,-0.5,0.10646312133207814,1,2.7173895432497375e-05,Stage 2 - ICS Impact,Damage to Property,T0828,Loss of Safety,Modbus,Level 2
_result,1,2026-07-31 21:37:43.154390+00:00,2026-08-01 05:23:08.946824+00:00,2026-08-01 05:12:56.627199+00:00,security_metrics,ml_engine,4bc7d549,-0.5,0.11322185350102221,1,1.9705656086443923e-05,Stage 2 - ICS Impact,Damage to Property,T0828,Loss of Safety,Modbus,Level 2
_result,1,2026-07-31 21:37:43.154390+00:00,2026-08-01 05:23:08.946824+00:00,2026-08-01 05:13:13.357763+00:00,security_metrics,ml_engine,4bc7d549,-0.5,0.11214094285645038,1,2.9664846806554124e-05,Stage 2 - ICS Impact,Damage to Property,T0828,Loss of Safety,Modbus,Level 2
_result,1,2026-07-31 21:37:43.154390+00:00,2026-08-01 05:23:08.946824+00:00,2026-08-01 05:13:30.085356+00:00,security_metrics,ml_engine,4bc7d549,-0.5,0.11922835053204278,1,2.2053300199331716e-05,Stage 2 - ICS Impact,Damage to Property,T0828,Loss of Safety,Modbus,Level 2
_result,1,2026-07-31 21:37:43.154390+00:00,2026-08-01 05:23:08.946824+00:00,2026-08-01 05:13:46.811157+00:00,security_metrics,ml_engine,4bc7d549,-0.5,0.11128249917583322,1,1.7663196558714844e-05,Stage 2 - ICS Impact,Damage to Property,T0828,Loss of Safety,Modbus,Level 2
_result,1,2026-07-31 21:37:43.154390+00:00,2026-08-01 05:23:08.946824+00:00,2026-08-01 05:14:03.637922+00:00,security_metrics,ml_engine,4bc7d549,-0.5,0.1545944048667937,1,2.2576412447961047e-05,Stage 2 - ICS Impact,Damage to Property,T0828,Loss of Safety,Modbus,Level 2
_result,1,2026-07-31 21:37:43.154390+00:00,2026-08-01 05:23:08.946824+00:00,2026-08-01 05:14:20.355096+00:00,security_metrics,ml_engine,4bc7d549,-0.5,0.11219426892033268,1,2.2549689674633555e-05,Stage 2 - ICS Impact,Damage to Property,T0828,Loss of Safety,Modbus,Level 2
_result,1,2026-07-31 21:37:43.154390+00:00,2026-08-01 05:23:08.946824+00:00,2026-08-01 05:14:37.077926+00:00,security_metrics,ml_engine,4bc7d549,-0.5,0.12312972007978096,1,2.9504024496418424e-05,Stage 2 - ICS Impact,Damage to Property,T0828,Loss of Safety,Modbus,Level 2
_result,1,2026-07-31 21:37:43.154390+00:00,2026-08-01 05:23:08.946824+00:00,2026-08-01 05:14:53.906467+00:00,security_metrics,ml_engine,4bc7d549,-0.5,0.11450165340343132,1,0.0007123800460249186,Stage 2 - ICS Impact,Damage to Property,T0828,Loss of Safety,Modbus,Level 2
_result,1,2026-07-31 21:37:43.154390+00:00,2026-08-01 05:23:08.946824+00:00,2026-08-01 05:15:10.636973+00:00,security_metrics,ml_engine,4bc7d549,-0.5,0.133948988115128,1,2.7279636924504302e-05,Stage 2 - ICS Impact,Damage to Property,T0828,Loss of Safety,Modbus,Level 2
_result,1,2026-07-31 21:37:43.154390+00:00,2026-08-01 05:23:08.946824+00:00,2026-08-01 05:15:27.406149+00:00,security_metrics,ml_engine,4bc7d549,-0.5,0.058860249891492966,1,2.1290374206728302e-05,Stage 2 - ICS Impact,Damage to Property,T0828,Loss of Safety,Modbus,Level 2
_result,1,2026-07-31 21:37:43.154390+00:00,2026-08-01 05:23:08.946824+00:00,2026-08-01 05:15:44.223220+00:00,security_metrics,ml_engine,4bc7d549,-0.5,0.1268676788452484,1,2.0704395865323022e-05,Stage 2 - ICS Impact,Damage to Property,T0828,Loss of Safety,Modbus,Level 2
_result,1,2026-07-31 21:37:43.154390+00:00,2026-08-01 05:23:08.946824+00:00,2026-08-01 05:16:00.976072+00:00,security_metrics,ml_engine,4bc7d549,-0.5,0.1351686450906976,1,2.4041066353674978e-05,Stage 2 - ICS Impact,Damage to Property,T0828,Loss of Safety,Modbus,Level 2
_result,1,2026-07-31 21:37:43.154390+00:00,2026-08-01 05:23:08.946824+00:00,2026-08-01 05:16:17.699531+00:00,security_metrics,ml_engine,4bc7d549,-0.5,0.11741966248643321,1,2.063212923530955e-05,Stage 2 - ICS Impact,Damage to Property,T0828,Loss of Safety,Modbus,Level 2
_result,1,2026-07-31 21:37:43.154390+00:00,2026-08-01 05:23:08.946824+00:00,2026-08-01 05:16:34.429641+00:00,security_metrics,ml_engine,4bc7d549,-0.5,0.13459118291859812,1,2.1986774299875833e-05,Stage 2 - ICS Impact,Damage to Property,T0828,Loss of Safety,Modbus,Level 2
_result,1,2026-07-31 21:37:43.154390+00:00,2026-08-01 05:23:08.946824+00:00,2026-08-01 05:16:51.270828+00:00,security_metrics,ml_engine,4bc7d549,-0.5,0.12870786715742183,1,2.240081812487915e-05,Stage 2 - ICS Impact,Damage to Property,T0828,Loss of Safety,Modbus,Level 2
_result,1,2026-07-31 21:37:43.154390+00:00,2026-08-01 05:23:08.946824+00:00,2026-08-01 05:17:07.995893+00:00,security_metrics,ml_engine,4bc7d549,-0.5,0.10991013332989774,1,2.252991725981701e-05,Stage 2 - ICS Impact,Damage to Property,T0828,Loss of Safety,Modbus,Level 2
_result,1,2026-07-31 21:37:43.154390+00:00,2026-08-01 05:23:08.946824+00:00,2026-08-01 05:17:24.742220+00:00,security_metrics,ml_engine,4bc7d549,-0.5,0.1353883569121045,1,2.427462095511146e-05,Stage 2 - ICS Impact,Damage to Property,T0828,Loss of Safety,Modbus,Level 2
_result,1,2026-07-31 21:37:43.154390+00:00,2026-08-01 05:23:08.946824+00:00,2026-08-01 05:17:41.589101+00:00,security_metrics,ml_engine,4bc7d549,-0.5,0.1621817258574435,1,3.092564293183386e-05,Stage 2 - ICS Impact,Damage to Property,T0828,Loss of Safety,Modbus,Level 2
_result,1,2026-07-31 21:37:43.154390+00:00,2026-08-01 05:23:08.946824+00:00,2026-08-01 05:17:58.322959+00:00,security_metrics,ml_engine,4bc7d549,-0.5,0.05350442662283883,1,1.8372340491623618e-05,Stage 2 - ICS Impact,Damage to Property,T0828,Loss of Safety,Modbus,Level 2
_result,1,2026-07-31 21:37:43.154390+00:00,2026-08-01 05:23:08.946824+00:00,2026-08-01 05:18:15.058974+00:00,security_metrics,ml_engine,4bc7d549,-0.5,0.06315719651026852,1,0.11503862589597702,Stage 2 - ICS Impact,Damage to Property,T0828,Loss of Safety,Modbus,Level 2
_result,1,2026-07-31 21:37:43.154390+00:00,2026-08-01 05:23:08.946824+00:00,2026-08-01 05:18:31.897239+00:00,security_metrics,ml_engine,4bc7d549,-0.5,0.08943072456324974,1,2.1612271666526794e-05,Stage 2 - ICS Impact,Damage to Property,T0828,Loss of Safety,Modbus,Level 2
_result,1,2026-07-31 21:37:43.154390+00:00,2026-08-01 05:23:08.946824+00:00,2026-08-01 05:18:48.585481+00:00,security_metrics,ml_engine,4bc7d549,-0.5,0.1152812985676257,1,1.8896573237725534e-05,Stage 2 - ICS Impact,Damage to Property,T0828,Loss of Safety,Modbus,Level 2
_result,1,2026-07-31 21:37:43.154390+00:00,2026-08-01 05:23:08.946824+00:00,2026-08-01 05:19:05.265544+00:00,security_metrics,ml_engine,4bc7d549,-0.5,0.16814594366745655,1,1.783291190804448e-05,Stage 2 - ICS Impact,Damage to Property,T0828,Loss of Safety,Modbus,Level 2
_result,1,2026-07-31 21:37:43.154390+00:00,2026-08-01 05:23:08.946824+00:00,2026-08-01 05:19:21.926508+00:00,security_metrics,ml_engine,4bc7d549,-0.5,0.12864461017986456,1,3.0096860427875072e-05,Stage 2 - ICS Impact,Damage to Property,T0828,Loss of Safety,Modbus,Level 2
_result,1,2026-07-31 21:37:43.154390+00:00,2026-08-01 05:23:08.946824+00:00,2026-08-01 05:19:38.713994+00:00,security_metrics,ml_engine,4bc7d549,-0.5,0.10906374844445954,1,2.8654865673161112e-05,Stage 2 - ICS Impact,Damage to Property,T0828,Loss of Safety,Modbus,Level 2
_result,1,2026-07-31 21:37:43.154390+00:00,2026-08-01 05:23:08.946824+00:00,2026-08-01 05:19:55.406517+00:00,security_metrics,ml_engine,4bc7d549,-0.5,0.12324020126792534,1,2.2670579710393213e-05,Stage 2 - ICS Impact,Damage to Property,T0828,Loss of Safety,Modbus,Level 2
_result,1,2026-07-31 21:37:43.154390+00:00,2026-08-01 05:23:08.946824+00:00,2026-08-01 05:20:12.058385+00:00,security_metrics,ml_engine,4bc7d549,-0.5,0.11450165340343132,1,2.4688812118256465e-05,Stage 2 - ICS Impact,Damage to Property,T0828,Loss of Safety,Modbus,Level 2
_result,1,2026-07-31 21:37:43.154390+00:00,2026-08-01 05:23:08.946824+00:00,2026-08-01 05:20:28.855035+00:00,security_metrics,ml_engine,4bc7d549,-0.5,0.12299296389503073,1,2.156836853828281e-05,Stage 2 - ICS Impact,Damage to Property,T0828,Loss of Safety,Modbus,Level 2
_result,1,2026-07-31 21:37:43.154390+00:00,2026-08-01 05:23:08.946824+00:00,2026-08-01 05:20:45.564577+00:00,security_metrics,ml_engine,4bc7d549,-0.5,0.12299296389503073,1,2.612809112179093e-05,Stage 2 - ICS Impact,Damage to Property,T0828,Loss of Safety,Modbus,Level 2
_result,1,2026-07-31 21:37:43.154390+00:00,2026-08-01 05:23:08.946824+00:00,2026-08-01 05:21:02.218169+00:00,security_metrics,ml_engine,4bc7d549,-0.5,0.1152812985676257,1,1.821903970267158e-05,Stage 2 - ICS Impact,Damage to Property,T0828,Loss of Safety,Modbus,Level 2
_result,1,2026-07-31 21:37:43.154390+00:00,2026-08-01 05:23:08.946824+00:00,2026-08-01 05:21:19.024398+00:00,security_metrics,ml_engine,4bc7d549,-0.5,0.1407329964663116,1,2.4400434995186515e-05,Stage 2 - ICS Impact,Damage to Property,T0828,Loss of Safety,Modbus,Level 2
_result,1,2026-07-31 21:37:43.154390+00:00,2026-08-01 05:23:08.946824+00:00,2026-08-01 05:21:35.718592+00:00,security_metrics,ml_engine,4bc7d549,-0.5,0.08160652194905826,1,2.149781175830867e-05,Stage 2 - ICS Impact,Damage to Property,T0828,Loss of Safety,Modbus,Level 2
_result,1,2026-07-31 21:37:43.154390+00:00,2026-08-01 05:23:08.946824+00:00,2026-08-01 05:21:52.386376+00:00,security_metrics,ml_engine,4bc7d549,-0.5,0.11758887140781349,1,3.119151006103493e-05,Stage 2 - ICS Impact,Damage to Property,T0828,Loss of Safety,Modbus,Level 2
_result,1,2026-07-31 21:37:43.154390+00:00,2026-08-01 05:23:08.946824+00:00,2026-08-01 05:22:09.051052+00:00,security_metrics,ml_engine,4bc7d549,-0.5,0.1213176253392349,1,1.7922735423780978e-05,Stage 2 - ICS Impact,Damage to Property,T0828,Loss of Safety,Modbus,Level 2
_result,1,2026-07-31 21:37:43.154390+00:00,2026-08-01 05:23:08.946824+00:00,2026-08-01 05:22:25.809844+00:00,security_metrics,ml_engine,4bc7d549,-0.5,0.13168964375567632,1,2.2370595615939237e-05,Stage 2 - ICS Impact,Damage to Property,T0828,Loss of Safety,Modbus,Level 2
_result,1,2026-07-31 21:37:43.154390+00:00,2026-08-01 05:23:08.946824+00:00,2026-08-01 05:22:42.478513+00:00,security_metrics,ml_engine,4bc7d549,-0.5,0.1285424203525357,1,2.8590080546564423e-05,Stage 2 - ICS Impact,Damage to Property,T0828,Loss of Safety,Modbus,Level 2
_result,1,2026-07-31 21:37:43.154390+00:00,2026-08-01 05:23:08.946824+00:00,2026-08-01 05:22:59.187962+00:00,security_metrics,ml_engine,4bc7d549,-0.5,0.08560779216389558,1,2.2010157408658415e-05,Stage 2 - ICS Impact,Damage to Property,T0828,Loss of Safety,Modbus,Level 2
_result,2,2026-07-31 21:37:43.154390+00:00,2026-08-01 05:23:08.946824+00:00,2026-07-31 22:46:02.536275+00:00,security_metrics,ml_engine,4bc7d549,-0.5,-0.13440994752151725,1,0.18424339592456818,Stage 2 - ICS Impact,Evasion,T0820,Exploitation for Evasion,Modbus,Level 2
_result,2,2026-07-31 21:37:43.154390+00:00,2026-08-01 05:23:08.946824+00:00,2026-08-01 00:23:15.840015+00:00,security_metrics,ml_engine,4bc7d549,-0.5,-0.1356831729167245,1,0.15670399367809296,Stage 2 - ICS Impact,Evasion,T0820,Exploitation for Evasion,Modbus,Level 2
_result,2,2026-07-31 21:37:43.154390+00:00,2026-08-01 05:23:08.946824+00:00,2026-08-01 01:23:49.097022+00:00,security_metrics,ml_engine,4bc7d549,-0.5,-0.11785811289926906,1,0.1229926124215126,Stage 2 - ICS Impact,Evasion,T0820,Exploitation for Evasion,Modbus,Level 2
_result,2,2026-07-31 21:37:43.154390+00:00,2026-08-01 05:23:08.946824+00:00,2026-08-01 01:24:05.773945+00:00,security_metrics,ml_engine,4bc7d549,-0.5,-0.13772481838114237,1,0.15674906969070435,Stage 2 - ICS Impact,Evasion,T0820,Exploitation for Evasion,Modbus,Level 2
_result,2,2026-07-31 21:37:43.154390+00:00,2026-08-01 05:23:08.946824+00:00,2026-08-01 01:54:29.097039+00:00,security_metrics,ml_engine,4bc7d549,-0.5,-0.04649789624795286,1,0.16561643779277802,Stage 2 - ICS Impact,Evasion,T0820,Exploitation for Evasion,Modbus,Level 2
_result,2,2026-07-31 21:37:43.154390+00:00,2026-08-01 05:23:08.946824+00:00,2026-08-01 01:54:45.880108+00:00,security_metrics,ml_engine,4bc7d549,-0.5,-0.04829784865666242,1,0.1644163280725479,Stage 2 - ICS Impact,Evasion,T0820,Exploitation for Evasion,Modbus,Level 2
_result,2,2026-07-31 21:37:43.154390+00:00,2026-08-01 05:23:08.946824+00:00,2026-08-01 04:08:32.083107+00:00,security_metrics,ml_engine,4bc7d549,-0.5,-0.1356831729167245,1,0.15254253149032593,Stage 2 - ICS Impact,Evasion,T0820,Exploitation for Evasion,Modbus,Level 2
_result,2,2026-07-31 21:37:43.154390+00:00,2026-08-01 05:23:08.946824+00:00,2026-08-01 04:09:05.378501+00:00,security_metrics,ml_engine,4bc7d549,-0.5,-0.04031454663101308,1,0.158248633146286,Stage 2 - ICS Impact,Evasion,T0820,Exploitation for Evasion,Modbus,Level 2
_result,2,2026-07-31 21:37:43.154390+00:00,2026-08-01 05:23:08.946824+00:00,2026-08-01 04:09:22.169219+00:00,security_metrics,ml_engine,4bc7d549,-0.5,-0.04209774209598416,1,0.15716639161109924,Stage 2 - ICS Impact,Evasion,T0820,Exploitation for Evasion,Modbus,Level 2
_result,2,2026-07-31 21:37:43.154390+00:00,2026-08-01 05:23:08.946824+00:00,2026-08-01 04:41:07.806124+00:00,security_metrics,ml_engine,4bc7d549,-0.5,-0.11785811289926906,1,0.1602078676223755,Stage 2 - ICS Impact,Evasion,T0820,Exploitation for Evasion,Modbus,Level 2
_result,2,2026-07-31 21:37:43.154390+00:00,2026-08-01 05:23:08.946824+00:00,2026-08-01 04:41:24.498743+00:00,security_metrics,ml_engine,4bc7d549,-0.5,-0.13491897926012242,1,0.16210031509399414,Stage 2 - ICS Impact,Evasion,T0820,Exploitation for Evasion,Modbus,Level 2
_result,2,2026-07-31 21:37:43.154390+00:00,2026-08-01 05:23:08.946824+00:00,2026-08-01 05:04:50.860648+00:00,security_metrics,ml_engine,4bc7d549,-0.5,-0.06233239870621132,1,0.15739314258098602,Stage 2 - ICS Impact,Evasion,T0820,Exploitation for Evasion,Modbus,Level 2
_result,3,2026-07-31 21:37:43.154390+00:00,2026-08-01 05:23:08.946824+00:00,2026-07-31 22:45:30.628309+00:00,security_metrics,ml_engine,4bc7d549,-0.5,-0.08522687134657647,1,0.1728554517030716,Stage 2 - ICS Impact,Impair Process Control,T0836,Modify Parameter,Modbus,Level 2
_result,3,2026-07-31 21:37:43.154390+00:00,2026-08-01 05:23:08.946824+00:00,2026-08-01 00:22:59.119705+00:00,security_metrics,ml_engine,4bc7d549,-0.5,-0.1170393316466889,1,0.15477241575717926,Stage 2 - ICS Impact,Impair Process Control,T0836,Modify Parameter,Modbus,Level 2
_result,3,2026-07-31 21:37:43.154390+00:00,2026-08-01 05:23:08.946824+00:00,2026-08-01 01:55:02.581705+00:00,security_metrics,ml_engine,4bc7d549,-0.5,-0.1170393316466889,1,0.16228452324867249,Stage 2 - ICS Impact,Impair Process Control,T0836,Modify Parameter,Modbus,Level 2
_result,3,2026-07-31 21:37:43.154390+00:00,2026-08-01 05:23:08.946824+00:00,2026-08-01 02:09:34.158541+00:00,security_metrics,ml_engine,4bc7d549,-0.5,-0.11579761501563024,1,0.16387008130550385,Stage 2 - ICS Impact,Impair Process Control,T0836,Modify Parameter,Modbus,Level 2
_result,3,2026-07-31 21:37:43.154390+00:00,2026-08-01 05:23:08.946824+00:00,2026-08-01 03:19:47.951792+00:00,security_metrics,ml_engine,4bc7d549,-0.5,-0.1170393316466889,1,0.15965569019317627,Stage 2 - ICS Impact,Impair Process Control,T0836,Modify Parameter,Modbus,Level 2
_result,3,2026-07-31 21:37:43.154390+00:00,2026-08-01 05:23:08.946824+00:00,2026-08-01 03:20:04.728709+00:00,security_metrics,ml_engine,4bc7d549,-0.5,-0.1170393316466889,1,0.15539781749248505,Stage 2 - ICS Impact,Impair Process Control,T0836,Modify Parameter,Modbus,Level 2
_result,3,2026-07-31 21:37:43.154390+00:00,2026-08-01 05:23:08.946824+00:00,2026-08-01 04:08:48.720765+00:00,security_metrics,ml_engine,4bc7d549,-0.5,-0.1170393316466889,1,0.15718382596969604,Stage 2 - ICS Impact,Impair Process Control,T0836,Modify Parameter,Modbus,Level 2
_result,3,2026-07-31 21:37:43.154390+00:00,2026-08-01 05:23:08.946824+00:00,2026-08-01 04:41:41.193214+00:00,security_metrics,ml_engine,4bc7d549,-0.5,-0.03168112050183236,1,0.15552110970020294,Stage 2 - ICS Impact,Impair Process Control,T0836,Modify Parameter,Modbus,Level 2
_result,4,2026-07-31 21:37:43.154390+00:00,2026-08-01 05:23:08.946824+00:00,2026-07-31 22:44:42.661533+00:00,security_metrics,ml_engine,4bc7d549,-0.11278741806745529,0.10035934849971906,1,0.11278741806745529,Unknown,Unknown,T0000,Unknown Technique,Unknown,Level 2
_result,4,2026-07-31 21:37:43.154390+00:00,2026-08-01 05:23:08.946824+00:00,2026-07-31 22:44:58.620022+00:00,security_metrics,ml_engine,4bc7d549,-0.04900343716144562,0.17969129806650003,1,0.04900343716144562,Unknown,Unknown,T0000,Unknown Technique,Unknown,Level 2
_result,4,2026-07-31 21:37:43.154390+00:00,2026-08-01 05:23:08.946824+00:00,2026-07-31 22:46:18.502496+00:00,security_metrics,ml_engine,4bc7d549,-0.14901313185691833,0.03235100620496889,1,0.14901313185691833,Unknown,Unknown,T0000,Unknown Technique,Unknown,Level 2
_result,4,2026-07-31 21:37:43.154390+00:00,2026-08-01 05:23:08.946824+00:00,2026-07-31 22:46:34.532734+00:00,security_metrics,ml_engine,4bc7d549,-0.09075769782066345,0.03570073750618463,1,0.09075769782066345,Unknown,Unknown,T0000,Unknown Technique,Unknown,Level 2
_result,4,2026-07-31 21:37:43.154390+00:00,2026-08-01 05:23:08.946824+00:00,2026-07-31 22:46:50.616674+00:00,security_metrics,ml_engine,4bc7d549,-0.17974743247032166,-0.11023938334296035,1,0.17974743247032166,Unknown,Unknown,T0000,Unknown Technique,Unknown,Level 2
_result,4,2026-07-31 21:37:43.154390+00:00,2026-08-01 05:23:08.946824+00:00,2026-07-31 22:47:06.627398+00:00,security_metrics,ml_engine,4bc7d549,-0.17287136614322662,-0.11023938334296035,1,0.17287136614322662,Unknown,Unknown,T0000,Unknown Technique,Unknown,Level 2
_result,4,2026-07-31 21:37:43.154390+00:00,2026-08-01 05:23:08.946824+00:00,2026-07-31 22:47:22.647629+00:00,security_metrics,ml_engine,4bc7d549,-0.1735716313123703,-0.11023938334296035,1,0.1735716313123703,Unknown,Unknown,T0000,Unknown Technique,Unknown,Level 2
_result,4,2026-07-31 21:37:43.154390+00:00,2026-08-01 05:23:08.946824+00:00,2026-07-31 22:47:38.679955+00:00,security_metrics,ml_engine,4bc7d549,-0.10446344316005707,-0.027845520632316156,1,0.10446344316005707,Unknown,Unknown,T0000,Unknown Technique,Unknown,Level 2
_result,4,2026-07-31 21:37:43.154390+00:00,2026-08-01 05:23:08.946824+00:00,2026-07-31 22:47:54.710478+00:00,security_metrics,ml_engine,4bc7d549,-0.09075882285833359,0.01193929735224264,1,0.09075882285833359,Unknown,Unknown,T0000,Unknown Technique,Unknown,Level 2
_result,4,2026-07-31 21:37:43.154390+00:00,2026-08-01 05:23:08.946824+00:00,2026-07-31 22:48:10.855517+00:00,security_metrics,ml_engine,4bc7d549,-0.09075929969549179,0.04664691297494228,1,0.09075929969549179,Unknown,Unknown,T0000,Unknown Technique,Unknown,Level 2
_result,4,2026-07-31 21:37:43.154390+00:00,2026-08-01 05:23:08.946824+00:00,2026-07-31 22:48:26.880346+00:00,security_metrics,ml_engine,4bc7d549,-0.09075591713190079,0.053832025672645,1,0.09075591713190079,Unknown,Unknown,T0000,Unknown Technique,Unknown,Level 2
_result,4,2026-07-31 21:37:43.154390+00:00,2026-08-01 05:23:08.946824+00:00,2026-07-31 22:48:42.964937+00:00,security_metrics,ml_engine,4bc7d549,-0.09075705707073212,0.01193929735224264,1,0.09075705707073212,Unknown,Unknown,T0000,Unknown Technique,Unknown,Level 2
_result,4,2026-07-31 21:37:43.154390+00:00,2026-08-01 05:23:08.946824+00:00,2026-07-31 22:48:59.001838+00:00,security_metrics,ml_engine,4bc7d549,-0.0907612070441246,0.04664691297494228,1,0.0907612070441246,Unknown,Unknown,T0000,Unknown Technique,Unknown,Level 2
_result,4,2026-07-31 21:37:43.154390+00:00,2026-08-01 05:23:08.946824+00:00,2026-07-31 22:49:15.054234+00:00,security_metrics,ml_engine,4bc7d549,-0.0907602533698082,0.03374015097943672,1,0.0907602533698082,Unknown,Unknown,T0000,Unknown Technique,Unknown,Level 2
_result,4,2026-07-31 21:37:43.154390+00:00,2026-08-01 05:23:08.946824+00:00,2026-07-31 22:49:31.114914+00:00,security_metrics,ml_engine,4bc7d549,-0.09075184166431427,0.05459804407375035,1,0.09075184166431427,Unknown,Unknown,T0000,Unknown Technique,Unknown,Level 2
_result,4,2026-07-31 21:37:43.154390+00:00,2026-08-01 05:23:08.946824+00:00,2026-07-31 22:49:47.273546+00:00,security_metrics,ml_engine,4bc7d549,-0.09075097739696503,0.04783244194160907,1,0.09075097739696503,Unknown,Unknown,T0000,Unknown Technique,Unknown,Level 2
_result,4,2026-07-31 21:37:43.154390+00:00,2026-08-01 05:23:08.946824+00:00,2026-07-31 22:50:03.310835+00:00,security_metrics,ml_engine,4bc7d549,-0.09075388312339783,0.0464537008146052,1,0.09075388312339783,Unknown,Unknown,T0000,Unknown Technique,Unknown,Level 2
_result,4,2026-07-31 21:37:43.154390+00:00,2026-08-01 05:23:08.946824+00:00,2026-07-31 22:50:19.359518+00:00,security_metrics,ml_engine,4bc7d549,-0.09075511991977692,0.05122859581664718,1,0.09075511991977692,Unknown,Unknown,T0000,Unknown Technique,Unknown,Level 2
_result,4,2026-07-31 21:37:43.154390+00:00,2026-08-01 05:23:08.946824+00:00,2026-07-31 22:50:35.420237+00:00,security_metrics,ml_engine,4bc7d549,-0.09075316786766052,0.04783244194160907,1,0.09075316786766052,Unknown,Unknown,T0000,Unknown Technique,Unknown,Level 2
_result,4,2026-07-31 21:37:43.154390+00:00,2026-08-01 05:23:08.946824+00:00,2026-07-31 22:50:51.521258+00:00,security_metrics,ml_engine,4bc7d549,-0.09075332432985306,0.040411560105458544,1,0.09075332432985306,Unknown,Unknown,T0000,Unknown Technique,Unknown,Level 2
_result,4,2026-07-31 21:37:43.154390+00:00,2026-08-01 05:23:08.946824+00:00,2026-07-31 22:51:07.689690+00:00,security_metrics,ml_engine,4bc7d549,-0.09075038880109787,0.03841405429085831,1,0.09075038880109787,Unknown,Unknown,T0000,Unknown Technique,Unknown,Level 2
_result,4,2026-07-31 21:37:43.154390+00:00,2026-08-01 05:23:08.946824+00:00,2026-07-31 22:51:23.752385+00:00,security_metrics,ml_engine,4bc7d549,-0.09075460582971573,0.043848375657768335,1,0.09075460582971573,Unknown,Unknown,T0000,Unknown Technique,Unknown,Level 2
_result,4,2026-07-31 21:37:43.154390+00:00,2026-08-01 05:23:08.946824+00:00,2026-07-31 22:51:39.818980+00:00,security_metrics,ml_engine,4bc7d549,-0.09075218439102173,0.0464537008146052,1,0.09075218439102173,Unknown,Unknown,T0000,Unknown Technique,Unknown,Level 2
_result,4,2026-07-31 21:37:43.154390+00:00,2026-08-01 05:23:08.946824+00:00,2026-07-31 22:51:55.892838+00:00,security_metrics,ml_engine,4bc7d549,-0.0907512977719307,0.05087365271017963,1,0.0907512977719307,Unknown,Unknown,T0000,Unknown Technique,Unknown,Level 2
_result,4,2026-07-31 21:37:43.154390+00:00,2026-08-01 05:23:08.946824+00:00,2026-07-31 22:52:11.973255+00:00,security_metrics,ml_engine,4bc7d549,-0.090752512216568,0.03570073750618463,1,0.090752512216568,Unknown,Unknown,T0000,Unknown Technique,Unknown,Level 2
_result,4,2026-07-31 21:37:43.154390+00:00,2026-08-01 05:23:08.946824+00:00,2026-07-31 22:52:28.153458+00:00,security_metrics,ml_engine,4bc7d549,-0.0907529816031456,0.051241554865602446,1,0.0907529816031456,Unknown,Unknown,T0000,Unknown Technique,Unknown,Level 2
_result,4,2026-07-31 21:37:43.154390+00:00,2026-08-01 05:23:08.946824+00:00,2026-07-31 22:52:44.219226+00:00,security_metrics,ml_engine,4bc7d549,-0.09075447916984558,0.03235100620496889,1,0.09075447916984558,Unknown,Unknown,T0000,Unknown Technique,Unknown,Level 2
_result,4,2026-07-31 21:37:43.154390+00:00,2026-08-01 05:23:08.946824+00:00,2026-07-31 22:53:00.346904+00:00,security_metrics,ml_engine,4bc7d549,-0.0907546728849411,0.05282197602126404,1,0.0907546728849411,Unknown,Unknown,T0000,Unknown Technique,Unknown,Level 2
_result,4,2026-07-31 21:37:43.154390+00:00,2026-08-01 05:23:08.946824+00:00,2026-07-31 22:53:16.471418+00:00,security_metrics,ml_engine,4bc7d549,-0.0907517597079277,0.04999747065507276,1,0.0907517597079277,Unknown,Unknown,T0000,Unknown Technique,Unknown,Level 2
_result,4,2026-07-31 21:37:43.154390+00:00,2026-08-01 05:23:08.946824+00:00,2026-07-31 22:53:32.602800+00:00,security_metrics,ml_engine,4bc7d549,-0.09075310081243515,0.03570073750618463,1,0.09075310081243515,Unknown,Unknown,T0000,Unknown Technique,Unknown,Level 2
_result,4,2026-07-31 21:37:43.154390+00:00,2026-08-01 05:23:08.946824+00:00,2026-07-31 22:53:48.840326+00:00,security_metrics,ml_engine,4bc7d549,-0.09075193107128143,0.0464537008146052,1,0.09075193107128143,Unknown,Unknown,T0000,Unknown Technique,Unknown,Level 2
_result,4,2026-07-31 21:37:43.154390+00:00,2026-08-01 05:23:08.946824+00:00,2026-07-31 22:54:04.993852+00:00,security_metrics,ml_engine,4bc7d549,-0.090752013027668,0.040411560105458544,1,0.090752013027668,Unknown,Unknown,T0000,Unknown Technique,Unknown,Level 2
_result,4,2026-07-31 21:37:43.154390+00:00,2026-08-01 05:23:08.946824+00:00,2026-07-31 22:54:21.142640+00:00,security_metrics,ml_engine,4bc7d549,-0.09075483679771423,0.02956325700569351,1,0.09075483679771423,Unknown,Unknown,T0000,Unknown Technique,Unknown,Level 2
_result,4,2026-07-31 21:37:43.154390+00:00,2026-08-01 05:23:08.946824+00:00,2026-07-31 22:54:37.299895+00:00,security_metrics,ml_engine,4bc7d549,-0.090754434466362,0.043848375657768335,1,0.090754434466362,Unknown,Unknown,T0000,Unknown Technique,Unknown,Level 2
_result,4,2026-07-31 21:37:43.154390+00:00,2026-08-01 05:23:08.946824+00:00,2026-07-31 22:54:53.451428+00:00,security_metrics,ml_engine,4bc7d549,-0.09075192362070084,0.05085817489522504,1,0.09075192362070084,Unknown,Unknown,T0000,Unknown Technique,Unknown,Level 2
_result,4,2026-07-31 21:37:43.154390+00:00,2026-08-01 05:23:08.946824+00:00,2026-07-31 22:55:09.699011+00:00,security_metrics,ml_engine,4bc7d549,-0.09075218439102173,0.046067080351585465,1,0.09075218439102173,Unknown,Unknown,T0000,Unknown Technique,Unknown,Level 2
_result,4,2026-07-31 21:37:43.154390+00:00,2026-08-01 05:23:08.946824+00:00,2026-07-31 22:55:25.879761+00:00,security_metrics,ml_engine,4bc7d549,-0.09075317531824112,-0.008678591146840886,1,0.09075317531824112,Unknown,Unknown,T0000,Unknown Technique,Unknown,Level 2
_result,4,2026-07-31 21:37:43.154390+00:00,2026-08-01 05:23:08.946824+00:00,2026-07-31 22:55:42.041240+00:00,security_metrics,ml_engine,4bc7d549,-0.09074994921684265,0.05122859581664718,1,0.09074994921684265,Unknown,Unknown,T0000,Unknown Technique,Unknown,Level 2
_result,4,2026-07-31 21:37:43.154390+00:00,2026-08-01 05:23:08.946824+00:00,2026-07-31 22:55:58.217107+00:00,security_metrics,ml_engine,4bc7d549,-0.1615040898323059,-0.014418037463527544,1,0.1615040898323059,Unknown,Unknown,T0000,Unknown Technique,Unknown,Level 2
_result,4,2026-07-31 21:37:43.154390+00:00,2026-08-01 05:23:08.946824+00:00,2026-07-31 22:56:14.415678+00:00,security_metrics,ml_engine,4bc7d549,-0.22981567680835724,-0.05651785367617146,1,0.22981567680835724,Unknown,Unknown,T0000,Unknown Technique,Unknown,Level 2
_result,4,2026-07-31 21:37:43.154390+00:00,2026-08-01 05:23:08.946824+00:00,2026-07-31 22:56:30.717472+00:00,security_metrics,ml_engine,4bc7d549,-0.22886870801448822,0.04409516795401691,1,0.22886870801448822,Unknown,Unknown,T0000,Unknown Technique,Unknown,Level 2
_result,4,2026-07-31 21:37:43.154390+00:00,2026-08-01 05:23:08.946824+00:00,2026-07-31 22:56:46.868084+00:00,security_metrics,ml_engine,4bc7d549,-0.18255239725112915,0.04664691297494228,1,0.18255239725112915,Unknown,Unknown,T0000,Unknown Technique,Unknown,Level 2
_result,4,2026-07-31 21:37:43.154390+00:00,2026-08-01 05:23:08.946824+00:00,2026-07-31 22:57:03.006514+00:00,security_metrics,ml_engine,4bc7d549,-0.09075439721345901,0.04664691297494228,1,0.09075439721345901,Unknown,Unknown,T0000,Unknown Technique,Unknown,Level 2
_result,4,2026-07-31 21:37:43.154390+00:00,2026-08-01 05:23:08.946824+00:00,2026-07-31 22:57:19.145258+00:00,security_metrics,ml_engine,4bc7d549,-0.09075390547513962,0.03314721289916811,1,0.09075390547513962,Unknown,Unknown,T0000,Unknown Technique,Unknown,Level 2
_result,4,2026-07-31 21:37:43.154390+00:00,2026-08-01 05:23:08.946824+00:00,2026-07-31 22:57:35.283632+00:00,security_metrics,ml_engine,4bc7d549,-0.09075358510017395,0.05087365271017963,1,0.09075358510017395,Unknown,Unknown,T0000,Unknown Technique,Unknown,Level 2
_result,4,2026-07-31 21:37:43.154390+00:00,2026-08-01 05:23:08.946824+00:00,2026-07-31 22:57:51.530230+00:00,security_metrics,ml_engine,4bc7d549,-0.09075307101011276,0.02956325700569351,1,0.09075307101011276,Unknown,Unknown,T0000,Unknown Technique,Unknown,Level 2
_result,4,2026-07-31 21:37:43.154390+00:00,2026-08-01 05:23:08.946824+00:00,2026-07-31 22:58:07.685849+00:00,security_metrics,ml_engine,4bc7d549,-0.09075221419334412,0.02956325700569351,1,0.09075221419334412,Unknown,Unknown,T0000,Unknown Technique,Unknown,Level 2
_result,4,2026-07-31 21:37:43.154390+00:00,2026-08-01 05:23:08.946824+00:00,2026-07-31 22:58:23.831605+00:00,security_metrics,ml_engine,4bc7d549,-0.09075194597244263,0.04911684100366631,1,0.09075194597244263,Unknown,Unknown,T0000,Unknown Technique,Unknown,Level 2
_result,4,2026-07-31 21:37:43.154390+00:00,2026-08-01 05:23:08.946824+00:00,2026-07-31 22:58:40.034075+00:00,security_metrics,ml_engine,4bc7d549,-0.09075140208005905,0.054674128439946124,1,0.09075140208005905,Unknown,Unknown,T0000,Unknown Technique,Unknown,Level 2
_result,4,2026-07-31 21:37:43.154390+00:00,2026-08-01 05:23:08.946824+00:00,2026-07-31 22:58:56.203649+00:00,security_metrics,ml_engine,4bc7d549,-0.09075550734996796,0.03374015097943672,1,0.09075550734996796,Unknown,Unknown,T0000,Unknown Technique,Unknown,Level 2
_result,4,2026-07-31 21:37:43.154390+00:00,2026-08-01 05:23:08.946824+00:00,2026-07-31 22:59:12.469729+00:00,security_metrics,ml_engine,4bc7d549,-0.09075400978326797,0.05443803986272633,1,0.09075400978326797,Unknown,Unknown,T0000,Unknown Technique,Unknown,Level 2
_result,4,2026-07-31 21:37:43.154390+00:00,2026-08-01 05:23:08.946824+00:00,2026-07-31 22:59:28.638721+00:00,security_metrics,ml_engine,4bc7d549,-0.09075264632701874,0.04365421661125224,1,0.09075264632701874,Unknown,Unknown,T0000,Unknown Technique,Unknown,Level 2
_result,4,2026-07-31 21:37:43.154390+00:00,2026-08-01 05:23:08.946824+00:00,2026-07-31 22:59:44.795744+00:00,security_metrics,ml_engine,4bc7d549,-0.09075094014406204,0.054674128439946124,1,0.09075094014406204,Unknown,Unknown,T0000,Unknown Technique,Unknown,Level 2
_result,4,2026-07-31 21:37:43.154390+00:00,2026-08-01 05:23:08.946824+00:00,2026-07-31 23:00:00.995226+00:00,security_metrics,ml_engine,4bc7d549,-0.09075327217578888,0.027653946368079052,1,0.09075327217578888,Unknown,Unknown,T0000,Unknown Technique,Unknown,Level 2
_result,4,2026-07-31 21:37:43.154390+00:00,2026-08-01 05:23:08.946824+00:00,2026-07-31 23:00:17.264760+00:00,security_metrics,ml_engine,4bc7d549,-0.09075462073087692,0.04664691297494228,1,0.09075462073087692,Unknown,Unknown,T0000,Unknown Technique,Unknown,Level 2
_result,4,2026-07-31 21:37:43.154390+00:00,2026-08-01 05:23:08.946824+00:00,2026-07-31 23:00:33.438465+00:00,security_metrics,ml_engine,4bc7d549,-0.09075557440519333,0.048924464544429,1,0.09075557440519333,Unknown,Unknown,T0000,Unknown Technique,Unknown,Level 2
_result,4,2026-07-31 21:37:43.154390+00:00,2026-08-01 05:23:08.946824+00:00,2026-07-31 23:00:49.665944+00:00,security_metrics,ml_engine,4bc7d549,-0.09075292944908142,0.04783244194160907,1,0.09075292944908142,Unknown,Unknown,T0000,Unknown Technique,Unknown,Level 2
_result,4,2026-07-31 21:37:43.154390+00:00,2026-08-01 05:23:08.946824+00:00,2026-07-31 23:01:05.862085+00:00,security_metrics,ml_engine,4bc7d549,-0.09075433015823364,0.05315166365517765,1,0.09075433015823364,Unknown,Unknown,T0000,Unknown Technique,Unknown,Level 2
_result,4,2026-07-31 21:37:43.154390+00:00,2026-08-01 05:23:08.946824+00:00,2026-07-31 23:01:22.067626+00:00,security_metrics,ml_engine,4bc7d549,-0.0907522514462471,0.05121997424315694,1,0.0907522514462471,Unknown,Unknown,T0000,Unknown Technique,Unknown,Level 2
_result,4,2026-07-31 21:37:43.154390+00:00,2026-08-01 05:23:08.946824+00:00,2026-07-31 23:01:38.375665+00:00,security_metrics,ml_engine,4bc7d549,-0.09075410664081573,0.05122859581664718,1,0.09075410664081573,Unknown,Unknown,T0000,Unknown Technique,Unknown,Level 2
_result,4,2026-07-31 21:37:43.154390+00:00,2026-08-01 05:23:08.946824+00:00,2026-07-31 23:01:54.582937+00:00,security_metrics,ml_engine,4bc7d549,-0.09075430780649185,0.04298607903403473,1,0.09075430780649185,Unknown,Unknown,T0000,Unknown Technique,Unknown,Level 2
_result,4,2026-07-31 21:37:43.154390+00:00,2026-08-01 05:23:08.946824+00:00,2026-07-31 23:02:10.797844+00:00,security_metrics,ml_engine,4bc7d549,-0.09075147658586502,0.05085817489522504,1,0.09075147658586502,Unknown,Unknown,T0000,Unknown Technique,Unknown,Level 2
_result,4,2026-07-31 21:37:43.154390+00:00,2026-08-01 05:23:08.946824+00:00,2026-07-31 23:02:27.012231+00:00,security_metrics,ml_engine,4bc7d549,-0.09075389802455902,0.04988105400142839,1,0.09075389802455902,Unknown,Unknown,T0000,Unknown Technique,Unknown,Level 2
_result,4,2026-07-31 21:37:43.154390+00:00,2026-08-01 05:23:08.946824+00:00,2026-07-31 23:02:43.224302+00:00,security_metrics,ml_engine,4bc7d549,-0.09075430035591125,0.05087365271017963,1,0.09075430035591125,Unknown,Unknown,T0000,Unknown Technique,Unknown,Level 2
_result,4,2026-07-31 21:37:43.154390+00:00,2026-08-01 05:23:08.946824+00:00,2026-07-31 23:02:59.579539+00:00,security_metrics,ml_engine,4bc7d549,-0.09075022488832474,0.0499015839464616,1,0.09075022488832474,Unknown,Unknown,T0000,Unknown Technique,Unknown,Level 2
_result,4,2026-07-31 21:37:43.154390+00:00,2026-08-01 05:23:08.946824+00:00,2026-07-31 23:03:15.840279+00:00,security_metrics,ml_engine,4bc7d549,-0.09075235575437546,0.05087365271017963,1,0.09075235575437546,Unknown,Unknown,T0000,Unknown Technique,Unknown,Level 2
_result,4,2026-07-31 21:37:43.154390+00:00,2026-08-01 05:23:08.946824+00:00,2026-07-31 23:03:32.097837+00:00,security_metrics,ml_engine,4bc7d549,-0.09075174480676651,0.02956325700569351,1,0.09075174480676651,Unknown,Unknown,T0000,Unknown Technique,Unknown,Level 2
_result,4,2026-07-31 21:37:43.154390+00:00,2026-08-01 05:23:08.946824+00:00,2026-07-31 23:03:48.360217+00:00,security_metrics,ml_engine,4bc7d549,-0.09075402468442917,0.0487320229945426,1,0.09075402468442917,Unknown,Unknown,T0000,Unknown Technique,Unknown,Level 2
_result,4,2026-07-31 21:37:43.154390+00:00,2026-08-01 05:23:08.946824+00:00,2026-07-31 23:04:04.754692+00:00,security_metrics,ml_engine,4bc7d549,-0.0907527506351471,0.04999747065507276,1,0.0907527506351471,Unknown,Unknown,T0000,Unknown Technique,Unknown,Level 2
_result,4,2026-07-31 21:37:43.154390+00:00,2026-08-01 05:23:08.946824+00:00,2026-07-31 23:04:21.053863+00:00,security_metrics,ml_engine,4bc7d549,-0.0907512977719307,0.05169332503305424,1,0.0907512977719307,Unknown,Unknown,T0000,Unknown Technique,Unknown,Level 2
_result,4,2026-07-31 21:37:43.154390+00:00,2026-08-01 05:23:08.946824+00:00,2026-07-31 23:04:37.316309+00:00,security_metrics,ml_engine,4bc7d549,-0.09075002372264862,0.04783244194160907,1,0.09075002372264862,Unknown,Unknown,T0000,Unknown Technique,Unknown,Level 2
_result,4,2026-07-31 21:37:43.154390+00:00,2026-08-01 05:23:08.946824+00:00,2026-07-31 23:04:53.592111+00:00,security_metrics,ml_engine,4bc7d549,-0.09075599908828735,0.05122859581664718,1,0.09075599908828735,Unknown,Unknown,T0000,Unknown Technique,Unknown,Level 2
_result,4,2026-07-31 21:37:43.154390+00:00,2026-08-01 05:23:08.946824+00:00,2026-07-31 23:05:09.977501+00:00,security_metrics,ml_engine,4bc7d549,-0.09075477719306946,0.04080200572191228,1,0.09075477719306946,Unknown,Unknown,T0000,Unknown Technique,Unknown,Level 2
_result,4,2026-07-31 21:37:43.154390+00:00,2026-08-01 05:23:08.946824+00:00,2026-07-31 23:05:26.257260+00:00,security_metrics,ml_engine,4bc7d549,-0.09075474739074707,0.04664691297494228,1,0.09075474739074707,Unknown,Unknown,T0000,Unknown Technique,Unknown,Level 2
_result,4,2026-07-31 21:37:43.154390+00:00,2026-08-01 05:23:08.946824+00:00,2026-07-31 23:05:42.531944+00:00,security_metrics,ml_engine,4bc7d549,-0.09075498580932617,0.04230188765955334,1,0.09075498580932617,Unknown,Unknown,T0000,Unknown Technique,Unknown,Level 2
_result,4,2026-07-31 21:37:43.154390+00:00,2026-08-01 05:23:08.946824+00:00,2026-07-31 23:05:58.830224+00:00,security_metrics,ml_engine,4bc7d549,-0.09075205028057098,0.04783244194160907,1,0.09075205028057098,Unknown,Unknown,T0000,Unknown Technique,Unknown,Level 2
_result,4,2026-07-31 21:37:43.154390+00:00,2026-08-01 05:23:08.946824+00:00,2026-07-31 23:06:15.127923+00:00,security_metrics,ml_engine,4bc7d549,-0.09075284004211426,0.055422672388829364,1,0.09075284004211426,Unknown,Unknown,T0000,Unknown Technique,Unknown,Level 2
_result,4,2026-07-31 21:37:43.154390+00:00,2026-08-01 05:23:08.946824+00:00,2026-07-31 23:06:31.529237+00:00,security_metrics,ml_engine,4bc7d549,-0.09075167030096054,0.05122859581664718,1,0.09075167030096054,Unknown,Unknown,T0000,Unknown Technique,Unknown,Level 2
_result,4,2026-07-31 21:37:43.154390+00:00,2026-08-01 05:23:08.946824+00:00,2026-07-31 23:06:47.839990+00:00,security_metrics,ml_engine,4bc7d549,-0.0907512754201889,0.03235100620496889,1,0.0907512754201889,Unknown,Unknown,T0000,Unknown Technique,Unknown,Level 2
_result,4,2026-07-31 21:37:43.154390+00:00,2026-08-01 05:23:08.946824+00:00,2026-07-31 23:07:04.157270+00:00,security_metrics,ml_engine,4bc7d549,-0.09075385332107544,0.054674128439946124,1,0.09075385332107544,Unknown,Unknown,T0000,Unknown Technique,Unknown,Level 2
_result,4,2026-07-31 21:37:43.154390+00:00,2026-08-01 05:23:08.946824+00:00,2026-07-31 23:07:20.474843+00:00,security_metrics,ml_engine,4bc7d549,-0.0907522588968277,0.05085817489522504,1,0.0907522588968277,Unknown,Unknown,T0000,Unknown Technique,Unknown,Level 2
_result,4,2026-07-31 21:37:43.154390+00:00,2026-08-01 05:23:08.946824+00:00,2026-07-31 23:07:36.917276+00:00,security_metrics,ml_engine,4bc7d549,-0.0907534658908844,0.0464537008146052,1,0.0907534658908844,Unknown,Unknown,T0000,Unknown Technique,Unknown,Level 2
_result,4,2026-07-31 21:37:43.154390+00:00,2026-08-01 05:23:08.946824+00:00,2026-07-31 23:07:53.234675+00:00,security_metrics,ml_engine,4bc7d549,-0.09075053036212921,0.055111311721499745,1,0.09075053036212921,Unknown,Unknown,T0000,Unknown Technique,Unknown,Level 2
_result,4,2026-07-31 21:37:43.154390+00:00,2026-08-01 05:23:08.946824+00:00,2026-07-31 23:08:09.558001+00:00,security_metrics,ml_engine,4bc7d549,-0.09075448662042618,0.04664691297494228,1,0.09075448662042618,Unknown,Unknown,T0000,Unknown Technique,Unknown,Level 2
_result,4,2026-07-31 21:37:43.154390+00:00,2026-08-01 05:23:08.946824+00:00,2026-07-31 23:08:25.881871+00:00,security_metrics,ml_engine,4bc7d549,-0.09075219184160233,0.046067080351585465,1,0.09075219184160233,Unknown,Unknown,T0000,Unknown Technique,Unknown,Level 2
_result,4,2026-07-31 21:37:43.154390+00:00,2026-08-01 05:23:08.946824+00:00,2026-07-31 23:08:42.333466+00:00,security_metrics,ml_engine,4bc7d549,-0.09075191617012024,0.05122859581664718,1,0.09075191617012024,Unknown,Unknown,T0000,Unknown Technique,Unknown,Level 2
_result,4,2026-07-31 21:37:43.154390+00:00,2026-08-01 05:23:08.946824+00:00,2026-07-31 23:08:58.659535+00:00,security_metrics,ml_engine,4bc7d549,-0.0907500833272934,0.04977881457786126,1,0.0907500833272934,Unknown,Unknown,T0000,Unknown Technique,Unknown,Level 2
_result,4,2026-07-31 21:37:43.154390+00:00,2026-08-01 05:23:08.946824+00:00,2026-07-31 23:09:14.985086+00:00,security_metrics,ml_engine,4bc7d549,-0.090752974152565,0.05443803986272633,1,0.090752974152565,Unknown,Unknown,T0000,Unknown Technique,Unknown,Level 2
_result,4,2026-07-31 21:37:43.154390+00:00,2026-08-01 05:23:08.946824+00:00,2026-07-31 23:09:31.336548+00:00,security_metrics,ml_engine,4bc7d549,-0.09075067192316055,0.0335425718112079,1,0.09075067192316055,Unknown,Unknown,T0000,Unknown Technique,Unknown,Level 2
_result,4,2026-07-31 21:37:43.154390+00:00,2026-08-01 05:23:08.946824+00:00,2026-07-31 23:09:47.793687+00:00,security_metrics,ml_engine,4bc7d549,-0.09075458347797394,0.04932050601411342,1,0.09075458347797394,Unknown,Unknown,T0000,Unknown Technique,Unknown,Level 2
_result,4,2026-07-31 21:37:43.154390+00:00,2026-08-01 05:23:08.946824+00:00,2026-07-31 23:10:04.125464+00:00,security_metrics,ml_engine,4bc7d549,-0.09075702726840973,0.04664691297494228,1,0.09075702726840973,Unknown,Unknown,T0000,Unknown Technique,Unknown,Level 2
_result,4,2026-07-31 21:37:43.154390+00:00,2026-08-01 05:23:08.946824+00:00,2026-07-31 23:10:20.464261+00:00,security_metrics,ml_engine,4bc7d549,-0.09075162559747696,0.05443803986272633,1,0.09075162559747696,Unknown,Unknown,T0000,Unknown Technique,Unknown,Level 2
_result,4,2026-07-31 21:37:43.154390+00:00,2026-08-01 05:23:08.946824+00:00,2026-07-31 23:10:36.820189+00:00,security_metrics,ml_engine,4bc7d549,-0.09075158089399338,0.04788818960682939,1,0.09075158089399338,Unknown,Unknown,T0000,Unknown Technique,Unknown,Level 2
_result,4,2026-07-31 21:37:43.154390+00:00,2026-08-01 05:23:08.946824+00:00,2026-07-31 23:10:53.282012+00:00,security_metrics,ml_engine,4bc7d549,-0.09075293689966202,0.05087365271017963,1,0.09075293689966202,Unknown,Unknown,T0000,Unknown Technique,Unknown,Level 2
_result,4,2026-07-31 21:37:43.154390+00:00,2026-08-01 05:23:08.946824+00:00,2026-07-31 23:11:09.658248+00:00,security_metrics,ml_engine,4bc7d549,-0.09075376391410828,0.0499015839464616,1,0.09075376391410828,Unknown,Unknown,T0000,Unknown Technique,Unknown,Level 2
_result,4,2026-07-31 21:37:43.154390+00:00,2026-08-01 05:23:08.946824+00:00,2026-07-31 23:11:26.020409+00:00,security_metrics,ml_engine,4bc7d549,-0.09075475484132767,0.02956325700569351,1,0.09075475484132767,Unknown,Unknown,T0000,Unknown Technique,Unknown,Level 2
_result,4,2026-07-31 21:37:43.154390+00:00,2026-08-01 05:23:08.946824+00:00,2026-07-31 23:11:42.367491+00:00,security_metrics,ml_engine,4bc7d549,-0.09075124561786652,0.047739391562885536,1,0.09075124561786652,Unknown,Unknown,T0000,Unknown Technique,Unknown,Level 2
_result,4,2026-07-31 21:37:43.154390+00:00,2026-08-01 05:23:08.946824+00:00,2026-07-31 23:11:58.837478+00:00,security_metrics,ml_engine,4bc7d549,-0.09075365960597992,0.05443803986272633,1,0.09075365960597992,Unknown,Unknown,T0000,Unknown Technique,Unknown,Level 2
_result,4,2026-07-31 21:37:43.154390+00:00,2026-08-01 05:23:08.946824+00:00,2026-07-31 23:12:15.198258+00:00,security_metrics,ml_engine,4bc7d549,-0.15191000699996948,-0.017310289785843813,1,0.15191000699996948,Unknown,Unknown,T0000,Unknown Technique,Unknown,Level 2
_result,4,2026-07-31 21:37:43.154390+00:00,2026-08-01 05:23:08.946824+00:00,2026-07-31 23:19:55.490086+00:00,security_metrics,ml_engine,4bc7d549,-0.14910025894641876,0.07770407632777687,1,0.14910025894641876,Unknown,Unknown,T0000,Unknown Technique,Unknown,Level 2
_result,4,2026-07-31 21:37:43.154390+00:00,2026-08-01 05:23:08.946824+00:00,2026-07-31 23:20:11.925756+00:00,security_metrics,ml_engine,4bc7d549,-0.1290452629327774,0.04052734640276967,1,0.1290452629327774,Unknown,Unknown,T0000,Unknown Technique,Unknown,Level 2
_result,4,2026-07-31 21:37:43.154390+00:00,2026-08-01 05:23:08.946824+00:00,2026-07-31 23:20:28.369605+00:00,security_metrics,ml_engine,4bc7d549,-0.14647339284420013,0.19971581103770203,1,0.14647339284420013,Unknown,Unknown,T0000,Unknown Technique,Unknown,Level 2
_result,4,2026-07-31 21:37:43.154390+00:00,2026-08-01 05:23:08.946824+00:00,2026-08-01 01:24:22.576398+00:00,security_metrics,ml_engine,4bc7d549,-0.09237682074308395,0.10766219028667534,1,0.09237682074308395,Unknown,Unknown,T0000,Unknown Technique,Unknown,Level 2
